1,平成27年国勢調査就業状態等基本集計（総務省統計局）,,,,,,,,,,,,,,,,,,,,,,,,,,,,,,,,,,,,
2,,,,,第3-2表　従業上の地位(8区分)，男女別15歳以上就業者数 － 全国，都道府県，市区町村 ,,,,,,,,,,,,,,,,,,,,,,,,,,,,,,,,
3,,,,,"Table 3-2. Employed Persons 15 Years of Age and Over, by Employment Status (8 Groups) and Sex - Japan, Prefectures, Shi, Ku, Machi and Mura ",,,,,,,,,,,,,,,,,,,,,,,,,,,,,,,,
4,,,,,,,,,,,,,,,,,,,,,,,,,,,,,,,,,,,,,
5,,,,,danjo.0000,danjo.0000,danjo.0000,danjo.0000,danjo.0000,danjo.0000,danjo.0000,danjo.0000,danjo.0000,danjo.0000,danjo.0000,danjo.0001,danjo.0001,danjo.0001,danjo.0001,danjo.0001,danjo.0001,danjo.0001,danjo.0001,danjo.0001,danjo.0001,danjo.0001,danjo.0002,danjo.0002,danjo.0002,danjo.0002,danjo.0002,danjo.0002,danjo.0002,danjo.0002,danjo.0002,danjo.0002,danjo.0002
6,,,,,0,0,0,0,0,0,0,0,0,0,0,1,1,1,1,1,1,1,1,1,1,1,1,1,1,1,1,1,1,1,1,1,1
7,,,,,tii8.0000,tii8.0001,tii8.0002,tii8.0003,tii8.0004,tii8.0005,tii8.0006,tii8.0007,tii8.0008,tii8.0009,tii8.0010,tii8.0000,tii8.0001,tii8.0002,tii8.0003,tii8.0004,tii8.0005,tii8.0006,tii8.0007,tii8.0008,tii8.0009,tii8.0010,tii8.0000,tii8.0001,tii8.0002,tii8.0003,tii8.0004,tii8.0005,tii8.0006,tii8.0007,tii8.0008,tii8.0009,tii8.0010
8,,,,,0,1,2,2,2,1,1,1,1,1,1,0,1,2,2,2,1,1,1,1,1,1,0,1,2,2,2,1,1,1,1,1,1
9,,,,,総数（男女別）,,,,,,,,,,,男,,,,,,,,,,,女,,,,,,,,,,
10,※大項目,地域コード,地域識別コード,,総数（従業上の地位）,雇用者,（雇用者）正規の職員・従業員,（雇用者）労働者派遣事業所の派遣社員,（雇用者）パート・アルバイト・その他,役員,雇人のある業主,雇人のない業主,家族従業者,家庭内職者,従業上の地位「不詳」,総数（従業上の地位）,雇用者,（雇用者）正規の職員・従業員,（雇用者）労働者派遣事業所の派遣社員,（雇用者）パート・アルバイト・その他,役員,雇人のある業主,雇人のない業主,家族従業者,家庭内職者,従業上の地位「不詳」,総数（従業上の地位）,雇用者,（雇用者）正規の職員・従業員,（雇用者）労働者派遣事業所の派遣社員,（雇用者）パート・アルバイト・その他,役員,雇人のある業主,雇人のない業主,家族従業者,家庭内職者,従業上の地位「不詳」
11,,0,a,全国,58919036,46605130,30333371,1543683,14728076,2883844,1154651,3942215,1947053,99608,2286535,33077703,25161767,20585204,660120,3916443,2179507,952268,2982708,412763,11651,1377039,25841333,21443363,9748167,883563,10811633,704337,202383,959507,1534290,87957,909496
12,,1000,a,北海道,2435098,1908362,1197435,49509,661418,123311,49460,145161,97755,1552,109497,1348044,1014703,820605,20407,173691,94901,40999,108406,23683,149,65203,1087054,893659,376830,29102,487727,28410,8461,36755,74072,1403,44294
13,,1100,1,札幌市,844313,675398,420944,23390,231064,44420,11380,39606,9624,542,63343,460571,350931,281071,7978,61882,34765,9096,27445,1507,43,36784,383742,324467,139873,15412,169182,9655,2284,12161,8117,499,26559
14,,1101,0,札幌市 中央区,102279,74708,50227,2810,21671,7385,2158,4894,1258,51,11825,54121,37536,31052,814,5670,5408,1621,2832,151,9,6564,48158,37172,19175,1996,16001,1977,537,2062,1107,42,5261
15,,1102,0,札幌市 北区,122701,98203,59824,3166,35213,6305,1671,6222,1660,85,8555,67275,51220,40248,1139,9833,5027,1366,4462,284,6,4910,55426,46983,19576,2027,25380,1278,305,1760,1376,79,3645
16,,1103,0,札幌市 東区,114463,92061,56991,3092,31978,5721,1439,5329,1318,86,8509,63154,48059,38422,1048,8589,4508,1178,3951,231,8,5219,51309,44002,18569,2044,23389,1213,261,1378,1087,78,3290
17,,1104,0,札幌市 白石区,93850,74069,45976,2992,25101,4393,1059,4223,938,56,9112,50998,38160,30587,1004,6569,3461,829,3040,150,4,5354,42852,35909,15389,1988,18532,932,230,1183,788,52,3758
18,,1105,0,札幌市 豊平区,96299,76201,47983,3043,25175,4625,1159,4349,922,62,8981,51534,38887,30970,972,6945,3585,904,2864,143,2,5149,44765,37314,17013,2071,18230,1040,255,1485,779,60,3832
19,,1106,0,札幌市 南区,59135,47641,28752,1620,17269,3282,826,3235,804,44,3303,32690,25182,19826,587,4769,2556,678,2247,141,3,1883,26445,22459,8926,1033,12500,726,148,988,663,41,1420
20,,1107,0,札幌市 西区,91945,75066,47996,2385,24685,4624,1228,4332,1011,66,5618,49925,38882,31688,766,6428,3634,1015,3026,140,2,3226,42020,36184,16308,1619,18257,990,213,1306,871,64,2392
21,,1108,0,札幌市 厚別区,55077,47124,28525,1679,16920,2530,576,2122,475,23,2227,30058,24632,19561,613,4458,2064,465,1455,81,4,1357,25019,22492,8964,1066,12462,466,111,667,394,19,870
22,,1109,0,札幌市 手稲区,58860,49727,30249,1431,18047,2662,662,2587,691,45,2486,32913,26650,21263,570,4817,2187,543,1904,111,3,1515,25947,23077,8986,861,13230,475,119,683,580,42,971
23,,1110,0,札幌市 清田区,49704,40598,24421,1172,15005,2893,602,2313,547,24,2727,27903,21723,17454,465,3804,2335,497,1664,75,2,1607,21801,18875,6967,707,11201,558,105,649,472,22,1120
24,,1202,2,函館市,117125,91460,57527,1987,31946,6193,2642,7525,3713,98,5494,62636,46545,37682,811,8052,4516,2121,5502,738,16,3198,54489,44915,19845,1176,23894,1677,521,2023,2975,82,2296
25,,1203,2,小樽市,51317,41823,25424,836,15563,2905,931,3069,1108,66,1415,27330,21147,16478,355,4314,2230,708,2190,172,4,879,23987,20676,8946,481,11249,675,223,879,936,62,536
26,,1204,2,旭川市,152385,124734,78813,2650,43271,8159,2891,8605,3478,140,4378,82441,64480,52566,1097,10817,6267,2334,6171,626,11,2552,69944,60254,26247,1553,32454,1892,557,2434,2852,129,1826
27,,1205,2,室蘭市,37286,31378,20671,613,10094,1779,680,1645,672,13,1119,22145,18268,15013,309,2946,1361,521,1103,121,1,770,15141,13110,5658,304,7148,418,159,542,551,12,349
28,,1206,2,釧路市,74840,61003,38524,1165,21314,3728,1302,3610,1451,33,3713,41632,32736,26525,510,5701,2875,1030,2464,258,2,2267,33208,28267,11999,655,15613,853,272,1146,1193,31,1446
29,,1207,2,帯広市,79840,62546,39628,2010,20908,4524,1608,4218,2518,71,4355,44102,33282,27216,963,5103,3262,1325,3053,558,10,2612,35738,29264,12412,1047,15805,1262,283,1165,1960,61,1743
30,,1208,2,北見市,55971,42634,26520,1011,15103,2957,1314,3172,2460,57,3377,31001,22559,18042,447,4070,2293,1109,2380,609,9,2042,24970,20075,8478,564,11033,664,205,792,1851,48,1335
31,,1209,2,夕張市,3721,2811,1683,42,1086,170,153,283,289,2,13,2049,1537,1153,28,356,133,133,158,79,1,8,1672,1274,530,14,730,37,20,125,210,1,5
32,,1210,2,岩見沢市,37845,29937,18622,845,10470,1863,757,2438,1889,15,946,20877,15962,12744,422,2796,1402,606,1845,474,3,585,16968,13975,5878,423,7674,461,151,593,1415,12,361
33,,1211,2,網走市,17955,13914,8894,226,4794,913,465,1095,1029,15,524,10232,7639,6300,126,1213,705,385,855,293,3,352,7723,6275,2594,100,3581,208,80,240,736,12,172
34,,1212,2,留萌市,10813,9179,6084,93,3002,553,200,535,300,2,44,6173,5154,4408,43,703,439,159,349,46,-,26,4640,4025,1676,50,2299,114,41,186,254,2,18
35,,1213,2,苫小牧市,76793,63477,41004,1820,20653,3424,1132,2976,938,31,4815,45241,36245,30197,1021,5027,2649,884,2020,145,1,3297,31552,27232,10807,799,15626,775,248,956,793,30,1518
36,,1214,2,稚内市,16928,12864,8460,159,4245,971,391,1040,690,5,967,9972,7255,6148,79,1028,777,313,821,187,2,617,6956,5609,2312,80,3217,194,78,219,503,3,350
37,,1215,2,美唄市,10047,7418,4574,191,2653,466,281,890,833,8,151,5539,3925,3061,101,763,357,228,713,221,-,95,4508,3493,1513,90,1890,109,53,177,612,8,56
38,,1216,2,芦別市,6152,4849,3127,63,1659,299,125,447,375,22,35,3283,2515,2018,37,460,230,101,349,65,1,22,2869,2334,1109,26,1199,69,24,98,310,21,13
39,,1217,2,江別市,53086,44684,25875,1373,17436,2308,680,2552,1025,39,1798,29622,23996,18689,554,4753,1899,564,1836,222,3,1102,23464,20688,7186,819,12683,409,116,716,803,36,696
40,,1218,2,赤平市,4474,3572,2244,84,1244,203,58,412,135,20,74,2360,1781,1377,42,362,160,44,308,19,-,48,2114,1791,867,42,882,43,14,104,116,20,26
41,,1219,2,紋別市,11270,8805,5781,149,2875,602,327,697,462,5,372,6212,4663,3896,77,690,437,267,496,113,1,235,5058,4142,1885,72,2185,165,60,201,349,4,137
42,,1220,2,士別市,9507,6728,4303,146,2279,468,273,902,891,8,237,5316,3661,3053,76,532,372,220,708,213,-,142,4191,3067,1250,70,1747,96,53,194,678,8,95
43,,1221,2,名寄市,14377,11220,7484,157,3579,567,362,913,934,2,379,8310,6422,5481,88,853,434,296,693,221,-,244,6067,4798,2003,69,2726,133,66,220,713,2,135
44,,1222,2,三笠市,3400,2803,1664,85,1054,165,69,189,161,1,12,1905,1540,1149,52,339,124,53,142,36,-,10,1495,1263,515,33,715,41,16,47,125,1,2
45,,1223,2,根室市,13876,9745,6484,83,3178,734,590,1032,1577,3,195,7766,5251,4349,43,859,568,521,812,494,-,120,6110,4494,2135,40,2319,166,69,220,1083,3,75
46,,1224,2,千歳市,46015,40093,26211,1189,12693,1299,511,1483,647,24,1958,27907,24173,20077,638,3458,990,380,982,158,2,1222,18108,15920,6134,551,9235,309,131,501,489,22,736
47,,1225,2,滝川市,18850,15268,9690,249,5329,915,366,1083,673,28,517,10458,8186,6699,138,1349,722,283,784,140,2,341,8392,7082,2991,111,3980,193,83,299,533,26,176
48,,1226,2,砂川市,7740,6258,4129,102,2027,408,194,471,276,11,122,4210,3283,2718,59,506,323,152,339,42,-,71,3530,2975,1411,43,1521,85,42,132,234,11,51
49,,1227,2,歌志内市,1306,1148,722,15,411,60,14,62,16,4,2,732,631,478,10,143,49,9,37,4,-,2,574,517,244,5,268,11,5,25,12,4,-
50,,1228,2,深川市,10006,7242,4616,73,2553,506,314,899,956,5,84,5389,3699,2943,45,711,393,258,723,264,-,52,4617,3543,1673,28,1842,113,56,176,692,5,32
51,,1229,2,富良野市,11843,8549,5145,151,3253,501,348,1008,1223,4,210,6354,4434,3529,73,832,378,303,799,310,-,130,5489,4115,1616,78,2421,123,45,209,913,4,80
52,,1230,2,登別市,21048,18038,11636,281,6121,1042,343,872,373,11,369,11957,9986,8353,128,1505,797,267,619,66,-,222,9091,8052,3283,153,4616,245,76,253,307,11,147
53,,1231,2,恵庭市,31646,27393,16613,842,9938,1067,407,1273,578,17,911,18241,15481,12337,434,2710,845,318,889,120,4,584,13405,11912,4276,408,7228,222,89,384,458,13,327
54,,1233,2,伊達市,16124,12770,8175,130,4465,752,431,1218,830,4,119,8632,6579,5321,67,1191,561,377,871,185,-,59,7492,6191,2854,63,3274,191,54,347,645,4,60
55,,1234,2,北広島市,26266,22277,13196,635,8446,1261,337,1395,359,12,625,14823,12001,9475,293,2233,1032,280,1040,70,2,398,11443,10276,3721,342,6213,229,57,355,289,10,227
56,,1235,2,石狩市,26136,20729,11845,585,8299,1443,488,1689,773,22,992,14772,11093,8641,277,2175,1176,411,1329,161,1,601,11364,9636,3204,308,6124,267,77,360,612,21,391
57,,1236,2,北斗市,21715,17492,10752,347,6393,939,527,1288,937,16,516,11734,9073,7472,160,1441,724,454,988,204,2,289,9981,8419,3280,187,4952,215,73,300,733,14,227
58,,1300,c,石狩振興局,9700,6834,3902,179,2753,458,237,952,1046,8,165,5439,3652,2792,79,781,380,215,814,288,1,89,4261,3182,1110,100,1972,78,22,138,758,7,76
59,,1303,3,当別町,8131,6060,3438,168,2454,396,172,746,654,2,101,4591,3256,2489,75,692,334,151,626,165,-,59,3540,2804,949,93,1762,62,21,120,489,2,42
60,,1304,3,新篠津村,1569,774,464,11,299,62,65,206,392,6,64,848,396,303,4,89,46,64,188,123,1,30,721,378,161,7,210,16,1,18,269,5,34
61,,1330,c,渡島総合振興局,43103,31770,19630,439,11701,1978,1694,3268,3964,16,413,23650,16663,13510,214,2939,1445,1500,2620,1179,-,243,19453,15107,6120,225,8762,533,194,648,2785,16,170
62,,1331,3,松前町,3251,2564,1327,23,1214,114,120,299,148,-,6,1704,1224,934,16,274,82,106,236,54,-,2,1547,1340,393,7,940,32,14,63,94,-,4
63,,1332,3,福島町,1886,1396,781,24,591,73,87,178,142,4,6,1017,686,558,10,118,54,78,143,53,-,3,869,710,223,14,473,19,9,35,89,4,3
64,,1333,3,知内町,2441,1781,1100,24,657,80,106,180,285,-,9,1395,1015,846,8,161,62,97,146,70,-,5,1046,766,254,16,496,18,9,34,215,-,4
65,,1334,3,木古内町,2057,1624,1024,15,585,81,69,150,127,-,6,1201,929,753,8,168,62,57,120,29,-,4,856,695,271,7,417,19,12,30,98,-,2
66,,1337,3,七飯町,12436,9809,6059,184,3566,558,363,710,718,6,272,6653,5040,4083,81,876,415,309,553,188,-,148,5783,4769,1976,103,2690,143,54,157,530,6,124
67,,1343,3,鹿部町,2015,1141,664,19,458,82,96,291,398,2,5,1112,568,433,12,123,60,90,271,119,-,4,903,573,231,7,335,22,6,20,279,2,1
68,,1345,3,森町,7841,5390,3317,61,2012,438,341,691,919,1,61,4217,2715,2171,30,514,306,310,548,295,-,43,3624,2675,1146,31,1498,132,31,143,624,1,18
69,,1346,3,八雲町,8571,6186,4212,77,1897,403,393,591,954,2,42,4899,3466,2900,46,520,302,349,466,287,-,29,3672,2720,1312,31,1377,101,44,125,667,2,13
70,,1347,3,長万部町,2605,1879,1146,12,721,149,119,178,273,1,6,1452,1020,832,3,185,102,104,137,84,-,5,1153,859,314,9,536,47,15,41,189,1,1
71,,1360,c,檜山振興局,17971,12589,8125,122,4342,902,590,1975,1772,3,140,10214,6895,5651,62,1182,672,500,1615,453,-,79,7757,5694,2474,60,3160,230,90,360,1319,3,61
72,,1361,3,江差町,3852,2946,2033,31,882,187,120,341,212,2,44,2241,1660,1439,18,203,142,101,265,46,-,27,1611,1286,594,13,679,45,19,76,166,2,17
73,,1362,3,上ノ国町,2154,1607,1041,9,557,138,52,208,126,-,23,1145,821,704,5,112,91,41,150,34,-,8,1009,786,337,4,445,47,11,58,92,-,15
74,,1363,3,厚沢部町,2055,1292,796,19,477,129,89,231,293,-,21,1110,673,532,9,132,87,81,196,61,-,12,945,619,264,10,345,42,8,35,232,-,9
75,,1364,3,乙部町,1761,1380,755,10,615,90,68,123,89,-,11,992,734,501,6,227,70,60,93,27,-,8,769,646,254,4,388,20,8,30,62,-,3
76,,1367,3,奥尻町,1347,991,733,1,257,53,49,170,80,-,4,904,662,589,1,72,46,37,133,22,-,4,443,329,144,-,185,7,12,37,58,-,-
77,,1370,3,今金町,2825,1814,1170,21,623,114,77,356,434,1,29,1568,973,773,13,187,87,69,303,123,-,13,1257,841,397,8,436,27,8,53,311,1,16
78,,1371,3,せたな町,3977,2559,1597,31,931,191,135,546,538,-,8,2254,1372,1113,10,249,149,111,475,140,-,7,1723,1187,484,21,682,42,24,71,398,-,1
79,,1390,c,後志総合振興局,46463,33885,21905,503,11477,2328,1605,3838,4236,13,558,26406,18806,15369,262,3175,1735,1375,3060,1064,4,362,20057,15079,6536,241,8302,593,230,778,3172,9,196
80,,1391,3,島牧村,697,466,314,1,151,24,32,91,82,-,2,426,272,225,-,47,17,26,79,31,-,1,271,194,89,1,104,7,6,12,51,-,1
81,,1392,3,寿都町,1393,1096,769,5,322,97,51,87,58,-,4,776,575,493,3,79,74,41,72,11,-,3,617,521,276,2,243,23,10,15,47,-,1
82,,1393,3,黒松内町,1331,1054,723,6,325,52,29,114,78,-,4,743,571,456,4,111,43,24,85,17,-,3,588,483,267,2,214,9,5,29,61,-,1
83,,1394,3,蘭越町,2388,1539,905,14,620,127,78,281,337,2,24,1351,851,649,9,193,90,67,247,81,2,13,1037,688,256,5,427,37,11,34,256,-,11
84,,1395,3,ニセコ町,2523,1723,1064,33,626,133,75,262,306,1,23,1450,956,725,18,213,104,66,224,84,-,16,1073,767,339,15,413,29,9,38,222,1,7
85,,1396,3,真狩村,1144,671,375,16,280,48,60,108,249,-,8,644,376,268,7,101,35,55,99,75,-,4,500,295,107,9,179,13,5,9,174,-,4
86,,1397,3,留寿都村,1213,827,495,24,308,43,31,114,190,-,8,670,451,335,16,100,30,28,102,55,-,4,543,376,160,8,208,13,3,12,135,-,4
87,,1398,3,喜茂別町,1202,828,495,27,306,49,29,137,148,-,11,686,471,342,15,114,37,26,116,29,-,7,516,357,153,12,192,12,3,21,119,-,4
88,,1399,3,京極町,1546,1105,740,15,350,102,46,119,169,-,5,872,612,520,10,82,75,38,97,46,-,4,674,493,220,5,268,27,8,22,123,-,1
89,,1400,3,倶知安町,7820,6024,4083,77,1864,387,193,498,475,1,242,4628,3523,2991,45,487,282,165,377,120,-,161,3192,2501,1092,32,1377,105,28,121,355,1,81
90,,1401,3,共和町,3496,2439,1772,45,622,125,157,260,503,-,12,2229,1616,1447,20,149,93,149,228,133,-,10,1267,823,325,25,473,32,8,32,370,-,2
91,,1402,3,岩内町,6281,5084,3389,86,1609,434,151,307,204,3,98,3538,2798,2421,39,338,312,115,200,46,1,66,2743,2286,968,47,1271,122,36,107,158,2,32
92,,1403,3,泊村,887,745,529,13,203,26,32,39,40,1,4,565,470,419,5,46,20,31,30,11,1,2,322,275,110,8,157,6,1,9,29,-,2
93,,1404,3,神恵内村,472,362,232,6,124,11,20,49,29,1,-,290,217,181,3,33,10,16,41,6,-,-,182,145,51,3,91,1,4,8,23,1,-
94,,1405,3,積丹町,1043,588,327,6,255,47,60,173,142,-,33,603,305,221,5,79,34,50,153,41,-,20,440,283,106,1,176,13,10,20,101,-,13
95,,1406,3,古平町,1574,1115,698,21,396,72,52,248,78,-,9,866,589,452,6,131,56,42,151,21,-,7,708,526,246,15,265,16,10,97,57,-,2
96,,1407,3,仁木町,1873,1031,683,11,337,90,150,216,374,-,12,913,426,338,4,84,73,136,177,94,-,7,960,605,345,7,253,17,14,39,280,-,5
97,,1408,3,余市町,8938,6755,4076,84,2595,436,336,652,698,3,58,4782,3477,2707,44,726,329,282,508,153,-,33,4156,3278,1369,40,1869,107,54,144,545,3,25
98,,1409,3,赤井川村,642,433,236,13,184,25,23,83,76,1,1,374,250,179,9,62,21,18,74,10,-,1,268,183,57,4,122,4,5,9,66,1,-
99,,1420,c,空知総合振興局,34681,22673,13728,580,8365,1734,1003,3893,4986,18,374,19111,12041,9436,296,2309,1315,887,3310,1330,3,225,15570,10632,4292,284,6056,419,116,583,3656,15,149
100,,1423,3,南幌町,3983,2991,1717,145,1129,174,95,336,314,2,71,2180,1553,1221,67,265,155,79,259,86,-,48,1803,1438,496,78,864,19,16,77,228,2,23
101,,1424,3,奈井江町,2584,1906,1228,34,644,159,59,242,212,1,5,1457,1027,821,23,183,122,51,196,58,-,3,1127,879,407,11,461,37,8,46,154,1,2
102,,1425,3,上砂川町,1157,1009,601,11,397,44,14,54,14,-,22,647,554,423,7,124,28,11,36,2,-,16,510,455,178,4,273,16,3,18,12,-,6
103,,1427,3,由仁町,2760,1597,936,33,628,174,96,366,508,1,18,1505,834,640,14,180,115,89,318,139,-,10,1255,763,296,19,448,59,7,48,369,1,8
104,,1428,3,長沼町,5851,3655,2209,159,1287,320,168,690,950,2,66,3218,1967,1541,71,355,222,139,582,264,1,43,2633,1688,668,88,932,98,29,108,686,1,23
105,,1429,3,栗山町,5847,4128,2535,79,1514,310,170,498,630,4,107,3170,2153,1718,47,388,241,144,418,153,-,61,2677,1975,817,32,1126,69,26,80,477,4,46
106,,1430,3,月形町,1710,1108,715,27,366,78,65,184,252,-,23,979,633,511,16,106,55,62,159,56,-,14,731,475,204,11,260,23,3,25,196,-,9
107,,1431,3,浦臼町,1023,525,315,10,200,47,45,151,240,3,12,571,282,221,6,55,37,45,139,60,2,6,452,243,94,4,145,10,-,12,180,1,6
108,,1432,3,新十津川町,3219,2047,1222,35,790,127,75,442,491,3,34,1752,1069,839,18,212,104,68,370,124,-,17,1467,978,383,17,578,23,7,72,367,3,17
109,,1433,3,妹背牛町,1470,807,481,14,312,76,46,225,310,1,5,826,443,327,11,105,58,40,208,75,-,2,644,364,154,3,207,18,6,17,235,1,3
110,,1434,3,秩父別町,1175,678,416,4,258,47,30,166,249,1,4,643,360,285,-,75,37,30,153,61,-,2,532,318,131,4,183,10,-,13,188,1,2
111,,1436,3,雨竜町,1273,707,448,9,250,71,46,188,259,-,2,701,358,279,6,73,58,44,169,72,-,-,572,349,169,3,177,13,2,19,187,-,2
112,,1437,3,北竜町,995,500,293,8,199,37,21,176,258,-,3,554,261,195,3,63,31,20,161,79,-,2,441,239,98,5,136,6,1,15,179,-,1
113,,1438,3,沼田町,1634,1015,612,12,391,70,73,175,299,-,2,908,547,415,7,125,52,65,142,101,-,1,726,468,197,5,266,18,8,33,198,-,1
114,,1450,c,上川総合振興局,46259,32267,20183,544,11540,2057,1519,4775,5169,29,443,25651,17325,14053,244,3028,1584,1347,3865,1260,1,269,20608,14942,6130,300,8512,473,172,910,3909,28,174
115,,1452,3,鷹栖町,3347,2420,1493,53,874,143,93,326,315,5,45,1783,1208,1007,22,179,115,89,269,74,-,28,1564,1212,486,31,695,28,4,57,241,5,17
116,,1453,3,東神楽町,4999,3891,2481,58,1352,226,126,332,305,2,117,2691,2011,1713,26,272,182,113,257,66,1,61,2308,1880,768,32,1080,44,13,75,239,1,56
117,,1454,3,当麻町,3299,2114,1240,50,824,139,116,477,448,-,5,1758,1063,845,13,205,105,103,393,91,-,3,1541,1051,395,37,619,34,13,84,357,-,2
118,,1455,3,比布町,1937,1364,881,28,455,95,117,225,121,5,10,1074,682,535,13,134,78,109,181,18,-,6,863,682,346,15,321,17,8,44,103,5,4
119,,1456,3,愛別町,1428,1002,598,15,389,104,40,138,126,1,17,772,497,385,6,106,85,37,115,24,-,14,656,505,213,9,283,19,3,23,102,1,3
120,,1457,3,上川町,2077,1699,1018,26,655,111,44,121,102,-,-,1181,953,724,13,216,76,37,94,21,-,-,896,746,294,13,439,35,7,27,81,-,-
121,,1458,3,東川町,3923,2736,1662,44,1030,198,136,434,374,3,42,2105,1380,1089,20,271,152,117,346,84,-,26,1818,1356,573,24,759,46,19,88,290,3,16
122,,1459,3,美瑛町,5206,3285,1911,70,1304,236,214,585,818,2,66,2807,1676,1259,38,379,188,193,484,229,-,37,2399,1609,652,32,925,48,21,101,589,2,29
123,,1460,3,上富良野町,5661,4370,2886,58,1426,202,130,453,457,3,46,3342,2600,2242,37,321,147,101,357,104,-,33,2319,1770,644,21,1105,55,29,96,353,3,13
124,,1461,3,中富良野町,2520,1466,885,15,566,59,102,324,530,4,35,1358,778,621,6,151,45,96,279,140,-,20,1162,688,264,9,415,14,6,45,390,4,15
125,,1462,3,南富良野町,1271,892,577,10,305,55,38,156,126,-,4,735,505,404,5,96,40,35,111,41,-,3,536,387,173,5,209,15,3,45,85,-,1
126,,1463,3,占冠村,743,631,420,7,204,30,19,27,33,1,2,416,349,279,4,66,22,16,21,6,-,2,327,282,141,3,138,8,3,6,27,1,-
127,,1464,3,和寒町,1789,1039,613,23,403,102,62,244,310,1,31,969,533,419,10,104,79,54,206,79,-,18,820,506,194,13,299,23,8,38,231,1,13
128,,1465,3,剣淵町,1808,911,544,30,337,55,62,357,422,1,-,982,475,370,3,102,39,58,301,109,-,-,826,436,174,27,235,16,4,56,313,1,-
129,,1468,3,下川町,1749,1260,836,12,412,90,52,159,184,-,4,1017,737,613,7,117,63,45,119,50,-,3,732,523,223,5,295,27,7,40,134,-,1
130,,1469,3,美深町,2295,1631,1077,21,533,113,72,234,243,-,2,1296,913,745,11,157,87,53,180,61,-,2,999,718,332,10,376,26,19,54,182,-,-
131,,1470,3,音威子府村,424,338,241,5,92,15,7,32,29,-,3,279,229,201,2,26,12,7,23,6,-,2,145,109,40,3,66,3,-,9,23,-,1
132,,1471,3,中川町,989,750,519,7,224,59,14,81,79,1,5,631,482,397,1,84,46,13,66,20,-,4,358,268,122,6,140,13,1,15,59,1,1
133,,1472,3,幌加内町,794,468,301,12,155,25,75,70,147,-,9,455,254,205,7,42,23,71,63,37,-,7,339,214,96,5,113,2,4,7,110,-,2
134,,1480,c,留萌振興局,12937,8739,5444,103,3192,697,465,1355,1424,8,249,7296,4744,3840,45,859,540,389,1099,367,3,154,5641,3995,1604,58,2333,157,76,256,1057,5,95
135,,1481,3,増毛町,2171,1564,899,19,646,115,71,206,199,-,16,1155,771,597,8,166,92,61,169,51,-,11,1016,793,302,11,480,23,10,37,148,-,5
136,,1482,3,小平町,1670,1103,707,9,387,79,59,202,221,2,4,905,578,465,4,109,55,53,158,58,1,2,765,525,242,5,278,24,6,44,163,1,2
137,,1483,3,苫前町,1643,1045,635,8,402,97,64,181,253,-,3,909,554,447,2,105,72,60,152,69,-,2,734,491,188,6,297,25,4,29,184,-,1
138,,1484,3,羽幌町,3579,2432,1518,25,889,212,142,323,273,5,192,2070,1354,1093,14,247,167,111,241,76,1,120,1509,1078,425,11,642,45,31,82,197,4,72
139,,1485,3,初山別村,634,386,258,4,124,28,20,119,79,-,2,361,208,175,4,29,22,16,98,16,-,1,273,178,83,-,95,6,4,21,63,-,1
140,,1486,3,遠別町,1456,1002,613,16,373,77,51,139,165,1,21,826,559,454,5,100,60,42,121,30,1,13,630,443,159,11,273,17,9,18,135,-,8
141,,1487,3,天塩町,1784,1207,814,22,371,89,58,185,234,-,11,1070,720,609,8,103,72,46,160,67,-,5,714,487,205,14,268,17,12,25,167,-,6
142,,1510,c,宗谷総合振興局,17501,11888,7556,171,4161,769,696,1981,2079,5,83,9944,6448,5376,70,1002,603,618,1730,495,-,50,7557,5440,2180,101,3159,166,78,251,1584,5,33
143,,1511,3,猿払村,1568,1035,651,4,380,85,61,190,196,-,1,874,522,443,1,78,68,59,183,42,-,-,694,513,208,3,302,17,2,7,154,-,1
144,,1512,3,浜頓別町,2075,1609,1043,10,556,104,86,123,132,-,21,1152,844,732,4,108,80,72,101,38,-,17,923,765,311,6,448,24,14,22,94,-,4
145,,1513,3,中頓別町,890,650,435,14,201,36,16,84,79,-,25,510,369,301,11,57,28,15,63,22,-,13,380,281,134,3,144,8,1,21,57,-,12
146,,1514,3,枝幸町,4565,3201,2027,34,1140,228,168,407,553,3,5,2481,1645,1412,11,222,179,143,340,170,-,4,2084,1556,615,23,918,49,25,67,383,3,1
147,,1516,3,豊富町,2188,1487,951,35,501,101,73,231,294,-,2,1291,849,681,16,152,82,65,195,98,-,2,897,638,270,19,349,19,8,36,196,-,-
148,,1517,3,礼文町,1798,1020,615,14,391,53,95,318,309,-,3,1048,576,462,3,111,39,86,294,50,-,3,750,444,153,11,280,14,9,24,259,-,-
149,,1518,3,利尻町,1407,888,538,21,329,40,88,215,176,-,-,807,498,385,8,105,33,82,189,5,-,-,600,390,153,13,224,7,6,26,171,-,-
150,,1519,3,利尻富士町,1619,985,583,21,381,80,87,258,201,-,8,923,510,402,7,101,60,78,243,27,-,5,696,475,181,14,280,20,9,15,174,-,3
151,,1520,3,幌延町,1391,1013,713,18,282,42,22,155,139,2,18,858,635,558,9,68,34,18,122,43,-,6,533,378,155,9,214,8,4,33,96,2,12
152,,1540,c,オホーツク総合振興局,55328,38877,25075,625,13177,2792,1835,4612,6749,28,435,31110,21258,17472,299,3487,2170,1597,3803,1994,5,283,24218,17619,7603,326,9690,622,238,809,4755,23,152
153,,1543,3,美幌町,9942,7528,4796,158,2574,462,274,703,811,6,158,5608,4154,3401,95,658,350,220,542,227,-,115,4334,3374,1395,63,1916,112,54,161,584,6,43
154,,1544,3,津別町,2325,1691,1123,35,533,143,63,182,242,3,1,1356,974,779,25,170,119,51,152,59,-,1,969,717,344,10,363,24,12,30,183,3,-
155,,1545,3,斜里町,6579,4852,2963,86,1803,401,200,491,626,-,9,3853,2773,2182,36,555,317,175,401,182,-,5,2726,2079,781,50,1248,84,25,90,444,-,4
156,,1546,3,清里町,2112,1231,795,24,412,83,80,234,461,1,22,1192,678,551,15,112,72,71,205,150,-,16,920,553,244,9,300,11,9,29,311,1,6
157,,1547,3,小清水町,2724,1584,1014,24,546,153,108,309,553,-,17,1481,807,673,8,126,121,97,272,171,-,13,1243,777,341,16,420,32,11,37,382,-,4
158,,1549,3,訓子府町,2681,1481,886,24,571,94,104,346,649,1,6,1430,741,589,13,139,78,93,314,199,-,5,1251,740,297,11,432,16,11,32,450,1,1
159,,1550,3,置戸町,1487,953,585,-,368,76,53,148,256,1,-,793,481,360,-,121,54,49,126,82,1,-,694,472,225,-,247,22,4,22,174,-,-
160,,1552,3,佐呂間町,2767,1828,1070,75,683,136,112,240,421,-,30,1472,913,740,17,156,111,104,210,119,-,15,1295,915,330,58,527,25,8,30,302,-,15
161,,1555,3,遠軽町,9676,8024,5375,67,2582,451,224,531,348,9,89,5574,4526,3822,39,665,354,174,373,84,3,60,4102,3498,1553,28,1917,97,50,158,264,6,29
162,,1559,3,湧別町,4775,2936,1898,30,1008,221,181,500,902,1,34,2610,1543,1282,12,249,156,166,441,290,-,14,2165,1393,616,18,759,65,15,59,612,1,20
163,,1560,3,滝上町,1273,958,622,7,329,83,33,94,103,-,2,717,525,420,5,100,63,30,73,26,-,-,556,433,202,2,229,20,3,21,77,-,2
164,,1561,3,興部町,2088,1470,978,32,460,111,118,142,217,2,28,1198,815,689,7,119,84,102,114,69,-,14,890,655,289,25,341,27,16,28,148,2,14
165,,1562,3,西興部村,551,431,290,6,135,25,14,51,29,-,1,316,238,201,3,34,20,13,36,9,-,-,235,193,89,3,101,5,1,15,20,-,1
166,,1563,3,雄武町,2524,1750,1279,18,453,137,134,175,322,-,6,1379,915,815,4,96,105,125,140,90,-,4,1145,835,464,14,357,32,9,35,232,-,2
167,,1564,3,大空町,3824,2160,1401,39,720,216,137,466,809,4,32,2131,1175,968,20,187,166,127,404,237,1,21,1693,985,433,19,533,50,10,62,572,3,11
168,,1570,c,胆振総合振興局,26102,19035,11644,363,7028,1333,836,2328,2310,7,253,14682,10442,8288,196,1958,976,704,1819,587,5,149,11420,8593,3356,167,5070,357,132,509,1723,2,104
169,,1571,3,豊浦町,2060,1452,917,23,512,108,87,165,242,-,6,1121,757,605,16,136,83,79,122,76,-,4,939,695,312,7,376,25,8,43,166,-,2
170,,1575,3,壮瞥町,1390,914,587,20,307,80,55,139,185,-,17,744,466,378,10,78,59,44,119,48,-,8,646,448,209,10,229,21,11,20,137,-,9
171,,1578,3,白老町,7037,5641,3316,111,2214,388,205,477,237,2,87,3952,3053,2403,56,594,281,167,339,56,2,54,3085,2588,913,55,1620,107,38,138,181,-,33
172,,1581,3,厚真町,2787,1776,1160,37,579,137,83,377,397,3,14,1681,1104,894,24,186,103,73,313,81,1,6,1106,672,266,13,393,34,10,64,316,2,8
173,,1584,3,洞爺湖町,4337,3189,1971,51,1167,205,125,389,349,1,79,2271,1588,1248,22,318,157,102,285,94,1,44,2066,1601,723,29,849,48,23,104,255,-,35
174,,1585,3,安平町,4006,3059,1851,73,1135,187,89,328,319,-,24,2358,1793,1434,38,321,137,77,262,76,-,13,1648,1266,417,35,814,50,12,66,243,-,11
175,,1586,3,むかわ町,4485,3004,1842,48,1114,228,192,453,581,1,26,2555,1681,1326,30,325,156,162,379,156,1,20,1930,1323,516,18,789,72,30,74,425,-,6
176,,1600,c,日高振興局,35528,25243,16768,231,8244,1977,1251,3309,3519,14,215,20651,14488,12195,117,2176,1460,1112,2661,795,-,135,14877,10755,4573,114,6068,517,139,648,2724,14,80
177,,1601,3,日高町,6591,4887,3336,34,1517,346,225,539,565,1,28,3919,2882,2464,21,397,262,203,439,119,-,14,2672,2005,872,13,1120,84,22,100,446,1,14
178,,1602,3,平取町,2842,1880,1179,37,664,115,127,296,406,-,18,1637,1069,859,13,197,94,121,254,89,-,10,1205,811,320,24,467,21,6,42,317,-,8
179,,1604,3,新冠町,2934,2030,1293,6,731,201,120,281,289,2,11,1697,1139,930,3,206,140,109,231,71,-,7,1237,891,363,3,525,61,11,50,218,2,4
180,,1607,3,浦河町,6739,5147,3526,39,1582,396,212,513,454,8,9,3933,2962,2547,19,396,309,182,392,82,-,6,2806,2185,979,20,1186,87,30,121,372,8,3
181,,1608,3,様似町,2325,1554,952,18,584,152,93,241,260,1,24,1339,885,712,13,160,109,86,188,55,-,16,986,669,240,5,424,43,7,53,205,1,8
182,,1609,3,えりも町,2839,1389,950,47,392,95,122,495,728,-,10,1680,860,737,23,100,78,118,437,184,-,3,1159,529,213,24,292,17,4,58,544,-,7
183,,1610,3,新ひだか町,11258,8356,5532,50,2774,672,352,944,817,2,115,6446,4691,3946,25,720,468,293,720,195,-,79,4812,3665,1586,25,2054,204,59,224,622,2,36
184,,1630,c,十勝総合振興局,87807,62244,39281,1489,21474,4463,2559,7279,9693,29,1540,48407,33038,27045,734,5259,3340,2246,6048,2826,3,906,39400,29206,12236,755,16215,1123,313,1231,6867,26,634
185,,1631,3,音更町,21432,16573,10353,541,5679,943,474,1357,1421,7,657,11522,8514,7043,248,1223,728,402,1097,407,-,374,9910,8059,3310,293,4456,215,72,260,1014,7,283
186,,1632,3,士幌町,3341,1980,1283,71,626,151,101,378,724,2,5,1818,1028,855,32,141,115,97,343,233,1,1,1523,952,428,39,485,36,4,35,491,1,4
187,,1633,3,上士幌町,2478,1671,1089,28,554,161,93,214,324,-,15,1386,914,737,17,160,112,80,182,88,-,10,1092,757,352,11,394,49,13,32,236,-,5
188,,1634,3,鹿追町,3013,2030,1298,32,700,150,135,210,469,-,19,1684,1110,915,21,174,115,121,184,140,-,14,1329,920,383,11,526,35,14,26,329,-,5
189,,1635,3,新得町,3298,2514,1614,50,850,204,60,325,181,1,13,1921,1405,1132,25,248,151,50,261,44,1,9,1377,1109,482,25,602,53,10,64,137,-,4
190,,1636,3,清水町,4752,3150,1967,80,1103,250,137,479,666,1,69,2629,1692,1358,41,293,178,125,400,192,-,42,2123,1458,609,39,810,72,12,79,474,1,27
191,,1637,3,芽室町,9475,6299,3949,168,2182,430,275,841,1276,3,351,5114,3272,2748,77,447,326,235,697,392,-,192,4361,3027,1201,91,1735,104,40,144,884,3,159
192,,1638,3,中札内村,2109,1478,967,16,495,137,59,176,253,-,6,1147,769,632,9,128,100,52,142,79,-,5,962,709,335,7,367,37,7,34,174,-,1
193,,1639,3,更別村,1843,1034,669,15,350,79,61,205,459,-,5,1018,569,465,9,95,50,57,194,143,-,5,825,465,204,6,255,29,4,11,316,-,-
194,,1641,3,大樹町,3106,2223,1431,40,752,170,90,253,338,2,30,1766,1215,976,27,212,125,76,218,111,-,21,1340,1008,455,13,540,45,14,35,227,2,9
195,,1642,3,広尾町,3564,2495,1622,40,833,243,143,294,343,1,45,2040,1388,1166,19,203,181,124,231,85,-,31,1524,1107,456,21,630,62,19,63,258,1,14
196,,1643,3,幕別町,13177,10063,6229,225,3609,658,322,893,1093,6,142,7130,5226,4252,116,858,501,289,727,305,1,81,6047,4837,1977,109,2751,157,33,166,788,5,61
197,,1644,3,池田町,3250,2153,1279,34,840,146,111,363,438,1,38,1802,1143,869,19,255,108,100,296,131,-,24,1448,1010,410,15,585,38,11,67,307,1,14
198,,1645,3,豊頃町,1748,1011,646,16,349,110,94,176,351,-,6,993,550,450,6,94,87,91,149,113,-,3,755,461,196,10,255,23,3,27,238,-,3
199,,1646,3,本別町,3818,2516,1614,33,869,208,124,397,542,2,29,2165,1397,1129,17,251,153,112,330,157,-,16,1653,1119,485,16,618,55,12,67,385,2,13
200,,1647,3,足寄町,3516,2493,1630,30,833,210,149,308,314,2,40,2014,1387,1123,18,246,153,121,248,76,-,29,1502,1106,507,12,587,57,28,60,238,2,11
201,,1648,3,陸別町,1254,908,628,6,274,85,24,129,97,1,10,759,534,458,3,73,61,21,112,24,-,7,495,374,170,3,201,24,3,17,73,1,3
202,,1649,3,浦幌町,2633,1653,1013,64,576,128,107,281,404,-,60,1499,925,737,30,158,96,93,237,106,-,42,1134,728,276,34,418,32,14,44,298,-,18
203,,1660,c,釧路総合振興局,32460,22941,14644,266,8031,1642,1119,2851,3620,14,273,17899,12183,10009,148,2026,1222,982,2381,964,-,167,14561,10758,4635,118,6005,420,137,470,2656,14,106
204,,1661,3,釧路町,10145,8184,5350,129,2705,425,289,563,509,7,168,5625,4355,3646,65,644,341,252,447,132,-,98,4520,3829,1704,64,2061,84,37,116,377,7,70
205,,1662,3,厚岸町,5535,3585,2234,19,1332,299,246,541,827,-,37,3002,1860,1502,14,344,218,221,463,211,-,29,2533,1725,732,5,988,81,25,78,616,-,8
206,,1663,3,浜中町,3745,1752,1116,17,619,151,194,605,1034,1,8,2056,937,792,13,132,106,182,555,273,-,3,1689,815,324,4,487,45,12,50,761,1,5
207,,1664,3,標茶町,3953,2606,1714,23,869,201,126,409,589,-,22,2192,1397,1160,18,219,149,106,355,169,-,16,1761,1209,554,5,650,52,20,54,420,-,6
208,,1665,3,弟子屈町,3958,2846,1755,25,1066,257,94,402,338,5,16,2179,1518,1191,12,315,180,78,307,87,-,9,1779,1328,564,13,751,77,16,95,251,5,7
209,,1667,3,鶴居村,1230,869,556,10,303,72,39,101,142,-,7,716,494,385,3,106,60,34,82,42,-,4,514,375,171,7,197,12,5,19,100,-,3
210,,1668,3,白糠町,3894,3099,1919,43,1137,237,131,230,181,1,15,2129,1622,1333,23,266,168,109,172,50,-,8,1765,1477,586,20,871,69,22,58,131,1,7
211,,1690,c,根室振興局,27242,19138,12486,117,6535,1617,1160,2153,2995,4,175,15660,10607,8910,60,1637,1214,1017,1768,940,-,114,11582,8531,3576,57,4898,403,143,385,2055,4,61
212,,1691,3,別海町,8507,5126,3309,53,1764,470,362,1020,1446,2,81,4950,2815,2300,29,486,353,331,910,486,-,55,3557,2311,1009,24,1278,117,31,110,960,2,26
213,,1692,3,中標津町,12615,9929,6615,43,3271,675,313,808,812,1,77,7141,5493,4740,17,736,509,253,612,225,-,49,5474,4436,1875,26,2535,166,60,196,587,1,28
214,,1693,3,標津町,2899,1920,1148,6,766,174,298,125,380,-,2,1665,1066,844,4,218,137,264,79,119,-,-,1234,854,304,2,548,37,34,46,261,-,2
215,,1694,3,羅臼町,3221,2163,1414,15,734,298,187,200,357,1,15,1904,1233,1026,10,197,215,169,167,110,-,10,1317,930,388,5,537,83,18,33,247,1,5
216,,2000,a,青森県,625970,471986,320839,9464,141683,23800,16966,53327,44643,904,14344,339392,248547,208750,4234,35563,17216,14051,40342,10943,54,8239,286578,223439,112089,5230,106120,6584,2915,12985,33700,850,6105
217,,2201,2,青森市,130968,107198,71856,1998,33344,5328,2717,7619,4165,125,3816,70669,56078,46835,766,8477,3903,2212,5310,929,8,2229,60299,51120,25021,1232,24867,1425,505,2309,3236,117,1587
218,,2202,2,弘前市,85719,60182,40186,1384,18612,3159,2931,7620,7921,145,3761,44465,30087,24531,649,4907,2255,2425,5526,2106,16,2050,41254,30095,15655,735,13705,904,506,2094,5815,129,1711
219,,2203,2,八戸市,108032,89982,62191,1842,25949,5061,2064,5871,2899,126,2029,59622,48606,41607,819,6180,3647,1582,4023,581,6,1177,48410,41376,20584,1023,19769,1414,482,1848,2318,120,852
220,,2204,2,黒石市,17552,12748,8715,317,3716,574,497,1835,1579,44,275,9125,6287,5208,160,919,422,419,1430,412,1,154,8427,6461,3507,157,2797,152,78,405,1167,43,121
221,,2205,2,五所川原市,26206,18667,12528,416,5723,1085,823,2779,2185,56,611,13666,9206,7742,187,1277,745,662,2161,547,3,342,12540,9461,4786,229,4446,340,161,618,1638,53,269
222,,2206,2,十和田市,31098,23089,15816,430,6843,1340,770,2743,2103,58,995,16671,12082,10178,186,1718,969,624,2006,425,4,561,14427,11007,5638,244,5125,371,146,737,1678,54,434
223,,2207,2,三沢市,19625,15732,11373,314,4045,711,407,1126,801,25,823,11361,9122,8087,138,897,491,319,732,185,1,511,8264,6610,3286,176,3148,220,88,394,616,24,312
224,,2208,2,むつ市,26565,21784,14593,288,6903,904,698,1623,949,30,577,15388,12475,10583,182,1710,649,551,1112,235,-,366,11177,9309,4010,106,5193,255,147,511,714,30,211
225,,2209,2,つがる市,15881,9576,6300,207,3069,420,564,2424,2561,32,304,8532,4785,3898,104,783,310,508,2114,653,2,160,7349,4791,2402,103,2286,110,56,310,1908,30,144
226,,2210,2,平川市,16331,10991,7524,272,3195,445,550,2119,2123,18,85,8519,5415,4462,138,815,334,473,1696,556,1,44,7812,5576,3062,134,2380,111,77,423,1567,17,41
227,,2301,3,平内町,5745,3600,2355,75,1170,151,256,722,980,5,31,3050,1796,1463,28,305,110,235,619,274,1,15,2695,1804,892,47,865,41,21,103,706,4,16
228,,2303,3,今別町,1081,757,510,12,235,42,30,168,78,1,5,646,421,325,8,88,33,24,146,19,-,3,435,336,185,4,147,9,6,22,59,1,2
229,,2304,3,蓬田村,1411,913,628,8,277,27,78,176,211,4,2,765,458,364,4,90,22,71,156,57,-,1,646,455,264,4,187,5,7,20,154,4,1
230,,2307,3,外ヶ浜町,2597,1728,1071,11,646,87,147,326,304,2,3,1476,911,698,3,210,59,137,272,95,-,2,1121,817,373,8,436,28,10,54,209,2,1
231,,2321,3,鰺ヶ沢町,4672,3162,2016,47,1099,129,214,563,594,2,8,2480,1594,1277,29,288,106,176,436,163,-,5,2192,1568,739,18,811,23,38,127,431,2,3
232,,2323,3,深浦町,3670,2435,1577,26,832,139,131,614,340,5,6,2091,1276,1012,5,259,96,119,495,102,-,3,1579,1159,565,21,573,43,12,119,238,5,3
233,,2343,3,西目屋村,806,554,387,8,159,23,16,111,102,-,-,476,327,278,2,47,18,16,94,21,-,-,330,227,109,6,112,5,-,17,81,-,-
234,,2361,3,藤崎町,8054,5517,3788,127,1602,211,326,889,1032,18,61,4181,2730,2283,63,384,147,277,747,249,-,31,3873,2787,1505,64,1218,64,49,142,783,18,30
235,,2362,3,大鰐町,4783,3294,2143,57,1094,125,182,584,573,6,19,2521,1656,1323,29,304,96,148,469,142,-,10,2262,1638,820,28,790,29,34,115,431,6,9
236,,2367,3,田舎館村,4049,2862,2028,64,770,112,115,511,431,7,11,2164,1470,1208,37,225,86,100,408,92,-,8,1885,1392,820,27,545,26,15,103,339,7,3
237,,2381,3,板柳町,7897,4297,2827,93,1377,206,480,1297,1601,5,11,4065,2114,1695,46,373,142,420,1027,356,-,6,3832,2183,1132,47,1004,64,60,270,1245,5,5
238,,2384,3,鶴田町,7096,4160,2709,98,1353,180,348,1066,1316,14,12,3776,2094,1698,46,350,129,310,907,328,-,8,3320,2066,1011,52,1003,51,38,159,988,14,4
239,,2387,3,中泊町,4744,3034,2181,60,793,182,188,749,499,17,75,2753,1611,1394,24,193,138,163,643,158,1,39,1991,1423,787,36,600,44,25,106,341,16,36
240,,2401,3,野辺地町,6284,5103,3402,85,1616,230,194,392,311,10,44,3407,2729,2300,37,392,164,153,266,69,-,26,2877,2374,1102,48,1224,66,41,126,242,10,18
241,,2402,3,七戸町,7894,5602,3892,142,1568,281,210,933,770,28,70,4248,2917,2434,78,405,205,180,733,169,2,42,3646,2685,1458,64,1163,76,30,200,601,26,28
242,,2405,3,六戸町,5378,3827,2647,94,1086,202,165,562,584,6,32,2942,2061,1768,34,259,137,142,451,133,-,18,2436,1766,879,60,827,65,23,111,451,6,14
243,,2406,3,横浜町,2308,1556,1045,23,488,57,80,271,323,2,19,1347,906,741,16,149,41,71,221,93,-,15,961,650,304,7,339,16,9,50,230,2,4
244,,2408,3,東北町,9004,6069,4314,109,1646,306,255,1058,1205,21,90,4897,3226,2806,41,379,223,215,878,298,1,56,4107,2843,1508,68,1267,83,40,180,907,20,34
245,,2411,3,六ヶ所村,6095,5069,4025,93,951,244,108,313,326,1,34,3986,3320,3089,32,199,187,95,261,97,-,26,2109,1749,936,61,752,57,13,52,229,1,8
246,,2412,3,おいらせ町,12060,9878,6711,245,2922,350,269,753,579,23,208,6533,5244,4510,103,631,259,222,532,154,-,122,5527,4634,2201,142,2291,91,47,221,425,23,86
247,,2423,3,大間町,2569,1678,1149,11,518,88,80,441,256,-,26,1627,978,841,7,130,65,71,395,101,-,17,942,700,308,4,388,23,9,46,155,-,9
248,,2424,3,東通村,3466,2477,1798,25,654,78,83,483,335,-,10,2234,1573,1410,19,144,63,77,397,117,-,7,1232,904,388,6,510,15,6,86,218,-,3
249,,2425,3,風間浦村,955,651,397,5,249,40,29,153,79,1,2,561,344,279,2,63,26,28,134,27,-,2,394,307,118,3,186,14,1,19,52,1,-
250,,2426,3,佐井村,973,622,410,5,207,29,30,145,129,2,16,597,359,289,3,67,22,26,128,48,1,13,376,263,121,2,140,7,4,17,81,1,3
251,,2441,3,三戸町,5112,3036,2119,82,835,186,212,676,944,17,41,2727,1576,1331,29,216,139,179,555,252,1,25,2385,1460,788,53,619,47,33,121,692,16,16
252,,2442,3,五戸町,9036,6225,4320,111,1794,317,188,1196,1057,17,36,4868,3292,2768,48,476,245,159,949,203,1,19,4168,2933,1552,63,1318,72,29,247,854,16,17
253,,2443,3,田子町,2997,1774,1253,24,497,118,103,405,580,12,5,1563,908,765,9,134,80,91,336,143,2,3,1434,866,488,15,363,38,12,69,437,10,2
254,,2445,3,南部町,9370,6069,4127,118,1824,355,258,1352,1256,5,75,4988,3182,2599,54,529,248,219,1057,231,-,51,4382,2887,1528,64,1295,107,39,295,1025,5,24
255,,2446,3,階上町,6480,5400,3477,125,1798,246,120,378,208,14,114,3641,2951,2374,64,513,180,105,294,38,2,71,2839,2449,1103,61,1285,66,15,84,170,12,43
256,,2450,3,新郷村,1407,688,451,13,224,32,50,281,354,-,2,764,380,297,5,78,25,47,226,85,-,1,643,308,154,8,146,7,3,55,269,-,1
257,,3000,a,岩手県,636329,499851,341077,11300,147474,24520,12773,55426,37579,912,5268,354010,271530,226209,5536,39785,18242,10499,42442,8025,78,3194,282319,228321,114868,5764,107689,6278,2274,12984,29554,834,2074
258,,3201,2,盛岡市,143723,120167,81138,2756,36273,6365,2607,8186,4199,119,2080,77863,63289,53079,1019,9191,4740,2088,5662,866,11,1207,65860,56878,28059,1737,27082,1625,519,2524,3333,108,873
259,,3202,2,宮古市,26507,21027,14814,329,5884,1020,621,2097,1411,39,292,15575,12193,10321,162,1710,747,525,1584,333,2,191,10932,8834,4493,167,4174,273,96,513,1078,37,101
260,,3203,2,大船渡市,18838,14709,10596,213,3900,821,486,1574,977,48,223,10754,8148,7004,85,1059,631,404,1165,241,7,158,8084,6561,3592,128,2841,190,82,409,736,41,65
261,,3205,2,花巻市,49218,38125,26050,977,11098,1912,920,4582,3296,53,330,26661,20207,16694,490,3023,1417,723,3501,622,7,184,22557,17918,9356,487,8075,495,197,1081,2674,46,146
262,,3206,2,北上市,47239,39137,26629,1494,11014,1604,810,3171,1996,61,460,26812,21932,18247,893,2792,1201,640,2335,419,1,284,20427,17205,8382,601,8222,403,170,836,1577,60,176
263,,3207,2,久慈市,17134,13939,9899,165,3875,716,408,1240,723,45,63,9448,7535,6518,67,950,519,325,882,148,3,36,7686,6404,3381,98,2925,197,83,358,575,42,27
264,,3208,2,遠野市,14291,10235,7180,159,2896,470,301,1821,1363,54,47,7954,5604,4685,81,838,360,237,1409,299,14,31,6337,4631,2495,78,2058,110,64,412,1064,40,16
265,,3209,2,一関市,60063,45598,31496,1179,12923,2302,1192,6189,4240,132,410,33715,24957,20598,672,3687,1672,977,4967,886,9,247,26348,20641,10898,507,9236,630,215,1222,3354,123,163
266,,3210,2,陸前高田市,9697,7678,5502,83,2093,320,250,853,535,25,36,5661,4405,3775,43,587,242,224,629,134,3,24,4036,3273,1727,40,1506,78,26,224,401,22,12
267,,3211,2,釜石市,17547,14633,10330,177,4126,794,353,1203,512,15,37,10596,8728,7403,101,1224,582,277,886,97,3,23,6951,5905,2927,76,2902,212,76,317,415,12,14
268,,3213,2,二戸市,14580,10369,7384,140,2845,569,397,1635,1503,34,73,7705,5387,4608,47,732,397,341,1233,309,-,38,6875,4982,2776,93,2113,172,56,402,1194,34,35
269,,3214,2,八幡平市,13845,9590,6523,153,2914,486,293,1789,1662,13,12,7567,5122,4203,69,850,348,252,1472,368,-,5,6278,4468,2320,84,2064,138,41,317,1294,13,7
270,,3215,2,奥州市,61595,45952,31173,1286,13493,2497,1294,6706,4676,75,395,34273,24775,20412,755,3608,1871,1049,5345,963,6,264,27322,21177,10761,531,9885,626,245,1361,3713,69,131
271,,3216,2,滝沢市,27861,23458,15335,541,7582,993,409,1770,878,31,322,15458,12624,10467,219,1938,762,344,1344,184,2,198,12403,10834,4868,322,5644,231,65,426,694,29,124
272,,3301,3,雫石町,9148,6679,4315,151,2213,317,174,997,902,6,73,4940,3487,2794,65,628,234,150,789,239,1,40,4208,3192,1521,86,1585,83,24,208,663,5,33
273,,3302,3,葛巻町,3014,1988,1326,28,634,88,82,379,449,4,24,1716,1143,900,15,228,64,70,301,124,1,13,1298,845,426,13,406,24,12,78,325,3,11
274,,3303,3,岩手町,7173,4858,3269,89,1500,238,191,873,980,10,23,4010,2729,2188,56,485,172,174,709,214,1,11,3163,2129,1081,33,1015,66,17,164,766,9,12
275,,3321,3,紫波町,17209,13313,8776,327,4210,551,286,1784,1241,10,24,9358,7015,5829,158,1028,439,234,1419,237,-,14,7851,6298,2947,169,3182,112,52,365,1004,10,10
276,,3322,3,矢巾町,13922,11492,7656,209,3627,501,219,1007,650,10,43,7498,6011,5050,86,875,378,190,765,123,-,31,6424,5481,2606,123,2752,123,29,242,527,10,12
277,,3366,3,西和賀町,2988,2004,1344,28,632,112,67,494,303,6,2,1690,1103,861,14,228,78,57,389,61,-,2,1298,901,483,14,404,34,10,105,242,6,-
278,,3381,3,金ケ崎町,8508,6412,4244,255,1913,175,104,925,716,10,166,4944,3692,2941,156,595,136,85,768,144,1,118,3564,2720,1303,99,1318,39,19,157,572,9,48
279,,3402,3,平泉町,4075,2991,1972,74,945,143,73,549,309,8,2,2297,1615,1277,44,294,110,53,461,57,-,1,1778,1376,695,30,651,33,20,88,252,8,1
280,,3441,3,住田町,2850,2142,1559,25,558,84,54,325,236,4,5,1646,1215,977,12,226,68,48,252,59,1,3,1204,927,582,13,332,16,6,73,177,3,2
281,,3461,3,大槌町,5769,4778,3251,102,1425,194,153,384,218,11,31,3477,2860,2366,53,441,142,124,280,53,1,17,2292,1918,885,49,984,52,29,104,165,10,14
282,,3482,3,山田町,7632,5944,4007,66,1871,230,217,735,465,16,25,4538,3422,2816,35,571,159,185,629,126,1,16,3094,2522,1191,31,1300,71,32,106,339,15,9
283,,3483,3,岩泉町,5004,3534,2375,16,1143,155,104,715,483,13,-,2890,2035,1666,3,366,127,93,528,107,-,-,2114,1499,709,13,777,28,11,187,376,13,-
284,,3484,3,田野畑村,1738,1272,904,14,354,62,47,207,139,7,4,1052,744,638,8,98,47,45,175,39,-,2,686,528,266,6,256,15,2,32,100,7,2
285,,3485,3,普代村,1407,996,703,14,279,55,54,188,103,3,8,842,561,479,7,75,41,47,159,27,-,7,565,435,224,7,204,14,7,29,76,3,1
286,,3501,3,軽米町,4801,3210,2191,54,965,148,119,692,617,9,6,2682,1784,1445,27,312,108,105,558,124,1,2,2119,1426,746,27,653,40,14,134,493,8,4
287,,3503,3,野田村,1986,1513,1030,27,456,69,42,211,140,5,6,1129,838,709,14,115,53,34,167,32,-,5,857,675,321,13,341,16,8,44,108,5,1
288,,3506,3,九戸村,2957,1901,1322,25,554,93,87,449,417,-,10,1617,993,827,12,154,70,83,377,88,-,6,1340,908,495,13,400,23,4,72,329,-,4
289,,3507,3,洋野町,7781,5790,3844,73,1873,229,207,915,604,18,18,4292,3062,2573,30,459,182,192,697,151,1,7,3489,2728,1271,43,1414,47,15,218,453,17,11
290,,3524,3,一戸町,6229,4417,2940,71,1406,207,152,781,636,18,18,3350,2315,1859,38,418,145,124,605,151,1,9,2879,2102,1081,33,988,62,28,176,485,17,9
291,,4000,a,宮城県,1077927,888345,596625,28277,263443,51293,20324,67742,36106,995,13122,615661,491344,408300,11813,71231,38207,16832,52564,8520,92,8102,462266,397001,188325,16464,192212,13086,3492,15178,27586,903,5020
292,,4100,1,仙台市,479339,410159,272198,13843,124118,24154,7930,22381,8227,233,6255,269876,223702,185417,4776,33509,18169,6381,16131,1542,25,3926,209463,186457,86781,9067,90609,5985,1549,6250,6685,208,2329
293,,4101,0,仙台市 青葉区,133659,111986,73837,3686,34463,7505,2665,6352,2331,60,2760,73709,59883,48573,1205,10105,5414,2065,4258,394,8,1687,59950,52103,25264,2481,24358,2091,600,2094,1937,52,1073
294,,4102,0,仙台市 宮城野区,86566,75388,51138,2642,21608,3795,1187,3845,1267,48,1036,49407,41767,35438,896,5433,2868,972,2890,258,4,648,37159,33621,15700,1746,16175,927,215,955,1009,44,388
295,,4103,0,仙台市 若林区,60348,50992,34247,1825,14920,3235,1075,2987,1286,27,746,34232,27920,23446,552,3922,2431,878,2243,268,-,492,26116,23072,10801,1273,10998,804,197,744,1018,27,254
296,,4104,0,仙台市 太白区,101726,88196,58030,2903,27263,4438,1559,4741,1831,55,906,57338,48148,39774,1057,7317,3437,1291,3512,386,6,558,44388,40048,18256,1846,19946,1001,268,1229,1445,49,348
297,,4105,0,仙台市 泉区,97040,83597,54946,2787,25864,5181,1444,4456,1512,43,807,55190,45984,38186,1066,6732,4019,1175,3228,236,7,541,41850,37613,16760,1721,19132,1162,269,1228,1276,36,266
298,,4202,2,石巻市,67457,52763,37004,1050,14709,3994,1800,4804,3211,94,791,39813,30187,25670,526,3991,2851,1521,3887,859,11,497,27644,22576,11334,524,10718,1143,279,917,2352,83,294
299,,4203,2,塩竈市,24609,20341,13002,583,6756,1471,503,1397,683,8,206,13762,10932,8808,243,1881,1098,417,1028,162,-,125,10847,9409,4194,340,4875,373,86,369,521,8,81
300,,4205,2,気仙沼市,29098,22850,16075,298,6477,1674,744,2069,1363,63,335,16895,12971,10834,161,1976,1166,608,1615,329,5,201,12203,9879,5241,137,4501,508,136,454,1034,58,134
301,,4206,2,白石市,16667,13455,8827,480,4148,633,304,1477,687,18,93,9325,7223,5804,227,1192,466,250,1179,153,-,54,7342,6232,3023,253,2956,167,54,298,534,18,39
302,,4207,2,名取市,35534,30169,20428,873,8868,1609,489,1853,975,35,404,20654,17099,14541,346,2212,1243,421,1415,210,-,266,14880,13070,5887,527,6656,366,68,438,765,35,138
303,,4208,2,角田市,14408,11488,7899,436,3153,507,312,1214,658,23,206,8338,6430,5251,237,942,397,273,964,151,1,122,6070,5058,2648,199,2211,110,39,250,507,22,84
304,,4209,2,多賀城市,29462,25227,16802,731,7694,1143,443,1424,544,21,660,17396,14566,12193,316,2057,889,347,1052,116,4,422,12066,10661,4609,415,5637,254,96,372,428,17,238
305,,4211,2,岩沼市,21116,18059,12098,640,5321,898,314,1110,481,29,225,12121,10127,8512,306,1309,663,237,839,108,2,145,8995,7932,3586,334,4012,235,77,271,373,27,80
306,,4212,2,登米市,41964,29807,20815,779,8213,1930,982,4562,3214,114,1355,23762,16183,13458,429,2296,1370,854,3708,860,12,775,18202,13624,7357,350,5917,560,128,854,2354,102,580
307,,4213,2,栗原市,33661,24335,16952,635,6748,1470,743,3929,2626,71,487,19025,13093,10796,302,1995,1051,628,3300,656,5,292,14636,11242,6156,333,4753,419,115,629,1970,66,195
308,,4214,2,東松島市,18562,15077,10305,306,4466,833,439,1281,865,16,51,10983,8719,7370,169,1180,608,379,1033,214,-,30,7579,6358,2935,137,3286,225,60,248,651,16,21
309,,4215,2,大崎市,65942,51952,35811,2068,14073,2717,1388,5352,3664,83,786,37509,28656,23949,1113,3594,1961,1152,4297,954,16,473,28433,23296,11862,955,10479,756,236,1055,2710,67,313
310,,4301,3,蔵王町,6165,4466,2954,156,1356,258,356,444,547,3,91,3506,2443,1947,86,410,187,317,349,157,-,53,2659,2023,1007,70,946,71,39,95,390,3,38
311,,4302,3,七ヶ宿町,612,459,313,12,134,21,13,86,33,-,-,370,271,209,4,58,15,9,65,10,-,-,242,188,104,8,76,6,4,21,23,-,-
312,,4321,3,大河原町,11200,9503,6418,385,2700,424,224,631,322,11,85,6246,5166,4289,188,689,321,180,455,66,1,57,4954,4337,2129,197,2011,103,44,176,256,10,28
313,,4322,3,村田町,5658,4465,2945,172,1348,210,106,524,319,6,28,3295,2507,2015,96,396,157,91,455,65,-,20,2363,1958,930,76,952,53,15,69,254,6,8
314,,4323,3,柴田町,17946,15727,10412,622,4693,597,274,939,381,19,9,10485,8999,7384,300,1315,462,219,719,79,-,7,7461,6728,3028,322,3378,135,55,220,302,19,2
315,,4324,3,川崎町,4755,3687,2314,118,1255,205,96,470,272,3,22,2712,1993,1579,52,362,151,86,400,68,1,13,2043,1694,735,66,893,54,10,70,204,2,9
316,,4341,3,丸森町,6704,5043,3601,162,1280,236,139,801,418,11,56,3928,2823,2330,77,416,174,124,682,94,-,31,2776,2220,1271,85,864,62,15,119,324,11,25
317,,4361,3,亘理町,16137,13227,8735,465,4027,581,289,1142,765,32,101,9251,7399,6084,218,1097,441,250,920,183,1,57,6886,5828,2651,247,2930,140,39,222,582,31,44
318,,4362,3,山元町,5678,4467,2875,169,1423,277,130,450,268,12,74,3374,2577,1994,87,496,210,112,367,64,3,41,2304,1890,881,82,927,67,18,83,204,9,33
319,,4401,3,松島町,6755,5425,3481,152,1792,343,135,504,280,3,65,3822,2954,2372,64,518,250,110,397,65,-,46,2933,2471,1109,88,1274,93,25,107,215,3,19
320,,4404,3,七ヶ浜町,8647,7218,4706,165,2347,402,196,506,273,5,47,5153,4184,3463,76,645,308,177,383,74,1,26,3494,3034,1243,89,1702,94,19,123,199,4,21
321,,4406,3,利府町,17643,15189,10055,417,4717,846,247,850,386,11,114,10118,8403,7094,186,1123,671,216,667,89,1,71,7525,6786,2961,231,3594,175,31,183,297,10,43
322,,4421,3,大和町,13990,11852,8162,511,3179,508,210,869,428,5,118,8559,7119,6068,272,779,393,177,705,98,-,67,5431,4733,2094,239,2400,115,33,164,330,5,51
323,,4422,3,大郷町,4172,3239,2122,112,1005,155,75,470,233,-,-,2435,1825,1455,52,318,122,60,376,52,-,-,1737,1414,667,60,687,33,15,94,181,-,-
324,,4423,3,富谷町,25009,21966,14131,746,7089,1034,348,1178,399,4,80,14414,12274,10402,295,1577,823,287,890,87,-,53,10595,9692,3729,451,5512,211,61,288,312,4,27
325,,4424,3,大衡村,2951,2315,1506,94,715,113,34,274,177,7,31,1739,1315,1082,45,188,92,29,238,41,1,23,1212,1000,424,49,527,21,5,36,136,6,8
326,,4444,3,色麻町,3827,2862,1944,93,825,113,58,461,327,-,6,2171,1526,1271,43,212,95,53,414,78,-,5,1656,1336,673,50,613,18,5,47,249,-,1
327,,4445,3,加美町,12266,8863,6029,327,2507,570,282,1381,979,16,175,7028,4837,3958,168,711,419,245,1168,252,-,107,5238,4026,2071,159,1796,151,37,213,727,16,68
328,,4501,3,涌谷町,8169,6184,4225,204,1755,374,190,848,557,7,9,4707,3415,2827,102,486,266,159,719,143,-,5,3462,2769,1398,102,1269,108,31,129,414,7,4
329,,4505,3,美里町,12192,9554,6530,307,2717,503,242,1116,751,12,14,6889,5201,4328,156,717,369,205,908,197,-,9,5303,4353,2202,151,2000,134,37,208,554,12,5
330,,4581,3,女川町,3388,2703,2034,77,592,180,77,254,168,2,4,2322,1854,1618,35,201,129,67,224,45,-,3,1066,849,416,42,391,51,10,30,123,2,1
331,,4606,3,南三陸町,6244,4249,2917,89,1243,310,212,691,625,18,139,3678,2371,1928,60,383,220,191,615,199,2,80,2566,1878,989,29,860,90,21,76,426,16,59
332,,5000,a,秋田県,482867,375154,257803,6702,110649,19289,10782,45633,26216,929,4864,265162,197370,164549,3258,29563,14544,8936,35818,5616,83,2795,217705,177784,93254,3444,81086,4745,1846,9815,20600,846,2069
333,,5201,2,秋田市,140707,117860,79214,2474,36172,6363,2393,8014,3243,125,2709,77053,62423,52509,1046,8868,4885,1889,5669,615,9,1563,63654,55437,26705,1428,27304,1478,504,2345,2628,116,1146
334,,5202,2,能代市,24749,18738,12883,248,5607,1125,640,2425,1405,89,327,13355,9684,8183,106,1395,806,519,1838,310,9,189,11394,9054,4700,142,4212,319,121,587,1095,80,138
335,,5203,2,横手市,46718,33470,23151,557,9762,1849,1050,6054,4050,125,120,25664,17446,14303,372,2771,1349,894,5037,871,6,61,21054,16024,8848,185,6991,500,156,1017,3179,119,59
336,,5204,2,大館市,34370,27892,19291,454,8147,1355,685,2569,1502,80,287,18742,14747,12425,185,2137,1027,551,1919,318,7,173,15628,13145,6866,269,6010,328,134,650,1184,73,114
337,,5206,2,男鹿市,12634,9241,6161,146,2934,510,324,1551,906,13,89,7208,5055,4145,71,839,386,271,1264,179,1,52,5426,4186,2016,75,2095,124,53,287,727,12,37
338,,5207,2,湯沢市,22848,16545,11685,285,4575,863,607,2843,1792,110,88,12779,8830,7331,166,1333,658,509,2313,399,19,51,10069,7715,4354,119,3242,205,98,530,1393,91,37
339,,5209,2,鹿角市,15637,11974,8458,173,3343,589,394,1549,1033,29,69,8506,6312,5395,53,864,463,327,1171,193,2,38,7131,5662,3063,120,2479,126,67,378,840,27,31
340,,5210,2,由利本荘市,38878,29835,21015,536,8284,1302,802,4187,2358,76,318,21513,15800,13012,277,2511,986,651,3400,498,5,173,17365,14035,8003,259,5773,316,151,787,1860,71,145
341,,5211,2,潟上市,15490,12688,8406,265,4017,497,341,1179,600,19,166,8524,6689,5538,134,1017,395,275,917,140,2,106,6966,5999,2868,131,3000,102,66,262,460,17,60
342,,5212,2,大仙市,41500,30577,21583,576,8418,1684,909,4927,3063,85,255,22656,15924,13348,321,2255,1225,752,3934,676,6,139,18844,14653,8235,255,6163,459,157,993,2387,79,116
343,,5213,2,北秋田市,15291,11801,8281,127,3393,629,304,1683,800,45,29,8424,6230,5101,59,1070,464,245,1283,181,2,19,6867,5571,3180,68,2323,165,59,400,619,43,10
344,,5214,2,にかほ市,12300,9571,6799,195,2577,387,338,1224,736,10,34,6789,5062,4323,98,641,290,300,950,167,1,19,5511,4509,2476,97,1936,97,38,274,569,9,15
345,,5215,2,仙北市,13499,9838,6724,133,2981,583,488,1396,1063,28,103,7317,5084,4190,84,810,422,423,1091,236,1,60,6182,4754,2534,49,2171,161,65,305,827,27,43
346,,5303,3,小坂町,2397,1936,1271,31,634,86,35,236,95,2,7,1307,1019,854,14,151,70,28,171,15,-,4,1090,917,417,17,483,16,7,65,80,2,3
347,,5327,3,上小阿仁村,960,732,458,6,268,32,24,100,60,4,8,541,392,289,5,98,25,21,78,19,-,6,419,340,169,1,170,7,3,22,41,4,2
348,,5346,3,藤里町,1506,1185,746,8,431,26,44,159,84,4,4,863,653,500,5,148,19,35,131,23,-,2,643,532,246,3,283,7,9,28,61,4,2
349,,5348,3,三種町,8386,5749,3953,71,1725,279,195,1206,839,8,110,4538,2917,2384,30,503,202,171,998,186,1,63,3848,2832,1569,41,1222,77,24,208,653,7,47
350,,5349,3,八峰町,3643,2517,1620,21,876,124,120,492,335,11,44,1998,1285,1043,9,233,96,108,412,72,2,23,1645,1232,577,12,643,28,12,80,263,9,21
351,,5361,3,五城目町,4321,3258,2237,53,968,167,107,478,291,7,13,2417,1718,1402,29,287,132,89,403,66,1,8,1904,1540,835,24,681,35,18,75,225,6,5
352,,5363,3,八郎潟町,2915,2189,1489,40,660,94,64,368,175,3,22,1601,1120,928,22,170,79,52,299,36,1,14,1314,1069,561,18,490,15,12,69,139,2,8
353,,5366,3,井川町,2413,1867,1241,37,589,74,46,284,134,1,7,1336,968,776,19,173,54,39,242,29,-,4,1077,899,465,18,416,20,7,42,105,1,3
354,,5368,3,大潟村,2015,1353,1159,6,188,60,459,68,73,-,2,1052,500,434,1,65,45,435,48,23,-,1,963,853,725,5,123,15,24,20,50,-,1
355,,5434,3,美郷町,10549,7726,5327,151,2248,345,196,1407,813,27,35,5829,4031,3317,87,627,262,165,1177,175,2,17,4720,3695,2010,64,1621,83,31,230,638,25,18
356,,5463,3,羽後町,7823,5597,3932,92,1573,225,192,1089,676,26,18,4401,2931,2371,57,503,170,164,956,165,5,10,3422,2666,1561,35,1070,55,28,133,511,21,8
357,,5464,3,東成瀬村,1318,1015,719,17,279,41,25,145,90,2,-,749,550,448,8,94,34,23,117,24,1,-,569,465,271,9,185,7,2,28,66,1,-
358,,6000,a,山形県,562087,428713,302305,12008,114400,26342,12260,51987,34620,1198,6967,308587,224951,188445,5597,30909,19482,10182,41454,8402,125,3991,253500,203762,113860,6411,83491,6860,2078,10533,26218,1073,2976
359,,6201,2,山形市,121849,97332,67087,2235,28010,6613,2379,8124,4499,163,2739,66066,50684,42875,878,6931,4922,1923,6018,942,14,1563,55783,46648,24212,1357,21079,1691,456,2106,3557,149,1176
360,,6202,2,米沢市,41423,32746,23208,1231,8307,2337,830,2885,1679,129,817,22930,17388,14236,554,2598,1696,684,2216,444,8,494,18493,15358,8972,677,5709,641,146,669,1235,121,323
361,,6203,2,鶴岡市,64816,49451,34663,1277,13511,2790,1500,6055,4050,153,817,34811,25369,20848,756,3765,2025,1219,4652,1057,21,468,30005,24082,13815,521,9746,765,281,1403,2993,132,349
362,,6204,2,酒田市,52964,41166,28328,1339,11499,2508,1067,4627,2983,128,485,28751,21515,17861,678,2976,1854,842,3520,721,12,287,24213,19651,10467,661,8523,654,225,1107,2262,116,198
363,,6205,2,新庄市,18433,13701,9703,384,3614,849,433,1837,1190,36,387,9956,7035,5929,186,920,611,357,1418,308,6,221,8477,6666,3774,198,2694,238,76,419,882,30,166
364,,6206,2,寒河江市,21445,16383,11931,493,3959,1011,423,2069,1367,49,143,11910,8693,7431,227,1035,760,354,1710,310,9,74,9535,7690,4500,266,2924,251,69,359,1057,40,69
365,,6207,2,上山市,15814,11744,7914,280,3550,837,355,1638,1154,13,73,8520,5930,4856,110,964,613,306,1340,298,-,33,7294,5814,3058,170,2586,224,49,298,856,13,40
366,,6208,2,村山市,12545,8939,6365,273,2301,525,305,1603,1120,16,37,7001,4711,4000,119,592,389,262,1370,247,3,19,5544,4228,2365,154,1709,136,43,233,873,13,18
367,,6209,2,長井市,13919,10524,7857,268,2399,740,348,1271,797,43,196,7601,5450,4639,129,682,554,298,981,208,7,103,6318,5074,3218,139,1717,186,50,290,589,36,93
368,,6210,2,天童市,31877,24363,16896,827,6640,1505,676,2795,2128,42,368,17464,12781,10816,372,1593,1077,556,2279,536,5,230,14413,11582,6080,455,5047,428,120,516,1592,37,138
369,,6211,2,東根市,25281,19424,14084,691,4649,811,579,2203,1939,59,266,14583,11080,9636,321,1123,602,487,1830,431,3,150,10698,8344,4448,370,3526,209,92,373,1508,56,116
370,,6212,2,尾花沢市,8995,5827,4271,129,1427,351,299,1362,1104,24,28,5058,3090,2647,56,387,256,269,1186,241,4,12,3937,2737,1624,73,1040,95,30,176,863,20,16
371,,6213,2,南陽市,16419,12181,9031,365,2785,747,402,1716,1276,36,61,8901,6280,5372,166,742,536,323,1404,325,2,31,7518,5901,3659,199,2043,211,79,312,951,34,30
372,,6301,3,山辺町,7188,5599,3811,134,1654,348,184,603,379,31,44,3968,2944,2434,56,454,266,169,477,86,2,24,3220,2655,1377,78,1200,82,15,126,293,29,20
373,,6302,3,中山町,5830,4489,3152,115,1222,248,102,576,373,13,29,3253,2375,1974,51,350,202,86,490,80,2,18,2577,2114,1178,64,872,46,16,86,293,11,11
374,,6321,3,河北町,9807,7075,5139,230,1706,512,249,1135,733,22,81,5438,3693,3110,102,481,385,206,946,163,2,43,4369,3382,2029,128,1225,127,43,189,570,20,38
375,,6322,3,西川町,2756,2056,1479,37,540,150,46,314,180,2,8,1586,1139,924,16,199,109,43,254,38,-,3,1170,917,555,21,341,41,3,60,142,2,5
376,,6323,3,朝日町,3750,2363,1673,55,635,89,123,623,529,9,14,2182,1293,1056,34,203,73,112,558,136,2,8,1568,1070,617,21,432,16,11,65,393,7,6
377,,6324,3,大江町,4369,3144,2299,87,758,186,98,552,378,7,4,2476,1702,1408,50,244,143,84,457,88,-,2,1893,1442,891,37,514,43,14,95,290,7,2
378,,6341,3,大石田町,3873,2704,1917,74,713,139,142,506,353,17,12,2160,1422,1196,31,195,107,124,421,79,1,6,1713,1282,721,43,518,32,18,85,274,16,6
379,,6361,3,金山町,2988,2195,1588,36,571,82,75,367,251,11,7,1720,1200,998,17,185,67,63,317,69,-,4,1268,995,590,19,386,15,12,50,182,11,3
380,,6362,3,最上町,4597,3174,2319,40,815,259,120,604,428,5,7,2627,1726,1458,26,242,177,104,503,115,-,2,1970,1448,861,14,573,82,16,101,313,5,5
381,,6363,3,舟形町,2727,1963,1366,42,555,73,60,368,235,12,16,1575,1096,867,23,206,55,49,314,53,2,6,1152,867,499,19,349,18,11,54,182,10,10
382,,6364,3,真室川町,4029,2917,2046,73,798,145,96,490,364,8,9,2268,1560,1295,44,221,114,81,411,95,1,6,1761,1357,751,29,577,31,15,79,269,7,3
383,,6365,3,大蔵村,1862,1241,872,23,346,80,41,266,226,7,1,1044,654,546,11,97,55,37,236,60,1,1,818,587,326,12,249,25,4,30,166,6,-
384,,6366,3,鮭川村,2305,1530,1113,28,389,91,66,318,243,8,49,1307,812,688,16,108,65,58,277,69,1,25,998,718,425,12,281,26,8,41,174,7,24
385,,6367,3,戸沢村,2343,1719,1262,35,422,61,60,295,168,5,35,1328,894,758,16,120,47,55,252,58,-,22,1015,825,504,19,302,14,5,43,110,5,13
386,,6381,3,高畠町,12775,9252,6660,346,2246,545,247,1519,1164,22,26,7017,4801,3969,145,687,413,216,1286,282,4,15,5758,4451,2691,201,1559,132,31,233,882,18,11
387,,6382,3,川西町,8159,5782,4278,186,1318,285,162,1119,743,28,40,4651,3077,2533,79,465,224,141,985,199,3,22,3508,2705,1745,107,853,61,21,134,544,25,18
388,,6401,3,小国町,3744,3044,2295,58,691,123,89,320,146,12,10,2146,1734,1498,30,206,92,75,206,31,1,7,1598,1310,797,28,485,31,14,114,115,11,3
389,,6402,3,白鷹町,7084,5388,4024,117,1247,322,173,729,437,30,5,3980,2848,2380,46,422,256,158,599,111,5,3,3104,2540,1644,71,825,66,15,130,326,25,2
390,,6403,3,飯豊町,3831,2849,2048,94,707,156,78,474,259,11,4,2161,1495,1239,41,215,117,62,417,67,1,2,1670,1354,809,53,492,39,16,57,192,10,2
391,,6426,3,三川町,3941,2910,2081,84,745,171,70,473,295,6,16,2147,1468,1221,42,205,130,56,402,84,-,7,1794,1442,860,42,540,41,14,71,211,6,9
392,,6428,3,庄内町,11152,8359,5946,194,2219,407,222,1224,831,23,86,6077,4303,3526,118,659,305,185,998,232,1,53,5075,4056,2420,76,1560,102,37,226,599,22,33
393,,6461,3,遊佐町,7197,5179,3599,128,1452,246,161,927,619,18,47,3924,2709,2221,51,437,185,138,724,139,2,27,3273,2470,1378,77,1015,61,23,203,480,16,20
394,,7000,a,福島県,922133,718142,498858,24865,194419,46316,17536,69928,43398,1643,25170,528744,400775,335253,12890,52632,34023,14512,54575,9468,173,15218,393389,317367,163605,11975,141787,12293,3024,15353,33930,1470,9952
395,,7201,2,福島市,140435,114039,78225,4329,31485,6888,2458,8373,4800,215,3662,79640,62921,52570,1916,8435,5088,1964,6388,1037,25,2217,60795,51118,25655,2413,23050,1800,494,1985,3763,190,1445
396,,7202,2,会津若松市,57236,44476,30637,1366,12473,3183,1228,4325,2685,107,1232,31234,23477,19388,705,3384,2267,966,3228,582,10,704,26002,20999,11249,661,9089,916,262,1097,2103,97,528
397,,7203,2,郡山市,156056,121502,83255,4264,33983,8861,2529,9365,4697,292,8810,88333,66368,55786,1961,8621,6527,2075,6976,1053,31,5303,67723,55134,27469,2303,25362,2334,454,2389,3644,261,3507
398,,7204,2,いわき市,160151,128434,89844,3913,34677,9270,3111,9302,4234,184,5616,93821,73283,62395,2186,8702,6744,2541,6834,900,21,3498,66330,55151,27449,1727,25975,2526,570,2468,3334,163,2118
399,,7205,2,白河市,30526,24131,16567,916,6648,1340,546,2214,1474,48,773,17478,13563,11410,518,1635,979,449,1696,333,7,451,13048,10568,5157,398,5013,361,97,518,1141,41,322
400,,7207,2,須賀川市,38610,29581,20685,1066,7830,1798,667,3145,2367,59,993,21656,16081,13546,511,2024,1348,546,2588,499,7,587,16954,13500,7139,555,5806,450,121,557,1868,52,406
401,,7208,2,喜多方市,23766,17412,12364,478,4570,1026,543,2720,1846,52,167,13057,9183,7564,275,1344,748,436,2175,417,5,93,10709,8229,4800,203,3226,278,107,545,1429,47,74
402,,7209,2,相馬市,18709,14598,10465,490,3643,857,489,1292,902,21,550,11185,8606,7343,330,933,587,420,984,236,2,350,7524,5992,3122,160,2710,270,69,308,666,19,200
403,,7210,2,二本松市,29531,23197,16321,950,5926,1328,533,2370,1724,66,313,16901,12961,10725,458,1778,998,448,1898,399,9,188,12630,10236,5596,492,4148,330,85,472,1325,57,125
404,,7211,2,田村市,20022,14810,10687,587,3536,888,375,2154,1621,41,133,11574,8462,7053,364,1045,653,331,1727,314,2,85,8448,6348,3634,223,2491,235,44,427,1307,39,48
405,,7212,2,南相馬市,28949,23498,16865,858,5775,1456,655,1876,1107,47,310,19100,15570,12551,653,2366,1060,561,1449,252,2,206,9849,7928,4314,205,3409,396,94,427,855,45,104
406,,7213,2,伊達市,31746,23581,15938,1093,6550,1293,562,3418,2296,61,535,17983,12904,10510,547,1847,970,465,2899,426,7,312,13763,10677,5428,546,4703,323,97,519,1870,54,223
407,,7214,2,本宮市,15355,12339,8616,485,3238,709,239,1100,688,32,248,8618,6672,5645,226,801,528,210,892,161,4,151,6737,5667,2971,259,2437,181,29,208,527,28,97
408,,7301,3,桑折町,6089,4588,3082,177,1329,249,115,716,402,5,14,3390,2374,1937,84,353,203,99,615,90,-,9,2699,2214,1145,93,976,46,16,101,312,5,5
409,,7303,3,国見町,4784,3441,2228,175,1038,203,118,565,413,4,40,2708,1864,1467,102,295,153,95,480,93,1,22,2076,1577,761,73,743,50,23,85,320,3,18
410,,7308,3,川俣町,6993,5627,3896,262,1469,346,120,505,280,32,83,4249,3361,2657,165,539,250,102,411,68,2,55,2744,2266,1239,97,930,96,18,94,212,30,28
411,,7322,3,大玉村,4585,3633,2580,113,940,145,73,394,320,5,15,2570,1994,1704,51,239,103,65,333,66,1,8,2015,1639,876,62,701,42,8,61,254,4,7
412,,7342,3,鏡石町,6218,4831,3390,180,1261,347,114,489,387,10,40,3501,2618,2220,92,306,256,93,402,105,1,26,2717,2213,1170,88,955,91,21,87,282,9,14
413,,7344,3,天栄村,2934,2156,1479,70,607,121,45,310,246,9,47,1698,1210,982,39,189,88,39,268,61,3,29,1236,946,497,31,418,33,6,42,185,6,18
414,,7362,3,下郷町,3139,1945,1381,34,530,135,107,486,394,7,65,1713,1041,884,16,141,108,90,370,68,1,35,1426,904,497,18,389,27,17,116,326,6,30
415,,7364,3,檜枝岐村,381,250,164,-,86,27,6,41,56,-,1,215,150,116,-,34,14,5,38,8,-,-,166,100,48,-,52,13,1,3,48,-,1
416,,7367,3,只見町,2173,1573,1129,16,428,108,62,260,162,3,5,1277,900,778,9,113,82,52,202,38,-,3,896,673,351,7,315,26,10,58,124,3,2
417,,7368,3,南会津町,8276,5913,4151,97,1665,417,200,1003,686,25,32,4735,3350,2813,39,498,314,172,755,125,2,17,3541,2563,1338,58,1167,103,28,248,561,23,15
418,,7402,3,北塩原村,1624,1051,706,25,320,77,41,238,195,1,21,906,562,443,14,105,55,37,205,33,-,14,718,489,263,11,215,22,4,33,162,1,7
419,,7405,3,西会津町,3236,2147,1524,23,600,125,76,562,313,12,1,1857,1197,976,16,205,97,63,455,43,2,-,1379,950,548,7,395,28,13,107,270,10,1
420,,7407,3,磐梯町,1756,1286,921,54,311,64,68,174,162,2,-,995,718,600,20,98,43,67,134,33,-,-,761,568,321,34,213,21,1,40,129,2,-
421,,7408,3,猪苗代町,7453,5411,3675,134,1602,426,179,746,620,2,69,4128,2857,2325,69,463,307,151,609,163,-,41,3325,2554,1350,65,1139,119,28,137,457,2,28
422,,7421,3,会津坂下町,8559,6090,4297,139,1654,374,206,1023,807,10,49,4706,3172,2629,86,457,278,169,861,197,1,28,3853,2918,1668,53,1197,96,37,162,610,9,21
423,,7422,3,湯川村,1751,1204,875,34,295,49,17,292,186,2,1,911,608,516,8,84,38,15,234,15,-,1,840,596,359,26,211,11,2,58,171,2,-
424,,7423,3,柳津町,1654,1171,825,22,324,50,47,215,160,-,11,954,653,528,17,108,43,37,170,45,-,6,700,518,297,5,216,7,10,45,115,-,5
425,,7444,3,三島町,726,514,365,11,138,34,12,100,47,3,16,442,313,248,5,60,25,9,79,9,1,6,284,201,117,6,78,9,3,21,38,2,10
426,,7445,3,金山町,875,575,375,8,192,37,22,141,91,2,7,533,344,257,6,81,31,21,119,16,-,2,342,231,118,2,111,6,1,22,75,2,5
427,,7446,3,昭和村,637,329,209,7,113,13,20,168,102,5,-,380,197,147,3,47,10,17,145,11,-,-,257,132,62,4,66,3,3,23,91,5,-
428,,7447,3,会津美里町,10592,7508,5183,231,2094,396,243,1380,1016,9,40,5781,3885,3197,115,573,305,209,1136,225,1,20,4811,3623,1986,116,1521,91,34,244,791,8,20
429,,7461,3,西郷村,10270,8652,5847,389,2416,399,154,598,324,21,122,5989,4939,4061,240,638,300,132,479,66,1,72,4281,3713,1786,149,1778,99,22,119,258,20,50
430,,7464,3,泉崎村,3410,2653,1765,97,791,120,62,312,240,9,14,1887,1439,1181,47,211,90,56,244,47,2,9,1523,1214,584,50,580,30,6,68,193,7,5
431,,7465,3,中島村,2885,2056,1432,74,550,101,65,322,325,4,12,1601,1110,939,34,137,76,61,270,77,-,7,1284,946,493,40,413,25,4,52,248,4,5
432,,7466,3,矢吹町,8431,5988,4181,231,1576,335,172,885,656,39,356,4802,3299,2772,123,404,258,157,712,173,4,199,3629,2689,1409,108,1172,77,15,173,483,35,157
433,,7481,3,棚倉町,7507,5692,4024,174,1494,326,133,741,528,28,59,4308,3206,2704,103,399,252,116,591,95,3,45,3199,2486,1320,71,1095,74,17,150,433,25,14
434,,7482,3,矢祭町,2947,2135,1508,43,584,129,71,332,244,9,27,1729,1212,1038,23,151,95,59,281,62,1,19,1218,923,470,20,433,34,12,51,182,8,8
435,,7483,3,塙町,4802,3261,2343,61,857,218,138,641,481,18,45,2717,1800,1533,32,235,159,111,515,109,1,22,2085,1461,810,29,622,59,27,126,372,17,23
436,,7484,3,鮫川村,1887,1294,945,35,314,60,38,306,178,7,4,1130,747,632,19,96,51,34,255,42,1,-,757,547,313,16,218,9,4,51,136,6,4
437,,7501,3,石川町,7776,5639,3931,240,1468,414,184,833,588,26,92,4368,3044,2497,144,403,294,152,697,119,3,59,3408,2595,1434,96,1065,120,32,136,469,23,33
438,,7502,3,玉川村,3762,2655,1872,89,694,150,70,414,302,17,154,2095,1455,1218,48,189,103,60,328,71,-,78,1667,1200,654,41,505,47,10,86,231,17,76
439,,7503,3,平田村,3508,2447,1669,97,681,160,64,433,311,16,77,2024,1377,1118,52,207,119,57,335,81,5,50,1484,1070,551,45,474,41,7,98,230,11,27
440,,7504,3,浅川町,3352,2540,1843,95,602,134,64,337,235,14,28,1928,1414,1203,65,146,96,58,280,56,2,22,1424,1126,640,30,456,38,6,57,179,12,6
441,,7505,3,古殿町,2780,1924,1451,47,426,134,72,381,253,4,12,1614,1086,946,21,119,92,63,308,58,-,7,1166,838,505,26,307,42,9,73,195,4,5
442,,7521,3,三春町,9141,7183,4779,271,2133,428,170,764,465,14,117,5169,3947,3222,138,587,328,147,583,101,1,62,3972,3236,1557,133,1546,100,23,181,364,13,55
443,,7522,3,小野町,5503,3896,2837,125,934,262,121,603,469,40,112,3100,2146,1830,72,244,188,109,476,112,1,68,2403,1750,1007,53,690,74,12,127,357,39,44
444,,7541,3,広野町,2659,2338,1865,51,422,103,26,119,47,1,25,2077,1853,1611,35,207,77,24,95,10,-,18,582,485,254,16,215,26,2,24,37,1,7
445,,7542,3,楢葉町,759,713,615,51,47,18,6,8,3,-,11,725,687,601,50,36,14,5,8,1,-,10,34,26,14,1,11,4,1,-,2,-,1
446,,7543,3,富岡町,-,-,-,-,-,-,-,-,-,-,-,-,-,-,-,-,-,-,-,-,-,-,-,-,-,-,-,-,-,-,-,-,-
447,,7544,3,川内村,1146,948,760,37,151,49,15,93,39,-,2,868,734,656,19,59,37,14,74,7,-,2,278,214,104,18,92,12,1,19,32,-,-
448,,7545,3,大熊町,-,-,-,-,-,-,-,-,-,-,-,-,-,-,-,-,-,-,-,-,-,-,-,-,-,-,-,-,-,-,-,-,-
449,,7546,3,双葉町,-,-,-,-,-,-,-,-,-,-,-,-,-,-,-,-,-,-,-,-,-,-,-,-,-,-,-,-,-,-,-,-,-
450,,7547,3,浪江町,-,-,-,-,-,-,-,-,-,-,-,-,-,-,-,-,-,-,-,-,-,-,-,-,-,-,-,-,-,-,-,-,-
451,,7548,3,葛尾村,10,6,6,-,-,-,1,2,1,-,-,8,5,5,-,-,-,1,2,-,-,-,2,1,1,-,-,-,-,-,1,-,-
452,,7561,3,新地町,4071,3281,2281,51,949,136,84,342,223,3,2,2376,1856,1576,19,261,94,77,287,60,-,2,1695,1425,705,32,688,42,7,55,163,3,-
453,,7564,3,飯舘村,-,-,-,-,-,-,-,-,-,-,-,-,-,-,-,-,-,-,-,-,-,-,-,-,-,-,-,-,-,-,-,-,-
454,,8000,a,茨城県,1400684,1112105,724881,38230,348994,58146,28989,96854,62949,2020,39621,809664,624950,514921,19206,90823,43570,24828,76612,14916,252,24536,591020,487155,209960,19024,258171,14576,4161,20242,48033,1768,15085
455,,8201,2,水戸市,127846,102124,67413,2566,32145,6461,2708,8080,3920,135,4418,72595,56031,47103,1034,7894,4760,2226,5993,827,16,2742,55251,46093,20310,1532,24251,1701,482,2087,3093,119,1676
456,,8202,2,日立市,76765,63291,42901,2887,17503,3010,1516,3770,2113,44,3021,46708,38046,31778,1507,4761,2269,1257,2742,441,2,1951,30057,25245,11123,1380,12742,741,259,1028,1672,42,1070
457,,8203,2,土浦市,67939,55241,34881,2180,18180,3102,1313,3987,2275,68,1953,38996,30832,24832,1166,4834,2312,1088,3002,535,8,1219,28943,24409,10049,1014,13346,790,225,985,1740,60,734
458,,8204,2,古河市,69938,56146,36013,1973,18160,3229,1358,4388,2903,138,1776,40231,31321,25627,1018,4676,2416,1154,3463,738,19,1120,29707,24825,10386,955,13484,813,204,925,2165,119,656
459,,8205,2,石岡市,36849,27924,17916,860,9148,1500,681,3193,1967,106,1478,20830,15279,12366,452,2461,1120,571,2551,424,14,871,16019,12645,5550,408,6687,380,110,642,1543,92,607
460,,8207,2,結城市,25657,19807,12665,919,6223,1308,644,1766,1497,65,570,14707,11006,8882,530,1594,951,553,1428,404,12,353,10950,8801,3783,389,4629,357,91,338,1093,53,217
461,,8208,2,龍ケ崎市,36124,29704,18351,1083,10270,1565,614,2027,951,44,1219,20679,16440,13085,530,2825,1209,516,1542,224,2,746,15445,13264,5266,553,7445,356,98,485,727,42,473
462,,8210,2,下妻市,22200,17140,11185,748,5207,1069,486,1629,1151,37,688,12809,9477,7727,405,1345,800,435,1352,292,7,446,9391,7663,3458,343,3862,269,51,277,859,30,242
463,,8211,2,常総市,29938,22997,14590,1186,7221,1416,567,2220,1384,65,1289,17090,12582,10046,669,1867,1053,509,1812,346,7,781,12848,10415,4544,517,5354,363,58,408,1038,58,508
464,,8212,2,常陸太田市,24914,19368,12703,623,6042,883,530,2350,1343,41,399,14307,10788,8894,343,1551,671,452,1916,243,6,231,10607,8580,3809,280,4491,212,78,434,1100,35,168
465,,8214,2,高萩市,13552,11221,7225,515,3481,400,316,905,495,12,203,7840,6401,5166,290,945,305,244,668,96,1,125,5712,4820,2059,225,2536,95,72,237,399,11,78
466,,8215,2,北茨城市,21070,17247,11129,690,5428,736,485,1426,807,48,321,12300,9826,8027,421,1378,553,423,1119,180,5,194,8770,7421,3102,269,4050,183,62,307,627,43,127
467,,8216,2,笠間市,37563,29092,18729,781,9582,1390,872,3254,1956,37,962,21115,15739,12867,392,2480,1042,742,2594,441,6,551,16448,13353,5862,389,7102,348,130,660,1515,31,411
468,,8217,2,取手市,48983,40766,25349,1580,13837,1993,701,2868,1034,59,1562,28004,22588,17906,757,3925,1596,574,2099,190,7,950,20979,18178,7443,823,9912,397,127,769,844,52,612
469,,8219,2,牛久市,39112,33113,21105,1276,10732,1392,552,1974,882,44,1155,22485,18554,15190,589,2775,1098,476,1428,199,6,724,16627,14559,5915,687,7957,294,76,546,683,38,431
470,,8220,2,つくば市,104770,86475,56670,2787,27018,4201,1571,5617,2666,106,4134,60747,49070,40118,1255,7697,3106,1326,4183,611,13,2438,44023,37405,16552,1532,19321,1095,245,1434,2055,93,1696
471,,8221,2,ひたちなか市,74838,63269,42881,2262,18126,2611,1311,3884,2197,73,1493,44403,37038,31950,1144,3944,1937,1097,2904,435,6,986,30435,26231,10931,1118,14182,674,214,980,1762,67,507
472,,8222,2,鹿嶋市,30841,24899,17177,669,7053,1280,711,1615,1127,53,1156,18883,15039,13014,356,1669,951,618,1223,277,9,766,11958,9860,4163,313,5384,329,93,392,850,44,390
473,,8223,2,潮来市,14224,10909,7330,316,3263,664,407,1032,825,37,350,8168,6007,5069,147,791,488,356,839,230,8,240,6056,4902,2261,169,2472,176,51,193,595,29,110
474,,8224,2,守谷市,32243,27521,18316,888,8317,1423,425,1456,550,17,851,18811,15606,13247,355,2004,1140,358,1041,115,2,549,13432,11915,5069,533,6313,283,67,415,435,15,302
475,,8225,2,常陸大宮市,20344,15633,10210,401,5022,729,429,2135,1241,54,123,11700,8663,7116,203,1344,534,370,1804,248,4,77,8644,6970,3094,198,3678,195,59,331,993,50,46
476,,8226,2,那珂市,26120,20243,13260,621,6362,889,527,2191,1163,50,1057,14718,11097,9238,281,1578,671,454,1703,221,7,565,11402,9146,4022,340,4784,218,73,488,942,43,492
477,,8227,2,筑西市,51786,39993,26592,1300,12101,2577,1044,4110,3055,106,901,29455,21936,18193,714,3029,1886,916,3434,702,8,573,22331,18057,8399,586,9072,691,128,676,2353,98,328
478,,8228,2,坂東市,28266,20710,13353,788,6569,1344,737,2594,2417,70,394,16083,11262,9121,412,1729,987,649,2248,680,11,246,12183,9448,4232,376,4840,357,88,346,1737,59,148
479,,8229,2,稲敷市,20701,15331,9626,584,5121,744,432,1875,1136,39,1144,11859,8365,6575,305,1485,546,378,1574,299,5,692,8842,6966,3051,279,3636,198,54,301,837,34,452
480,,8230,2,かすみがうら市,21264,16715,10536,683,5496,706,391,1864,1296,29,263,12295,9407,7514,378,1515,532,343,1567,286,3,157,8969,7308,3022,305,3981,174,48,297,1010,26,106
481,,8231,2,桜川市,21131,15958,10790,429,4739,1081,513,1937,1277,40,325,11917,8498,7164,238,1096,785,455,1631,345,2,201,9214,7460,3626,191,3643,296,58,306,932,38,124
482,,8232,2,神栖市,46946,37124,25849,1263,10012,1924,1212,2426,2162,52,2046,28182,21931,19342,622,1967,1421,1019,1898,559,5,1349,18764,15193,6507,641,8045,503,193,528,1603,47,697
483,,8233,2,行方市,19200,12607,8416,313,3878,659,647,2497,2652,52,86,10837,6853,5612,169,1072,502,582,2162,671,9,58,8363,5754,2804,144,2806,157,65,335,1981,43,28
484,,8234,2,鉾田市,25364,15824,9316,344,6164,757,1112,2939,4191,19,522,14393,8747,6474,191,2082,543,1048,2542,1199,3,311,10971,7077,2842,153,4082,214,64,397,2992,16,211
485,,8235,2,つくばみらい市,24181,19845,13138,725,5982,948,348,1546,747,26,721,14164,11252,9398,334,1520,754,293,1254,162,3,446,10017,8593,3740,391,4462,194,55,292,585,23,275
486,,8236,2,小美玉市,26295,20295,13001,582,6712,973,700,1954,1667,60,646,15201,11442,9408,299,1735,728,621,1601,406,5,398,11094,8853,3593,283,4977,245,79,353,1261,55,248
487,,8302,3,茨城町,16593,12218,7622,294,4302,630,459,1734,1345,18,189,9320,6558,5310,124,1124,468,413,1443,326,2,110,7273,5660,2312,170,3178,162,46,291,1019,16,79
488,,8309,3,大洗町,8435,6333,3870,164,2299,455,287,710,571,5,74,4684,3323,2656,79,588,346,243,575,155,-,42,3751,3010,1214,85,1711,109,44,135,416,5,32
489,,8310,3,城里町,10393,7652,4793,226,2633,275,244,1221,687,23,291,5821,4066,3294,100,672,210,215,1007,142,2,179,4572,3586,1499,126,1961,65,29,214,545,21,112
490,,8341,3,東海村,17440,14926,10653,511,3762,561,276,921,489,22,245,10582,8999,7939,243,817,420,225,692,81,4,161,6858,5927,2714,268,2945,141,51,229,408,18,84
491,,8364,3,大子町,8855,6055,3970,103,1982,356,247,1189,855,25,128,5018,3322,2682,58,582,259,209,992,149,5,82,3837,2733,1288,45,1400,97,38,197,706,20,46
492,,8442,3,美浦村,7821,6594,4303,266,2025,257,169,506,249,12,34,4755,3927,3216,146,565,195,143,417,55,1,17,3066,2667,1087,120,1460,62,26,89,194,11,17
493,,8443,3,阿見町,23297,19393,12266,775,6352,807,402,1452,663,23,557,13355,10761,8686,368,1707,627,344,1106,162,3,352,9942,8632,3580,407,4645,180,58,346,501,20,205
494,,8447,3,河内町,4678,3492,2210,103,1179,221,93,546,294,8,24,2671,1869,1481,60,328,170,86,466,66,-,14,2007,1623,729,43,851,51,7,80,228,8,10
495,,8521,3,八千代町,11786,8310,5172,237,2901,474,431,1038,1271,21,241,6984,4807,3614,122,1071,340,389,907,393,4,144,4802,3503,1558,115,1830,134,42,131,878,17,97
496,,8542,3,五霞町,4635,3634,2165,135,1334,254,86,372,190,6,93,2704,2010,1536,84,390,184,79,318,54,2,57,1931,1624,629,51,944,70,7,54,136,4,36
497,,8546,3,境町,13014,9458,6048,362,3048,612,324,1139,1062,27,392,7401,5160,4172,213,775,459,287,973,265,8,249,5613,4298,1876,149,2273,153,37,166,797,19,143
498,,8564,3,利根町,6773,5508,3193,232,2083,280,111,517,226,4,127,3857,3025,2286,103,636,226,92,399,42,-,73,2916,2483,907,129,1447,54,19,118,184,4,54
499,,9000,a,栃木県,963969,761640,498730,28935,233975,47028,18955,67681,42043,1522,25100,553992,424917,351286,15191,58440,34478,16132,53144,9410,192,15719,409977,336723,147444,13744,175535,12550,2823,14537,32633,1330,9381
500,,9201,2,宇都宮市,242002,193685,130133,7202,56350,12709,4014,13288,6186,232,11888,141638,110454,93175,3508,13771,9319,3347,9642,1322,21,7533,100364,83231,36958,3694,42579,3390,667,3646,4864,211,4355
501,,9202,2,足利市,71758,56878,36029,1792,19057,4582,1588,4863,2542,254,1051,40549,30824,25093,1015,4716,3313,1337,3829,538,35,673,31209,26054,10936,777,14341,1269,251,1034,2004,219,378
502,,9203,2,栃木市,77548,61096,39110,2352,19634,3848,1570,5837,3756,162,1279,44422,33746,27572,1294,4880,2891,1358,4810,837,21,759,33126,27350,11538,1058,14754,957,212,1027,2919,141,520
503,,9204,2,佐野市,58152,46810,29634,1471,15705,3160,1205,3818,2116,205,838,33320,26042,21124,855,4063,2259,1003,3028,436,26,526,24832,20768,8510,616,11642,901,202,790,1680,179,312
504,,9205,2,鹿沼市,49685,38576,25561,1187,11828,2942,1066,4034,2438,83,546,28269,21067,17557,624,2886,2141,921,3250,549,8,333,21416,17509,8004,563,8942,801,145,784,1889,75,213
505,,9206,2,日光市,42290,33354,21384,1043,10927,2291,923,3158,1920,43,601,23322,17731,14297,524,2910,1650,738,2360,462,8,373,18968,15623,7087,519,8017,641,185,798,1458,35,228
506,,9208,2,小山市,80022,65488,42722,3126,19640,3554,1354,4606,2677,115,2228,46944,37491,30932,1610,4949,2672,1141,3644,574,16,1406,33078,27997,11790,1516,14691,882,213,962,2103,99,822
507,,9209,2,真岡市,40787,31390,20538,1582,9270,1608,897,3127,2523,55,1187,23490,17661,14419,862,2380,1161,779,2513,637,10,729,17297,13729,6119,720,6890,447,118,614,1886,45,458
508,,9210,2,大田原市,36811,27393,17781,1353,8259,1529,844,3350,2687,59,949,20621,14915,12109,717,2089,1085,736,2705,626,4,550,16190,12478,5672,636,6170,444,108,645,2061,55,399
509,,9211,2,矢板市,16422,13330,8860,593,3877,682,315,1210,766,7,112,9361,7390,6141,314,935,505,271,953,167,4,71,7061,5940,2719,279,2942,177,44,257,599,3,41
510,,9213,2,那須塩原市,59869,46713,29828,1973,14912,2776,1348,4138,2853,78,1963,33590,25367,20646,1034,3687,2020,1148,3127,712,11,1205,26279,21346,9182,939,11225,756,200,1011,2141,67,758
511,,9214,2,さくら市,21419,17208,11855,627,4726,798,382,1626,1145,18,242,12641,9969,8640,306,1023,599,323,1343,249,1,157,8778,7239,3215,321,3703,199,59,283,896,17,85
512,,9215,2,那須烏山市,13488,10045,6625,362,3058,584,341,1425,962,24,107,7650,5467,4450,184,833,431,296,1177,209,2,68,5838,4578,2175,178,2225,153,45,248,753,22,39
513,,9216,2,下野市,29912,24862,16843,703,7316,1044,601,1788,1403,28,186,17032,13817,11768,358,1691,825,539,1423,314,2,112,12880,11045,5075,345,5625,219,62,365,1089,26,74
514,,9301,3,上三川町,16583,13570,9035,490,4045,554,282,1091,858,24,204,9795,7918,6606,303,1009,414,241,896,186,2,138,6788,5652,2429,187,3036,140,41,195,672,22,66
515,,9342,3,益子町,11991,9012,5846,318,2848,490,294,1254,791,21,129,6769,4888,3997,152,739,342,251,1007,195,4,82,5222,4124,1849,166,2109,148,43,247,596,17,47
516,,9343,3,茂木町,6638,4776,3109,152,1515,267,118,897,511,8,61,3734,2574,2061,78,435,195,105,741,82,2,35,2904,2202,1048,74,1080,72,13,156,429,6,26
517,,9344,3,市貝町,6299,4894,3266,182,1446,208,103,576,422,1,95,3646,2757,2330,80,347,161,93,480,96,-,59,2653,2137,936,102,1099,47,10,96,326,1,36
518,,9345,3,芳賀町,8054,5713,3670,286,1757,272,184,962,804,8,111,4630,3196,2595,152,449,207,165,815,179,1,67,3424,2517,1075,134,1308,65,19,147,625,7,44
519,,9361,3,壬生町,19919,15704,10055,506,5143,930,373,1482,1050,34,346,11103,8445,6916,266,1263,683,329,1208,229,5,204,8816,7259,3139,240,3880,247,44,274,821,29,142
520,,9364,3,野木町,12415,10391,6611,395,3385,501,191,786,425,12,109,7181,5864,4758,193,913,397,163,592,94,4,67,5234,4527,1853,202,2472,104,28,194,331,8,42
521,,9384,3,塩谷町,6041,4426,2919,137,1370,249,122,675,482,5,82,3345,2319,1900,77,342,181,113,563,112,1,56,2696,2107,1019,60,1028,68,9,112,370,4,26
522,,9386,3,高根沢町,15433,12272,8469,603,3200,479,257,1136,811,15,463,9328,7337,6221,368,748,354,229,917,157,1,333,6105,4935,2248,235,2452,125,28,219,654,14,130
523,,9407,3,那須町,11802,7809,4709,255,2845,618,352,1530,1209,12,272,6595,4179,3169,151,859,425,305,1245,286,2,153,5207,3630,1540,104,1986,193,47,285,923,10,119
524,,9411,3,那珂川町,8629,6245,4138,245,1862,353,231,1024,706,19,51,5017,3499,2810,166,523,248,201,876,162,1,30,3612,2746,1328,79,1339,105,30,148,544,18,21
525,,10000,a,群馬県,966060,766529,490651,29612,246266,49401,20365,69382,40506,2498,17379,547013,418552,339851,15811,62890,36678,17368,54684,8934,253,10544,419047,347977,150800,13801,183376,12723,2997,14698,31572,2245,6835
526,,10201,2,前橋市,162431,128421,83220,3851,41350,8947,3314,11771,5819,254,3905,90614,68605,56421,1807,10377,6676,2791,9042,1229,27,2244,71817,59816,26799,2044,30973,2271,523,2729,4590,227,1661
527,,10202,2,高崎市,177776,143769,93872,4463,45434,9706,3352,11858,5289,435,3367,100265,78048,64782,2122,11144,7318,2810,8952,1039,44,2054,77511,65721,29090,2341,34290,2388,542,2906,4250,391,1313
528,,10203,2,桐生市,55552,42338,27289,1447,13602,3489,1487,4289,2686,286,977,30643,22412,17992,729,3691,2471,1222,3380,578,32,548,24909,19926,9297,718,9911,1018,265,909,2108,254,429
529,,10204,2,伊勢崎市,102160,82458,52633,4466,25359,4922,1912,6446,3794,295,2333,58093,45410,36732,2472,6206,3624,1627,5104,882,26,1420,44067,37048,15901,1994,19153,1298,285,1342,2912,269,913
530,,10205,2,太田市,105433,85704,55052,4360,26292,5077,1969,6245,3656,296,2486,61990,49302,39737,2644,6921,3759,1678,4837,751,30,1633,43443,36402,15315,1716,19371,1318,291,1408,2905,266,853
531,,10206,2,沼田市,24516,18216,11681,324,6211,1268,782,2248,1668,51,283,13620,9655,7935,187,1533,946,676,1779,391,3,170,10896,8561,3746,137,4678,322,106,469,1277,48,113
532,,10207,2,館林市,36491,29424,18607,1148,9669,1756,788,2350,1567,73,533,21060,16538,13401,642,2495,1288,667,1845,368,9,345,15431,12886,5206,506,7174,468,121,505,1199,64,188
533,,10208,2,渋川市,38338,29771,19108,767,9896,1891,824,3217,1782,106,747,21394,15821,13028,341,2452,1422,701,2574,423,10,443,16944,13950,6080,426,7444,469,123,643,1359,96,304
534,,10209,2,藤岡市,32734,26528,16675,875,8978,1598,668,2450,1201,85,204,18281,14117,11498,471,2148,1214,578,1996,231,6,139,14453,12411,5177,404,6830,384,90,454,970,79,65
535,,10210,2,富岡市,25078,19220,12299,639,6282,1411,614,2107,1446,100,180,13854,10137,8439,304,1394,1021,545,1763,280,10,98,11224,9083,3860,335,4888,390,69,344,1166,90,82
536,,10211,2,安中市,28533,23161,14483,883,7795,1271,468,2129,1006,84,414,16166,12683,10266,421,1996,960,384,1681,203,10,245,12367,10478,4217,462,5799,311,84,448,803,74,169
537,,10212,2,みどり市,25687,19918,13102,678,6138,1367,643,1949,1296,131,383,14409,10695,8908,351,1436,1010,547,1606,306,15,230,11278,9223,4194,327,4702,357,96,343,990,116,153
538,,10344,3,榛東村,7727,6240,4139,186,1915,322,125,582,319,15,124,4576,3582,3023,88,471,248,111,492,71,-,72,3151,2658,1116,98,1444,74,14,90,248,15,52
539,,10345,3,吉岡町,10627,8836,5913,202,2721,414,173,743,328,28,105,5912,4726,4070,84,572,310,149,570,80,3,74,4715,4110,1843,118,2149,104,24,173,248,25,31
540,,10366,3,上野村,577,436,282,2,152,14,9,73,43,-,2,331,244,199,1,44,10,9,61,6,-,1,246,192,83,1,108,4,-,12,37,-,1
541,,10367,3,神流町,764,566,336,4,226,35,24,89,45,4,1,458,328,235,3,90,25,23,73,8,-,1,306,238,101,1,136,10,1,16,37,4,-
542,,10382,3,下仁田町,3678,2494,1628,64,802,233,110,479,343,10,9,2101,1332,1068,37,227,174,97,418,71,2,7,1577,1162,560,27,575,59,13,61,272,8,2
543,,10383,3,南牧村,757,525,347,14,164,28,30,102,68,1,3,442,290,219,8,63,25,25,86,14,-,2,315,235,128,6,101,3,5,16,54,1,1
544,,10384,3,甘楽町,7007,5110,3245,133,1732,317,188,728,546,42,76,3870,2687,2241,61,385,240,164,621,114,6,38,3137,2423,1004,72,1347,77,24,107,432,36,38
545,,10421,3,中之条町,8373,6466,4165,209,2092,388,181,827,476,20,15,4656,3455,2741,126,588,284,153,636,119,1,8,3717,3011,1424,83,1504,104,28,191,357,19,7
546,,10424,3,長野原町,3097,2184,1407,26,751,190,107,294,254,3,65,1812,1236,1020,12,204,141,99,246,58,1,31,1285,948,387,14,547,49,8,48,196,2,34
547,,10425,3,嬬恋村,5688,3366,1868,72,1426,332,358,575,1049,4,4,3352,1942,1253,50,639,247,346,473,341,-,3,2336,1424,615,22,787,85,12,102,708,4,1
548,,10426,3,草津町,3735,2798,1699,102,997,321,122,243,215,2,34,2048,1490,1052,64,374,211,96,179,49,-,23,1687,1308,647,38,623,110,26,64,166,2,11
549,,10428,3,高山村,1926,1394,842,73,479,61,47,248,173,1,2,1070,739,571,45,123,49,42,201,37,-,2,856,655,271,28,356,12,5,47,136,1,-
550,,10429,3,東吾妻町,7119,5304,3399,123,1782,261,136,851,545,10,12,3984,2813,2254,77,482,199,125,726,113,-,8,3135,2491,1145,46,1300,62,11,125,432,10,4
551,,10443,3,片品村,2512,1456,826,11,619,128,108,368,430,4,18,1387,782,572,7,203,91,97,306,101,-,10,1125,674,254,4,416,37,11,62,329,4,8
552,,10444,3,川場村,1671,1108,706,24,378,63,53,226,212,1,8,914,578,468,13,97,48,47,191,46,-,4,757,530,238,11,281,15,6,35,166,1,4
553,,10448,3,昭和村,4250,2415,1366,53,996,157,349,415,907,1,6,2335,1242,883,27,332,112,338,375,265,-,3,1915,1173,483,26,664,45,11,40,642,1,3
554,,10449,3,みなかみ町,10007,7489,4545,127,2817,467,253,1080,670,8,40,5522,3929,3065,65,799,346,203,877,144,1,22,4485,3560,1480,62,2018,121,50,203,526,7,18
555,,10464,3,玉村町,19099,16092,9791,738,5563,788,286,1008,491,48,386,10522,8543,6829,392,1322,596,253,792,101,4,233,8577,7549,2962,346,4241,192,33,216,390,44,153
556,,10521,3,板倉町,7848,5434,3319,161,1954,321,183,970,810,8,122,4453,2980,2403,85,492,239,171,820,168,-,75,3395,2454,916,76,1462,82,12,150,642,8,47
557,,10522,3,明和町,5621,4597,2991,170,1436,193,96,421,258,15,41,3296,2631,2177,89,365,154,84,341,55,3,28,2325,1966,814,81,1071,39,12,80,203,12,13
558,,10523,3,千代田町,5595,4637,2937,197,1503,232,87,357,226,20,36,3211,2531,2062,113,356,185,81,315,74,1,24,2384,2106,875,84,1147,47,6,42,152,19,12
559,,10524,3,大泉町,20686,18131,10246,2562,5323,810,280,775,356,33,301,12799,11101,7552,1606,1943,582,216,596,98,5,201,7887,7030,2694,956,3380,228,64,179,258,28,100
560,,10525,3,邑楽町,12967,10523,6633,458,3432,623,239,869,532,24,157,7573,5948,4755,267,926,453,213,730,120,4,105,5394,4575,1878,191,2506,170,26,139,412,20,52
561,,11000,a,埼玉県,3484648,2801137,1777834,102868,920435,162995,50940,193928,74907,6223,194518,2020890,1561528,1263126,43092,255310,128962,42784,148559,16391,754,121912,1463758,1239609,514708,59776,665125,34033,8156,45369,58516,5469,72606
562,,11100,1,さいたま市,587220,474063,313193,16451,144419,29245,7716,26605,8989,607,39995,341580,266456,222149,5602,38705,23191,6300,19230,1746,62,24595,245640,207607,91044,10849,105714,6054,1416,7375,7243,545,15400
563,,11101,0,さいたま市 西区,39172,31665,20032,1060,10573,1865,519,2027,639,53,2404,22906,17700,14293,408,2999,1530,433,1563,127,6,1547,16266,13965,5739,652,7574,335,86,464,512,47,857
564,,11102,0,さいたま市 北区,67301,56489,38241,1868,16380,2882,804,2475,836,44,3771,39355,32354,27683,621,4050,2273,654,1746,140,4,2184,27946,24135,10558,1247,12330,609,150,729,696,40,1587
565,,11103,0,さいたま市 大宮区,52919,42726,29616,1491,11619,3008,850,2302,775,49,3209,30628,24204,20534,494,3176,2260,658,1532,147,4,1823,22291,18522,9082,997,8443,748,192,770,628,45,1386
566,,11104,0,さいたま市 見沼区,71006,57637,36321,2002,19314,3459,921,3448,1176,88,4277,41053,32092,25910,757,5425,2815,766,2550,234,8,2588,29953,25545,10411,1245,13889,644,155,898,942,80,1689
567,,11105,0,さいたま市 中央区,47015,38111,26145,1343,10623,2199,551,1875,582,26,3671,27418,21400,18303,413,2684,1752,432,1316,103,-,2415,19597,16711,7842,930,7939,447,119,559,479,26,1256
568,,11106,0,さいたま市 桜区,45319,35961,21744,1312,12905,1985,497,2089,570,34,4183,26484,20185,15729,477,3979,1582,419,1579,104,6,2609,18835,15776,6015,835,8926,403,78,510,466,28,1574
569,,11107,0,さいたま市 浦和区,72831,59238,41443,2183,15612,4083,1063,2914,958,43,4532,41758,32985,28526,580,3879,3180,832,1859,143,5,2754,31073,26253,12917,1603,11733,903,231,1055,815,38,1778
570,,11108,0,さいたま市 南区,87896,71078,48019,2608,20451,4274,955,3465,955,78,7091,51489,40231,34013,862,5356,3414,764,2413,183,1,4483,36407,30847,14006,1746,15095,860,191,1052,772,77,2608
571,,11109,0,さいたま市 緑区,53821,42985,28494,1345,13146,2978,758,2771,1041,79,3209,31350,24047,20313,448,3286,2416,645,2084,211,9,1938,22471,18938,8181,897,9860,562,113,687,830,70,1271
572,,11110,0,さいたま市 岩槻区,49940,38173,23138,1239,13796,2512,798,3239,1457,113,3648,29139,21258,16845,542,3871,1969,697,2588,354,19,2254,20801,16915,6293,697,9925,543,101,651,1103,94,1394
573,,11201,2,川越市,164496,130035,81451,4968,43616,6952,2427,9273,3573,275,11961,95011,72309,57795,2253,12261,5522,2039,7102,807,27,7205,69485,57726,23656,2715,31355,1430,388,2171,2766,248,4756
574,,11202,2,熊谷市,95450,77327,49401,2951,24975,4133,1558,6011,2740,113,3568,55171,43227,34987,1413,6827,3137,1311,4639,548,16,2293,40279,34100,14414,1538,18148,996,247,1372,2192,97,1275
575,,11203,2,川口市,285638,221949,144201,8473,69275,17056,4373,15400,5319,509,21032,167579,123701,101324,3090,19287,13407,3679,11916,1219,47,13610,118059,98248,42877,5383,49988,3649,694,3484,4100,462,7422
576,,11206,2,行田市,40592,32894,20385,1358,11151,1774,712,2689,1309,99,1115,23221,18200,14479,707,3014,1350,600,2085,309,16,661,17371,14694,5906,651,8137,424,112,604,1000,83,454
577,,11207,2,秩父市,29658,23478,15273,442,7763,1571,733,2259,1106,115,396,16852,12883,10751,228,1904,1130,612,1714,250,13,250,12806,10595,4522,214,5859,441,121,545,856,102,146
578,,11208,2,所沢市,159692,127849,80827,4708,42314,7434,2186,9086,2922,189,10026,91501,70385,56146,1951,12288,5960,1804,6756,659,13,5924,68191,57464,24681,2757,30026,1474,382,2330,2263,176,4102
579,,11209,2,飯能市,38687,31939,19413,1030,11496,1777,625,2350,869,108,1019,22462,17822,13791,507,3524,1411,532,1766,212,9,710,16225,14117,5622,523,7972,366,93,584,657,99,309
580,,11210,2,加須市,57743,46619,28398,1760,16461,2219,915,4177,2110,159,1544,33279,25878,20578,886,4414,1725,769,3426,470,29,982,24464,20741,7820,874,12047,494,146,751,1640,130,562
581,,11211,2,本庄市,37555,29235,18367,1335,9533,1658,736,2838,1517,69,1502,21466,16031,12875,720,2436,1228,636,2280,365,9,917,16089,13204,5492,615,7097,430,100,558,1152,60,585
582,,11212,2,東松山市,44030,35892,21820,1556,12516,1853,698,2601,1040,74,1872,25487,20048,15486,792,3770,1470,585,2004,201,17,1162,18543,15844,6334,764,8746,383,113,597,839,57,710
583,,11214,2,春日部市,112603,92295,56867,3296,32132,4862,1763,6367,2405,245,4666,64880,51281,40623,1488,9170,3934,1480,4877,546,29,2733,47723,41014,16244,1808,22962,928,283,1490,1859,216,1933
584,,11215,2,狭山市,71414,58465,35780,2326,20359,2738,950,3927,1534,124,3676,42102,33302,25802,1169,6331,2225,788,3011,347,9,2420,29312,25163,9978,1157,14028,513,162,916,1187,115,1256
585,,11216,2,羽生市,26855,21870,13698,859,7313,1051,411,1675,903,80,865,15341,12162,9833,430,1899,789,350,1345,222,13,460,11514,9708,3865,429,5414,262,61,330,681,67,405
586,,11217,2,鴻巣市,57049,47255,29774,1766,15715,2261,806,3218,1579,108,1822,32921,26423,21338,767,4318,1822,674,2488,336,14,1164,24128,20832,8436,999,11397,439,132,730,1243,94,658
587,,11218,2,深谷市,70410,54302,34123,2324,17855,2857,1429,5366,3685,134,2637,40213,29990,23983,1208,4799,2169,1235,4305,851,14,1649,30197,24312,10140,1116,13056,688,194,1061,2834,120,988
588,,11219,2,上尾市,109113,91849,57219,3416,31214,4655,1302,5136,1620,167,4384,63029,51244,41091,1458,8695,3758,1098,3800,323,17,2789,46084,40605,16128,1958,22519,897,204,1336,1297,150,1595
589,,11221,2,草加市,118058,92992,58736,3478,30778,6175,1732,6301,2090,307,8461,69037,51814,41981,1391,8442,4895,1466,4857,452,37,5516,49021,41178,16755,2087,22336,1280,266,1444,1638,270,2945
590,,11222,2,越谷市,160205,127757,82206,4088,41463,7600,2339,8018,2962,360,11169,92751,71018,58368,1555,11095,6081,1964,6051,635,63,6939,67454,56739,23838,2533,30368,1519,375,1967,2327,297,4230
591,,11223,2,蕨市,36053,28228,18105,1270,8853,1746,506,1764,562,44,3203,20945,15693,12552,496,2645,1398,412,1247,102,8,2085,15108,12535,5553,774,6208,348,94,517,460,36,1118
592,,11224,2,戸田市,66972,54464,36330,1973,16161,3397,755,2823,846,53,4634,39091,30575,25778,633,4164,2680,625,2108,173,7,2923,27881,23889,10552,1340,11997,717,130,715,673,46,1711
593,,11225,2,入間市,71508,59400,36406,2142,20852,3111,978,3928,1292,155,2644,41238,32900,25973,1007,5920,2501,822,3000,260,21,1734,30270,26500,10433,1135,14932,610,156,928,1032,134,910
594,,11227,2,朝霞市,67135,53357,35311,1998,16048,2944,767,3298,920,75,5774,39093,29747,24843,661,4243,2341,627,2411,207,6,3754,28042,23610,10468,1337,11805,603,140,887,713,69,2020
595,,11228,2,志木市,34326,27406,17658,1038,8710,1820,467,1736,524,60,2313,19880,15212,12452,377,2383,1466,394,1294,104,7,1403,14446,12194,5206,661,6327,354,73,442,420,53,910
596,,11229,2,和光市,40963,32702,22920,1200,8582,1663,419,1722,536,36,3885,24426,18786,16029,401,2356,1346,369,1309,122,4,2490,16537,13916,6891,799,6226,317,50,413,414,32,1395
597,,11230,2,新座市,79125,61885,38248,2261,21376,3953,1225,5194,1550,126,5192,45902,34089,27211,869,6009,3191,1042,4009,335,11,3225,33223,27796,11037,1392,15367,762,183,1185,1215,115,1967
598,,11231,2,桶川市,35521,29650,18313,1079,10258,1621,495,2003,706,42,1004,20478,16450,13052,500,2898,1286,416,1549,133,6,638,15043,13200,5261,579,7360,335,79,454,573,36,366
599,,11232,2,久喜市,74872,61720,38023,2502,21195,2821,1086,4186,1917,103,3039,43426,34701,27482,1191,6028,2242,896,3214,433,13,1927,31446,27019,10541,1311,15167,579,190,972,1484,90,1112
600,,11233,2,北本市,32857,27323,16683,1018,9622,1387,417,1754,607,55,1314,18824,15131,11950,429,2752,1110,341,1306,123,5,808,14033,12192,4733,589,6870,277,76,448,484,50,506
601,,11234,2,八潮市,43767,33086,21417,1091,10578,2642,676,2553,1053,197,3560,26071,18772,15480,456,2836,2049,595,2090,242,29,2294,17696,14314,5937,635,7742,593,81,463,811,168,1266
602,,11235,2,富士見市,52330,41713,26252,1624,13837,2287,703,2926,943,74,3684,29887,22887,18486,627,3774,1803,595,2213,208,11,2170,22443,18826,7766,997,10063,484,108,713,735,63,1514
603,,11237,2,三郷市,67102,53083,33124,1801,18158,3776,1045,3766,1576,227,3629,39307,29518,23649,764,5105,2958,918,3072,374,38,2429,27795,23565,9475,1037,13053,818,127,694,1202,189,1200
604,,11238,2,蓮田市,28750,24140,15349,868,7923,1285,364,1575,579,31,776,16728,13478,10887,335,2256,1035,323,1283,113,3,493,12022,10662,4462,533,5667,250,41,292,466,28,283
605,,11239,2,坂戸市,46614,38645,23200,1549,13896,1934,679,2604,938,96,1718,27115,21580,16751,758,4071,1558,567,2035,196,5,1174,19499,17065,6449,791,9825,376,112,569,742,91,544
606,,11240,2,幸手市,24950,20304,12089,841,7374,1032,422,1611,759,44,778,14558,11422,8779,421,2222,818,361,1274,177,9,497,10392,8882,3310,420,5152,214,61,337,582,35,281
607,,11241,2,鶴ヶ島市,33699,28077,16959,1122,9996,1396,491,1807,554,78,1296,19241,15434,12054,482,2898,1111,393,1353,111,7,832,14458,12643,4905,640,7098,285,98,454,443,71,464
608,,11242,2,日高市,26297,21558,13240,729,7589,1149,445,1820,687,48,590,15163,11856,9345,355,2156,908,387,1471,170,4,367,11134,9702,3895,374,5433,241,58,349,517,44,223
609,,11243,2,吉川市,35201,28178,17908,797,9473,1671,496,1952,768,104,2032,20468,15706,13073,313,2320,1326,431,1505,183,9,1308,14733,12472,4835,484,7153,345,65,447,585,95,724
610,,11245,2,ふじみ野市,51346,41079,25896,1580,13603,2181,675,2627,853,68,3863,29827,22929,18715,638,3576,1764,562,1943,192,6,2431,21519,18150,7181,942,10027,417,113,684,661,62,1432
611,,11246,2,白岡市,25160,21267,13745,795,6727,955,314,1452,583,53,536,14851,12258,10069,337,1852,782,259,1099,119,5,329,10309,9009,3676,458,4875,173,55,353,464,48,207
612,,11301,3,伊奈町,20711,17242,11062,568,5612,916,274,1045,360,47,827,12116,9734,8144,231,1359,724,224,828,72,6,528,8595,7508,2918,337,4253,192,50,217,288,41,299
613,,11324,3,三芳町,17934,13904,8262,492,5150,834,272,1108,578,24,1214,10264,7577,5983,194,1400,656,238,886,156,1,750,7670,6327,2279,298,3750,178,34,222,422,23,464
614,,11326,3,毛呂山町,16181,13499,8207,437,4855,587,264,1041,365,30,395,8996,7157,5408,213,1536,456,223,832,73,4,251,7185,6342,2799,224,3319,131,41,209,292,26,144
615,,11327,3,越生町,5896,4678,2812,136,1730,270,107,463,203,27,148,3308,2493,1917,66,510,215,91,378,45,8,78,2588,2185,895,70,1220,55,16,85,158,19,70
616,,11341,3,滑川町,8957,7577,4872,327,2378,304,114,511,250,18,183,5370,4446,3639,155,652,246,91,395,60,2,130,3587,3131,1233,172,1726,58,23,116,190,16,53
617,,11342,3,嵐山町,8860,7270,4312,344,2614,378,132,669,224,18,169,5132,4029,3070,166,793,285,112,532,51,3,120,3728,3241,1242,178,1821,93,20,137,173,15,49
618,,11343,3,小川町,15454,12757,7508,508,4741,712,255,1053,431,40,206,8816,7002,5249,265,1488,556,203,839,81,7,128,6638,5755,2259,243,3253,156,52,214,350,33,78
619,,11346,3,川島町,10519,7905,4706,299,2900,449,190,949,437,25,564,6184,4381,3379,139,863,358,172,814,102,4,353,4335,3524,1327,160,2037,91,18,135,335,21,211
620,,11347,3,吉見町,10451,8290,4986,316,2988,439,163,917,406,14,222,6027,4544,3568,149,827,350,146,753,91,1,142,4424,3746,1418,167,2161,89,17,164,315,13,80
621,,11348,3,鳩山町,6418,5179,2952,207,2020,315,110,527,183,15,89,3671,2799,2056,91,652,259,98,426,26,2,61,2747,2380,896,116,1368,56,12,101,157,13,28
622,,11349,3,ときがわ町,5898,4693,2772,142,1779,258,122,540,247,19,19,3384,2582,1918,75,589,203,107,416,57,5,14,2514,2111,854,67,1190,55,15,124,190,14,5
623,,11361,3,横瀬町,4032,3294,2124,76,1094,190,66,295,125,17,45,2364,1879,1561,46,272,140,55,232,27,1,30,1668,1415,563,30,822,50,11,63,98,16,15
624,,11362,3,皆野町,4759,3727,2324,79,1324,284,104,405,199,17,23,2732,2056,1650,45,361,198,93,323,48,2,12,2027,1671,674,34,963,86,11,82,151,15,11
625,,11363,3,長瀞町,3588,2783,1701,71,1011,192,91,306,155,21,40,1994,1481,1181,40,260,136,78,231,40,2,26,1594,1302,520,31,751,56,13,75,115,19,14
626,,11365,3,小鹿野町,5991,4586,2874,65,1647,299,152,554,326,46,28,3399,2525,2023,37,465,195,138,446,72,7,16,2592,2061,851,28,1182,104,14,108,254,39,12
627,,11369,3,東秩父村,1377,1069,607,26,436,39,37,124,67,5,36,794,593,433,15,145,31,32,102,19,-,17,583,476,174,11,291,8,5,22,48,5,19
628,,11381,3,美里町,5634,4222,2658,145,1419,208,102,578,320,22,182,3224,2305,1840,87,378,168,88,481,79,3,100,2410,1917,818,58,1041,40,14,97,241,19,82
629,,11383,3,神川町,7020,5424,3359,233,1832,235,124,704,330,18,185,4039,2961,2350,132,479,174,112,582,81,3,126,2981,2463,1009,101,1353,61,12,122,249,15,59
630,,11385,3,上里町,15298,12373,7536,657,4180,498,287,1047,614,30,449,8561,6639,5304,358,977,388,256,868,140,4,266,6737,5734,2232,299,3203,110,31,179,474,26,183
631,,11408,3,寄居町,16758,13352,7969,536,4847,665,334,1254,645,38,470,9571,7319,5623,299,1397,510,294,1004,137,5,302,7187,6033,2346,237,3450,155,40,250,508,33,168
632,,11442,3,宮代町,15581,12816,7939,437,4440,634,209,980,379,40,523,9281,7384,5727,212,1445,519,164,770,87,7,350,6300,5432,2212,225,2995,115,45,210,292,33,173
633,,11464,3,杉戸町,21606,17381,10765,595,6021,922,336,1431,673,37,826,12676,9808,7821,264,1723,734,281,1149,190,6,508,8930,7573,2944,331,4298,188,55,282,483,31,318
634,,11465,3,松伏町,14709,11786,7219,309,4258,725,259,1029,365,44,501,8585,6536,5292,148,1096,584,231,835,82,3,314,6124,5250,1927,161,3162,141,28,194,283,41,187
635,,12000,a,千葉県,2879944,2355241,1512390,88038,754813,133576,44077,161375,75079,2895,107701,1659177,1312265,1071874,35734,204657,105098,36362,121195,17152,374,66731,1220767,1042976,440516,52304,550156,28478,7715,40180,57927,2521,40970
636,,12100,1,千葉市,430638,361940,230108,13487,118345,19711,5438,18428,5784,351,18986,246567,200494,163603,4988,31903,15709,4399,13086,1080,45,11754,184071,161446,66505,8499,86442,4002,1039,5342,4704,306,7232
637,,12101,0,千葉市 中央区,94319,78556,52785,2679,23092,4387,1339,3811,1252,61,4913,54131,43880,36590,1004,6286,3407,1050,2596,236,10,2952,40188,34676,16195,1675,16806,980,289,1215,1016,51,1961
638,,12102,0,千葉市 花見川区,78077,65909,41056,2722,22131,3375,889,3296,1024,77,3507,44768,36455,29266,995,6194,2711,729,2395,212,9,2257,33309,29454,11790,1727,15937,664,160,901,812,68,1250
639,,12103,0,千葉市 稲毛区,71155,60237,38130,2136,19971,3312,943,3014,923,64,2662,41088,33707,27055,826,5826,2633,779,2134,151,9,1675,30067,26530,11075,1310,14145,679,164,880,772,55,987
640,,12104,0,千葉市 若葉区,65464,53261,32927,1823,18511,3528,981,3851,1367,72,2404,37638,29385,23416,759,5210,2777,803,2914,266,9,1484,27826,23876,9511,1064,13301,751,178,937,1101,63,920
641,,12105,0,千葉市 緑区,55791,47025,30393,1454,15178,2438,698,2288,772,45,2525,31968,26067,22139,513,3415,1958,580,1625,148,6,1584,23823,20958,8254,941,11763,480,118,663,624,39,941
642,,12106,0,千葉市 美浜区,65832,56952,34817,2673,19462,2671,588,2168,446,32,2975,36974,31000,25137,891,4972,2223,458,1422,67,2,1802,28858,25952,9680,1782,14490,448,130,746,379,30,1173
643,,12202,2,銚子市,30923,22156,14560,540,7056,1629,990,2782,2866,26,474,17148,11857,9620,293,1944,1137,828,2217,809,1,299,13775,10299,4940,247,5112,492,162,565,2057,25,175
644,,12203,2,市川市,217193,179147,118621,8601,51925,11265,2856,10337,3340,202,10046,125695,100686,83048,2959,14679,8904,2314,7283,634,22,5852,91498,78461,35573,5642,37246,2361,542,3054,2706,180,4194
645,,12204,2,船橋市,286205,239759,157413,9850,72496,12423,3445,12605,4368,239,13366,166626,135579,112365,3677,19537,10006,2796,8909,951,19,8366,119579,104180,45048,6173,52959,2417,649,3696,3417,220,5000
646,,12205,2,館山市,21863,16322,10332,144,5846,1257,615,2174,1227,24,244,11932,8525,6869,75,1581,856,501,1624,268,1,157,9931,7797,3463,69,4265,401,114,550,959,23,87
647,,12206,2,木更津市,63757,52683,34738,1789,16156,3222,1077,3550,1673,53,1499,37436,30245,25379,819,4047,2366,829,2654,337,7,998,26321,22438,9359,970,12109,856,248,896,1336,46,501
648,,12207,2,松戸市,222511,181900,116244,7370,58286,10781,3042,11619,3761,245,11163,128457,101194,81847,2907,16440,8648,2486,8420,818,40,6851,94054,80706,34397,4463,41846,2133,556,3199,2943,205,4312
649,,12208,2,野田市,72703,58981,35819,1857,21305,3410,1271,4559,1942,172,2368,41981,32730,25633,922,6175,2699,1075,3551,471,25,1430,30722,26251,10186,935,15130,711,196,1008,1471,147,938
650,,12210,2,茂原市,40562,32536,20708,1311,10517,1884,696,2727,1311,55,1353,22963,17823,14401,660,2762,1385,559,2083,299,6,808,17599,14713,6307,651,7755,499,137,644,1012,49,545
651,,12211,2,成田市,64519,52497,34621,1992,15884,2550,926,3374,1935,46,3191,36778,29143,24198,865,4080,1927,721,2537,511,7,1932,27741,23354,10423,1127,11804,623,205,837,1424,39,1259
652,,12212,2,佐倉市,78540,65669,41191,2466,22012,3830,1064,4172,1445,75,2285,45079,36402,29164,1108,6130,3105,863,3044,287,11,1367,33461,29267,12027,1358,15882,725,201,1128,1158,64,918
653,,12213,2,東金市,28118,21967,13597,733,7637,1437,546,2180,1113,40,835,16075,11999,9525,370,2104,1085,440,1747,277,3,524,12043,9968,4072,363,5533,352,106,433,836,37,311
654,,12215,2,旭市,34378,24277,16126,635,7516,1503,1092,3299,3759,55,393,19122,13062,10752,323,1987,1063,963,2734,1039,4,257,15256,11215,5374,312,5529,440,129,565,2720,51,136
655,,12216,2,習志野市,78409,67393,43711,2894,20788,3377,881,3281,892,42,2543,45804,38307,31391,1047,5869,2709,711,2289,141,6,1641,32605,29086,12320,1847,14919,668,170,992,751,36,902
656,,12217,2,柏市,189003,155641,100363,5602,49676,8962,2707,9616,3409,211,8457,109597,87207,71627,2212,13368,7187,2248,6904,778,29,5244,79406,68434,28736,3390,36308,1775,459,2712,2631,182,3213
657,,12218,2,勝浦市,8538,6137,3689,118,2330,409,292,1018,618,8,56,4945,3390,2360,76,954,302,242,828,149,2,32,3593,2747,1329,42,1376,107,50,190,469,6,24
658,,12219,2,市原市,126496,105445,68350,3791,33304,5376,1718,5859,2425,101,5572,76081,61759,51042,1830,8887,4247,1404,4420,568,19,3664,50415,43686,17308,1961,24417,1129,314,1439,1857,82,1908
659,,12220,2,流山市,82097,69420,46051,2280,21089,3916,998,3984,1283,105,2391,47559,39024,32569,882,5573,3145,814,2838,248,14,1476,34538,30396,13482,1398,15516,771,184,1146,1035,91,915
660,,12221,2,八千代市,85839,72115,45455,2745,23915,3832,983,3888,1345,74,3602,49505,40128,32695,1169,6264,3073,815,2911,250,6,2322,36334,31987,12760,1576,17651,759,168,977,1095,68,1280
661,,12222,2,我孫子市,58794,48934,31230,1765,15939,2611,764,3163,1117,59,2146,33711,27133,22097,706,4330,2141,635,2270,212,6,1314,25083,21801,9133,1059,11609,470,129,893,905,53,832
662,,12223,2,鴨川市,16794,12310,8245,116,3949,780,403,1966,1083,10,242,8870,6032,4876,64,1092,552,331,1600,230,4,121,7924,6278,3369,52,2857,228,72,366,853,6,121
663,,12224,2,鎌ケ谷市,50116,41743,26319,1548,13876,2147,709,2749,1125,55,1588,28814,23105,18705,629,3771,1735,595,2151,284,4,940,21302,18638,7614,919,10105,412,114,598,841,51,648
664,,12225,2,君津市,42921,36149,24278,1097,10774,1521,744,2473,1220,33,781,25747,21369,18153,521,2695,1162,577,1839,299,4,497,17174,14780,6125,576,8079,359,167,634,921,29,284
665,,12226,2,富津市,22526,17466,11483,501,5482,1040,554,1819,1221,27,399,13378,10031,8342,229,1460,780,472,1486,298,2,309,9148,7435,3141,272,4022,260,82,333,923,25,90
666,,12227,2,浦安市,79358,66058,43182,3044,19832,4679,869,2883,668,29,4172,44617,35538,29815,902,4821,3678,703,1935,98,4,2661,34741,30520,13367,2142,15011,1001,166,948,570,25,1511
667,,12228,2,四街道市,39698,33249,21088,1121,11040,1909,575,2096,725,40,1104,22949,18513,15113,506,2894,1549,477,1596,140,4,670,16749,14736,5975,615,8146,360,98,500,585,36,434
668,,12229,2,袖ケ浦市,29534,24702,16165,984,7553,1176,454,1678,931,7,586,17273,14117,11782,420,1915,901,361,1295,202,1,396,12261,10585,4383,564,5638,275,93,383,729,6,190
669,,12230,2,八街市,36110,28081,16159,1109,10813,1550,757,2779,2029,67,847,20774,15457,11744,571,3142,1228,662,2355,523,8,541,15336,12624,4415,538,7671,322,95,424,1506,59,306
670,,12231,2,印西市,45662,38279,24179,1206,12894,1947,519,2517,1182,27,1191,26225,21266,17530,447,3289,1613,438,1910,283,2,713,19437,17013,6649,759,9605,334,81,607,899,25,478
671,,12232,2,白井市,28882,24089,15399,764,7926,1454,445,1547,886,23,438,16781,13435,11127,323,1985,1221,395,1229,209,2,290,12101,10654,4272,441,5941,233,50,318,677,21,148
672,,12233,2,富里市,24939,19353,11372,913,7068,1042,552,1752,1456,21,763,14387,10771,8222,447,2102,799,477,1402,424,4,510,10552,8582,3150,466,4966,243,75,350,1032,17,253
673,,12234,2,南房総市,19136,12302,7675,122,4505,868,681,2994,2125,16,150,10321,6285,4963,54,1268,607,576,2334,430,2,87,8815,6017,2712,68,3237,261,105,660,1695,14,63
674,,12235,2,匝瑳市,18260,12932,8360,345,4227,910,632,1880,1582,33,291,10211,6751,5563,141,1047,680,561,1567,468,5,179,8049,6181,2797,204,3180,230,71,313,1114,28,112
675,,12236,2,香取市,38217,28000,18097,816,9087,1729,913,3808,2766,63,938,21637,15221,12503,441,2277,1243,778,3192,621,12,570,16580,12779,5594,375,6810,486,135,616,2145,51,368
676,,12237,2,山武市,25865,19037,11491,734,6812,1103,572,2630,1968,64,491,14698,10278,8026,337,1915,828,510,2230,524,15,313,11167,8759,3465,397,4897,275,62,400,1444,49,178
677,,12238,2,いすみ市,17071,12815,8160,327,4328,830,540,1631,1014,27,214,9518,6744,5340,184,1220,613,472,1311,244,5,129,7553,6071,2820,143,3108,217,68,320,770,22,85
678,,12239,2,大網白里市,22602,17852,11039,614,6199,1052,413,1739,860,33,653,13023,9923,7967,290,1666,813,338,1344,208,6,391,9579,7929,3072,324,4533,239,75,395,652,27,262
679,,12322,3,酒々井町,9480,7909,4665,322,2922,351,136,527,234,4,319,5291,4285,3267,151,867,267,112,393,51,-,183,4189,3624,1398,171,2055,84,24,134,183,4,136
680,,12329,3,栄町,10424,8850,5158,370,3322,361,138,654,277,8,136,5884,4828,3620,191,1017,289,112,519,55,3,78,4540,4022,1538,179,2305,72,26,135,222,5,58
681,,12342,3,神崎町,3237,2218,1332,88,798,121,44,224,124,5,501,1842,1198,934,45,219,92,38,172,36,1,305,1395,1020,398,43,579,29,6,52,88,4,196
682,,12347,3,多古町,7924,5431,3372,238,1821,363,236,1036,797,7,54,4503,2939,2277,103,559,275,203,888,164,-,34,3421,2492,1095,135,1262,88,33,148,633,7,20
683,,12349,3,東庄町,7084,5096,3305,147,1644,262,237,711,736,22,20,4020,2825,2328,70,427,194,208,585,192,2,14,3064,2271,977,77,1217,68,29,126,544,20,6
684,,12403,3,九十九里町,7819,5793,3417,230,2146,438,210,768,494,10,106,4343,3017,2294,109,614,326,184,625,128,-,63,3476,2776,1123,121,1532,112,26,143,366,10,43
685,,12409,3,芝山町,4018,2610,1590,120,900,192,108,529,522,3,54,2264,1413,1141,68,204,151,91,452,120,-,37,1754,1197,449,52,696,41,17,77,402,3,17
686,,12410,3,横芝光町,11825,8456,5131,377,2948,525,283,1231,984,24,322,6509,4411,3456,159,796,379,246,1041,248,5,179,5316,4045,1675,218,2152,146,37,190,736,19,143
687,,12421,3,一宮町,5615,4065,2644,124,1297,279,164,596,436,7,68,3086,2111,1714,59,338,216,138,476,96,1,48,2529,1954,930,65,959,63,26,120,340,6,20
688,,12422,3,睦沢町,3229,2539,1647,74,818,146,57,305,155,7,20,1833,1358,1092,45,221,117,46,257,41,-,14,1396,1181,555,29,597,29,11,48,114,7,6
689,,12423,3,長生村,6508,5306,3317,167,1822,257,130,524,271,6,14,3734,2932,2326,89,517,196,112,427,60,1,6,2774,2374,991,78,1305,61,18,97,211,5,8
690,,12424,3,白子町,5335,3872,2418,106,1348,270,154,585,411,5,38,3034,2050,1633,50,367,221,134,491,113,-,25,2301,1822,785,56,981,49,20,94,298,5,13
691,,12426,3,長柄町,3485,2659,1684,70,905,150,60,402,181,3,30,2038,1480,1194,45,241,115,47,337,38,-,21,1447,1179,490,25,664,35,13,65,143,3,9
692,,12427,3,長南町,3836,3057,2034,119,904,123,65,411,170,2,8,2224,1687,1349,62,276,100,53,353,25,1,5,1612,1370,685,57,628,23,12,58,145,1,3
693,,12441,3,大多喜町,4366,3303,2119,70,1114,218,97,408,270,12,58,2496,1796,1408,44,344,168,87,336,73,2,34,1870,1507,711,26,770,50,10,72,197,10,24
694,,12443,3,御宿町,3020,2097,1271,34,792,179,113,349,188,5,89,1630,1048,813,20,215,137,93,261,36,-,55,1390,1049,458,14,577,42,20,88,152,5,34
695,,12463,3,鋸南町,3962,2644,1668,51,925,219,112,559,375,7,46,2162,1364,1072,30,262,159,92,457,64,1,25,1800,1280,596,21,663,60,20,102,311,6,21
696,,13000,a,東京都,5858959,4348844,2870804,184330,1293710,378891,96135,366437,101336,5588,561728,3291599,2322957,1872226,61163,389568,287506,76615,251247,19150,731,333393,2567360,2025887,998578,123167,904142,91385,19520,115190,82186,4857,228335
697,,13100,1,特別区部,3979836,2856069,1925903,128003,802163,286396,68537,250355,69992,4009,444478,2213284,1501301,1217279,39412,244610,214486,54071,168578,12862,560,261426,1766552,1354768,708624,88591,557553,71910,14466,81777,57130,3449,183052
698,,13101,0,千代田区,24692,14506,11478,398,2630,3463,710,1378,563,12,4060,14006,7756,6910,106,740,2329,537,804,95,2,2483,10686,6750,4568,292,1890,1134,173,574,468,10,1577
699,,13102,0,中央区,66868,44710,34922,1780,8008,7262,1417,3498,1137,30,8814,35750,22499,20040,374,2085,5232,1017,1988,191,3,4820,31118,22211,14882,1406,5923,2030,400,1510,946,27,3994
700,,13103,0,港区,89508,50616,38106,2041,10469,12014,2014,5152,1439,50,18223,48611,25415,21967,504,2944,8260,1453,2820,232,7,10424,40897,25201,16139,1537,7525,3754,561,2332,1207,43,7799
701,,13104,0,新宿区,134848,84043,57958,3668,22417,10808,2629,8519,2245,69,26535,73911,43280,34564,1068,7648,7732,1972,5189,375,8,15355,60937,40763,23394,2600,14769,3076,657,3330,1870,61,11180
702,,13105,0,文京区,95226,66507,47753,2475,16279,8960,2185,5733,1853,59,9929,51163,33804,27554,651,5599,6402,1671,3435,324,4,5523,44063,32703,20199,1824,10680,2558,514,2298,1529,55,4406
703,,13106,0,台東区,85952,52989,36813,2217,13959,8901,1949,6145,2543,161,13264,48157,27592,22298,698,4596,6396,1456,4206,496,22,7989,37795,25397,14515,1519,9363,2505,493,1939,2047,139,5275
704,,13107,0,墨田区,122324,89298,61383,3808,24107,9110,2260,7474,2806,226,11150,67979,46538,38254,1091,7193,6887,1790,5486,551,37,6690,54345,42760,23129,2717,16914,2223,470,1988,2255,189,4460
705,,13108,0,江東区,228833,174973,119131,8672,47170,14253,3114,11406,3197,188,21702,128991,93642,77439,2510,13693,11192,2483,7914,595,27,13138,99842,81331,41692,6162,33477,3061,631,3492,2602,161,8564
706,,13109,0,品川区,182766,137535,97678,6572,33285,12664,2969,10090,2726,94,16688,100443,71756,59497,1999,10260,9603,2307,6583,493,11,9690,82323,65779,38181,4573,23025,3061,662,3507,2233,83,6998
707,,13110,0,目黒区,119587,80126,57697,3389,19040,11427,2302,8672,1916,85,15059,63972,40159,33732,876,5551,8287,1771,5041,328,9,8377,55615,39967,23965,2513,13489,3140,531,3631,1588,76,6682
708,,13111,0,大田区,340829,261476,179385,11866,70225,22789,5305,17954,5289,258,27758,194034,142003,116659,3995,21349,17403,4291,12548,1016,44,16729,146795,119473,62726,7871,48876,5386,1014,5406,4273,214,11029
709,,13112,0,世田谷区,350132,241745,164013,10425,67307,30356,6599,25594,5740,238,39860,190047,123165,100319,2758,20088,22841,5247,15701,914,33,22146,160085,118580,63694,7667,47219,7515,1352,9893,4826,205,17714
710,,13113,0,渋谷区,92718,57344,41203,2657,13484,10988,2143,7739,1624,45,12835,49190,28326,23286,717,4323,7443,1600,4447,276,4,7094,43528,29018,17917,1940,9161,3545,543,3292,1348,41,5741
711,,13114,0,中野区,140129,100739,67835,5142,27762,9166,2387,9831,2383,107,15516,77941,52725,41565,1634,9526,6880,1856,6567,430,14,9469,62188,48014,26270,3508,18236,2286,531,3264,1953,93,6047
712,,13115,0,杉並区,248373,180366,122699,8809,48858,17248,4235,18116,3908,154,24346,134133,91930,74121,2336,15473,13077,3345,11311,655,14,13801,114240,88436,48578,6473,33385,4171,890,6805,3253,140,10545
713,,13116,0,豊島区,121926,84037,57409,4006,22622,8614,2282,7792,2220,82,16899,67588,43898,34705,1272,7921,6262,1762,5077,423,13,10153,54338,40139,22704,2734,14701,2352,520,2715,1797,69,6746
714,,13117,0,北区,144825,105860,68965,4796,32099,7781,2160,8669,2438,162,17755,80981,56186,44007,1646,10533,5875,1716,5994,475,15,10720,63844,49674,24958,3150,21566,1906,444,2675,1963,147,7035
715,,13118,0,荒川区,95686,68775,44728,3158,20889,6365,1736,6544,2204,154,9908,53056,36020,28431,998,6591,4829,1364,4637,436,25,5745,42630,32755,16297,2160,14298,1536,372,1907,1768,129,4163
716,,13119,0,板橋区,239664,181320,117791,8502,55027,13173,3391,14266,3737,229,23548,132819,94812,75277,2739,16796,10243,2707,10358,649,22,14028,106845,86508,42514,5763,38231,2930,684,3908,3088,207,9520
717,,13120,0,練馬区,284146,205602,134870,8791,61941,17571,4622,19081,4745,229,32296,159228,108685,88282,2624,17779,13817,3789,13270,828,23,18816,124918,96917,46588,6167,44162,3754,833,5811,3917,206,13480
718,,13121,0,足立区,272140,194630,121188,8080,65362,15172,4578,17995,5869,590,33306,155422,104892,82456,2954,19482,11707,3720,13626,1169,111,20197,116718,89738,38732,5126,45880,3465,858,4369,4700,479,13109
719,,13122,0,葛飾区,195544,146855,94134,6220,46501,11065,3155,12169,4176,375,17749,110903,78863,62798,2147,13918,8502,2631,9123,832,74,10878,84641,67992,31336,4073,32583,2563,524,3046,3344,301,6871
720,,13123,0,江戸川区,303120,232017,148764,10531,72722,17246,4395,16538,5234,412,27278,174959,127355,103118,3715,20522,13287,3586,12453,1079,38,17161,128161,104662,45646,6816,52200,3959,809,4085,4155,374,10117
721,,13201,2,八王子市,247855,201003,121735,7160,72108,12309,3523,13996,4046,273,12705,143113,111709,86019,3032,22658,9614,2892,10282,776,27,7813,104742,89294,35716,4128,49450,2695,631,3714,3270,246,4892
722,,13202,2,立川市,74695,60072,38236,2320,19516,3499,1061,4477,1288,52,4246,42760,33160,26577,922,5661,2689,855,3224,284,9,2539,31935,26912,11659,1398,13855,810,206,1253,1004,43,1707
723,,13203,2,武蔵野市,66129,50358,35049,2066,13243,4644,1196,4752,1077,36,4066,36459,26496,22020,588,3888,3493,944,2918,181,4,2423,29670,23862,13029,1478,9355,1151,252,1834,896,32,1643
724,,13204,2,三鷹市,94138,62754,41379,2767,18608,4715,1258,5666,1358,58,18329,53651,33606,27174,920,5512,3693,1022,3795,291,4,11240,40487,29148,14205,1847,13096,1022,236,1871,1067,54,7089
725,,13205,2,青梅市,59533,48100,29428,1474,17198,2703,944,3528,1301,57,2900,34649,26882,20932,760,5190,2096,789,2715,294,6,1867,24884,21218,8496,714,12008,607,155,813,1007,51,1033
726,,13206,2,府中市,123572,101243,67736,3839,29668,5639,1716,6726,1801,91,6356,72540,57485,47628,1424,8433,4495,1396,4834,388,11,3931,51032,43758,20108,2415,21235,1144,320,1892,1413,80,2425
727,,13207,2,昭島市,51949,43012,26842,1833,14337,2222,788,2864,836,49,2178,30065,24011,19087,846,4078,1774,635,2128,179,5,1333,21884,19001,7755,987,10259,448,153,736,657,44,845
728,,13208,2,調布市,106263,83551,55326,3475,24750,5735,1578,6486,1561,54,7298,60182,45068,36537,1017,7514,4533,1278,4506,302,7,4488,46081,38483,18789,2458,17236,1202,300,1980,1259,47,2810
729,,13209,2,町田市,177299,140972,87698,5159,48115,9328,2445,10456,2512,158,11428,102286,77810,62306,2096,13408,7457,1991,7434,450,19,7125,75013,63162,25392,3063,34707,1871,454,3022,2062,139,4303
730,,13210,2,小金井市,55350,44256,29256,1664,13336,2695,736,3580,763,26,3294,31592,24392,19522,513,4357,2146,594,2304,142,2,2012,23758,19864,9734,1151,8979,549,142,1276,621,24,1282
731,,13211,2,小平市,82716,66635,42332,2274,22029,3804,1109,5111,1396,53,4608,47578,36888,29654,823,6411,3084,889,3601,292,7,2817,35138,29747,12678,1451,15618,720,220,1510,1104,46,1791
732,,13212,2,日野市,80597,67072,42914,2702,21456,2916,913,4364,1028,57,4247,47119,38076,30620,1074,6382,2366,742,3086,175,5,2669,33478,28996,12294,1628,15074,550,171,1278,853,52,1578
733,,13213,2,東村山市,66448,53665,33554,1969,18142,2936,938,4293,1163,66,3387,37693,29186,23256,803,5127,2366,786,3093,222,4,2036,28755,24479,10298,1166,13015,570,152,1200,941,62,1351
734,,13214,2,国分寺市,54565,43290,28728,1625,12937,2768,777,3259,829,24,3618,31123,23902,19553,573,3776,2183,616,2124,148,4,2146,23442,19388,9175,1052,9161,585,161,1135,681,20,1472
735,,13215,2,国立市,32761,25406,16412,1005,7989,1963,642,2100,581,22,2047,18406,13702,10945,359,2398,1502,519,1360,91,5,1227,14355,11704,5467,646,5591,461,123,740,490,17,820
736,,13218,2,福生市,24773,20202,12208,902,7092,1082,456,1570,471,25,967,14198,11112,8518,436,2158,871,359,1155,89,1,611,10575,9090,3690,466,4934,211,97,415,382,24,356
737,,13219,2,狛江市,36320,28127,18203,1161,8763,1992,588,2593,598,25,2397,20262,14904,11821,368,2715,1577,480,1756,129,4,1412,16058,13223,6382,793,6048,415,108,837,469,21,985
738,,13220,2,東大和市,36999,29859,18654,933,10272,1824,516,2418,726,36,1620,21319,16412,13177,399,2836,1414,447,1870,147,2,1027,15680,13447,5477,534,7436,410,69,548,579,34,593
739,,13221,2,清瀬市,30900,24631,15003,994,8634,1356,463,2041,729,47,1633,17219,13115,10176,408,2531,1056,377,1545,150,7,969,13681,11516,4827,586,6103,300,86,496,579,40,664
740,,13222,2,東久留米市,51694,40789,24955,1454,14380,2588,838,3553,1004,40,2882,29444,22048,17309,547,4192,2071,693,2612,239,3,1778,22250,18741,7646,907,10188,517,145,941,765,37,1104
741,,13223,2,武蔵村山市,29711,22711,12904,753,9054,1476,503,2153,579,40,2249,17126,12336,9481,356,2499,1139,439,1702,138,4,1368,12585,10375,3423,397,6555,337,64,451,441,36,881
742,,13224,2,多摩市,61709,50280,30427,2129,17724,2947,709,3363,619,68,3723,34886,27101,20954,768,5379,2394,572,2390,128,7,2294,26823,23179,9473,1361,12345,553,137,973,491,61,1429
743,,13225,2,稲城市,40622,33301,21620,1293,10388,2000,485,2294,672,55,1815,23702,18631,15473,441,2717,1643,408,1673,147,4,1196,16920,14670,6147,852,7671,357,77,621,525,51,619
744,,13227,2,羽村市,26392,22145,13935,1003,7207,1069,355,1488,398,16,921,15618,12696,10086,550,2060,843,281,1130,73,1,594,10774,9449,3849,453,5147,226,74,358,325,15,327
745,,13228,2,あきる野市,34702,27026,16090,732,10204,1711,659,2441,877,41,1947,20116,14864,11522,369,2973,1338,582,1916,189,3,1224,14586,12162,4568,363,7231,373,77,525,688,38,723
746,,13229,2,西東京市,90489,71855,45722,2907,23226,4481,1275,5998,1514,57,5309,50925,38664,31049,954,6661,3591,1023,4199,295,6,3147,39564,33191,14673,1953,16565,890,252,1799,1219,51,2162
747,,13303,3,瑞穂町,15799,12131,7055,430,4646,833,300,1245,406,24,860,9218,6651,5100,232,1319,626,267,1025,96,4,549,6581,5480,1955,198,3327,207,33,220,310,20,311
748,,13305,3,日の出町,7154,5823,3415,173,2235,336,132,575,161,12,115,4154,3213,2435,100,678,273,112,444,38,2,72,3000,2610,980,73,1557,63,20,131,123,10,43
749,,13307,3,檜原村,1017,683,376,12,295,57,25,167,62,5,18,621,389,275,9,105,43,21,138,14,3,13,396,294,101,3,190,14,4,29,48,2,5
750,,13308,3,奥多摩町,2191,1678,985,22,671,126,74,227,78,2,6,1302,959,699,12,248,98,61,154,25,-,5,889,719,286,10,423,28,13,73,53,2,1
751,,13361,3,大島町,3989,2809,1835,23,951,221,142,582,230,1,4,2315,1616,1314,14,288,165,115,381,37,-,1,1674,1193,521,9,663,56,27,201,193,1,3
752,,13362,3,利島村,239,160,128,1,31,11,3,47,18,-,-,147,101,92,-,9,8,3,35,-,-,-,92,59,36,1,22,3,-,12,18,-,-
753,,13363,3,新島村,1495,961,636,12,313,59,67,276,116,-,16,882,577,480,2,95,44,55,171,25,-,10,613,384,156,10,218,15,12,105,91,-,6
754,,13364,3,神津島村,1097,651,417,8,226,44,56,222,104,-,20,648,369,287,8,74,32,47,152,37,-,11,449,282,130,-,152,12,9,70,67,-,9
755,,13381,3,三宅村,1413,1018,712,14,292,96,47,181,62,-,9,911,672,542,10,120,72,33,115,15,-,4,502,346,170,4,172,24,14,66,47,-,5
756,,13382,3,御蔵島村,217,167,113,1,53,5,14,16,14,-,1,135,105,91,-,14,4,12,11,3,-,-,82,62,22,1,39,1,2,5,11,-,1
757,,13401,3,八丈町,4064,2575,1542,20,1013,213,197,760,281,9,29,2350,1446,1110,6,330,164,149,523,52,1,15,1714,1129,432,14,683,49,48,237,229,8,14
758,,13402,3,青ヶ島村,139,111,89,2,20,5,5,13,4,-,1,91,76,70,1,5,2,3,10,-,-,-,48,35,19,1,15,3,2,3,4,-,1
759,,13421,3,小笠原村,2128,1693,1252,16,425,87,65,201,81,-,1,1510,1226,1056,11,159,61,57,158,7,-,1,618,467,196,5,266,26,8,43,74,-,-
760,,14000,a,神奈川県,4121817,3423024,2214549,131647,1076828,208121,57172,207850,63917,3201,158532,2394501,1924094,1569723,53259,301112,163820,46145,147823,12964,349,99306,1727316,1498930,644826,78388,775716,44301,11027,60027,50953,2852,59226
761,,14100,1,横浜市,1673913,1391093,912602,54045,424446,90173,22095,78298,21430,1019,69805,970876,779154,642942,19509,116703,71469,17715,54300,4058,108,44072,703037,611939,269660,34536,307743,18704,4380,23998,17372,911,25733
762,,14101,0,横浜市 鶴見区,135448,111803,74827,5044,31932,7020,1793,5588,1744,106,7394,80071,63951,53248,1952,8751,5458,1398,3917,387,11,4949,55377,47852,21579,3092,23181,1562,395,1671,1357,95,2445
763,,14102,0,横浜市 神奈川区,111961,92189,61830,4007,26352,5686,1477,5209,1467,58,5875,64813,51467,42022,1392,8053,4440,1196,3582,328,6,3794,47148,40722,19808,2615,18299,1246,281,1627,1139,52,2081
764,,14103,0,横浜市 西区,46397,37330,26587,1686,9057,2932,711,2060,582,22,2760,26571,20636,17517,560,2559,2209,540,1348,112,3,1723,19826,16694,9070,1126,6498,723,171,712,470,19,1037
765,,14104,0,横浜市 中区,61527,46467,31329,1998,13140,5118,1288,3410,997,34,4213,35529,25829,21198,698,3933,3722,964,2139,170,6,2699,25998,20638,10131,1300,9207,1396,324,1271,827,28,1514
766,,14105,0,横浜市 南区,85944,70063,44484,3043,22536,4537,1206,4425,1210,56,4447,49014,38371,30495,1148,6728,3556,910,3127,236,6,2808,36930,31692,13989,1895,15808,981,296,1298,974,50,1639
767,,14106,0,横浜市 保土ケ谷区,91437,75677,47871,3217,24589,4827,1093,4741,1215,45,3839,52865,42144,33712,1159,7273,3829,884,3387,247,10,2364,38572,33533,14159,2058,17316,998,209,1354,968,35,1475
768,,14107,0,横浜市 磯子区,74750,63298,40739,2700,19859,3490,970,3350,803,43,2796,43365,35650,29041,1117,5492,2762,756,2262,140,9,1786,31385,27648,11698,1583,14367,728,214,1088,663,34,1010
769,,14108,0,横浜市 金沢区,90363,77047,48705,3006,25336,4491,1224,3792,1135,49,2625,52047,43040,34668,1201,7171,3626,1004,2569,191,6,1611,38316,34007,14037,1805,18165,865,220,1223,944,43,1014
770,,14109,0,横浜市 港北区,160198,132154,92071,5288,34795,8859,1975,7456,1924,97,7733,92802,74105,62688,1586,9831,6969,1542,4970,336,1,4879,67396,58049,29383,3702,24964,1890,433,2486,1588,96,2854
771,,14110,0,横浜市 戸塚区,122311,104618,68522,3707,32389,5506,1357,5271,1351,77,4131,71230,59186,49285,1402,8499,4471,1082,3674,276,8,2533,51081,45432,19237,2305,23890,1035,275,1597,1075,69,1598
772,,14111,0,横浜市 港南区,95157,80404,51807,2901,25696,4821,1298,4194,1105,52,3283,54539,44361,36395,1111,6855,3850,1064,3010,177,8,2069,40618,36043,15412,1790,18841,971,234,1184,928,44,1214
773,,14112,0,横浜市 旭区,107012,88984,56058,3234,29692,5072,1315,5212,1276,66,5087,61674,49235,39885,1218,8132,4079,1075,3808,250,5,3222,45338,39749,16173,2016,21560,993,240,1404,1026,61,1865
774,,14113,0,横浜市 緑区,82590,70401,45178,2564,22659,3614,904,3811,1007,57,2796,47874,39544,32456,987,6101,2943,727,2727,196,8,1729,34716,30857,12722,1577,16558,671,177,1084,811,49,1067
775,,14114,0,横浜市 瀬谷区,52794,44230,27083,1644,15503,2174,659,2810,788,33,2100,30338,24523,19628,678,4217,1740,548,2076,163,2,1286,22456,19707,7455,966,11286,434,111,734,625,31,814
776,,14115,0,横浜市 栄区,51452,43885,28305,1576,14004,2376,674,2351,627,30,1509,29853,24654,20263,628,3763,1969,543,1654,112,3,918,21599,19231,8042,948,10241,407,131,697,515,27,591
777,,14116,0,横浜市 泉区,66817,56419,36272,1847,18300,3304,932,3329,1077,42,1714,38947,31790,26111,726,4953,2685,770,2424,215,5,1058,27870,24629,10161,1121,13347,619,162,905,862,37,656
778,,14117,0,横浜市 青葉区,140170,115575,77281,4138,34156,9577,1974,6857,1770,91,4326,81729,64944,54879,1212,8853,7809,1654,4460,255,6,2601,58441,50631,22402,2926,25303,1768,320,2397,1515,85,1725
779,,14118,0,横浜市 都筑区,97585,80549,53653,2445,24451,6769,1245,4432,1352,61,3177,57615,45724,39451,734,5539,5352,1058,3166,267,5,2043,39970,34825,14202,1711,18912,1417,187,1266,1085,56,1134
780,,14130,1,川崎市,676420,562517,383749,22706,156062,32987,8176,31808,8162,409,32361,393212,316324,265114,7924,43286,26201,6534,22244,1672,44,20193,283208,246193,118635,14782,112776,6786,1642,9564,6490,365,12168
781,,14131,0,川崎市 川崎区,99048,81191,54114,3723,23354,5041,1395,4148,1318,58,5897,59785,47418,38915,1595,6908,3939,1071,3015,283,4,4055,39263,33773,15199,2128,16446,1102,324,1133,1035,54,1842
782,,14132,0,川崎市 幸区,74372,63118,43683,2686,16749,3337,925,2993,916,47,3036,43472,35926,30251,984,4691,2645,726,2135,188,8,1844,30900,27192,13432,1702,12058,692,199,858,728,39,1192
783,,14133,0,川崎市 中原区,124746,105694,78323,4183,23188,5255,1296,4990,1355,62,6094,72506,60058,52593,1284,6181,4097,1017,3327,284,7,3716,52240,45636,25730,2899,17007,1158,279,1663,1071,55,2378
784,,14134,0,川崎市 高津区,106690,88034,59978,3607,24449,5123,1159,5197,1199,63,5915,61165,48745,41041,1162,6542,4018,927,3600,245,5,3625,45525,39289,18937,2445,17907,1105,232,1597,954,58,2290
785,,14135,0,川崎市 多摩区,94565,77570,51077,3087,23406,4148,1094,4900,1179,49,5625,54578,43133,34579,1185,7369,3314,891,3494,255,7,3484,39987,34437,16498,1902,16037,834,203,1406,924,42,2141
786,,14136,0,川崎市 宮前区,99207,82430,54013,3069,25348,5596,1271,5355,1259,81,3215,56942,45399,37965,929,6505,4521,1070,3808,263,8,1873,42265,37031,16048,2140,18843,1075,201,1547,996,73,1342
787,,14137,0,川崎市 麻生区,77792,64480,42561,2351,19568,4487,1036,4225,936,49,2579,44764,35645,29770,785,5090,3667,832,2865,154,5,1596,33028,28835,12791,1566,14478,820,204,1360,782,44,983
788,,14150,1,相模原市,324631,270366,167191,10249,92926,14607,4137,16968,4769,442,13342,186725,150227,118838,4684,26705,11434,3405,12494,980,52,8133,137906,120139,48353,5565,66221,3173,732,4474,3789,390,5209
789,,14151,0,相模原市 緑区,80295,66479,40577,2402,23500,3672,1038,4565,1353,157,3031,46606,37291,29186,1130,6975,2876,884,3433,286,16,1820,33689,29188,11391,1272,16525,796,154,1132,1067,141,1211
790,,14152,0,相模原市 中央区,121266,101125,61782,3786,35557,5575,1548,6099,1723,161,5035,69967,56347,44558,1804,9985,4337,1267,4538,358,20,3100,51299,44778,17224,1982,25572,1238,281,1561,1365,141,1935
791,,14153,0,相模原市 南区,123070,102762,64832,4061,33869,5360,1551,6304,1693,124,5276,70152,56589,45094,1750,9745,4221,1254,4523,336,16,3213,52918,46173,19738,2311,24124,1139,297,1781,1357,108,2063
792,,14201,2,横須賀市,173982,148116,94782,4608,48726,7052,2672,8282,2991,107,4762,103558,86312,70248,2114,13950,5531,2106,5982,665,12,2950,70424,61804,24534,2494,34776,1521,566,2300,2326,95,1812
793,,14203,2,平塚市,113196,92995,57140,3277,32578,5164,1626,6182,2292,110,4827,65908,52492,41503,1572,9417,3970,1326,4631,510,12,2967,47288,40503,15637,1705,23161,1194,300,1551,1782,98,1860
794,,14204,2,鎌倉市,74671,58704,38772,1987,17945,5612,1593,5313,1534,70,1845,42834,32460,26867,784,4809,4323,1259,3411,269,7,1105,31837,26244,11905,1203,13136,1289,334,1902,1265,63,740
795,,14205,2,藤沢市,194029,160578,104216,5893,50469,9844,3075,10341,3423,163,6605,113673,91315,75023,2584,13708,7689,2521,7247,696,17,4188,80356,69263,29193,3309,36761,2155,554,3094,2727,146,2417
796,,14206,2,小田原市,88048,71991,44326,2711,24954,4611,1575,5295,2370,90,2116,49417,39039,30805,1273,6961,3415,1274,3970,433,7,1279,38631,32952,13521,1438,17993,1196,301,1325,1937,83,837
797,,14207,2,茅ヶ崎市,107642,89425,56446,3002,29977,5440,1585,5999,1825,87,3281,62356,50189,40981,1278,7930,4401,1258,4152,339,8,2009,45286,39236,15465,1724,22047,1039,327,1847,1486,79,1272
798,,14208,2,逗子市,24855,19900,12722,683,6495,1774,528,1653,438,21,541,14052,10843,8856,244,1743,1369,426,1052,62,4,296,10803,9057,3866,439,4752,405,102,601,376,17,245
799,,14210,2,三浦市,21353,15437,8899,501,6037,1145,704,1863,1867,12,325,11968,8162,6189,240,1733,888,607,1493,620,5,193,9385,7275,2710,261,4304,257,97,370,1247,7,132
800,,14211,2,秦野市,72609,61685,37191,2270,22224,2959,974,3632,1550,75,1734,42591,35279,27038,1150,7091,2244,798,2759,326,4,1181,30018,26406,10153,1120,15133,715,176,873,1224,71,553
801,,14212,2,厚木市,106862,89877,54865,4039,30973,5013,1366,5434,1808,103,3261,63668,52008,40497,2252,9259,3876,1137,4131,393,11,2112,43194,37869,14368,1787,21714,1137,229,1303,1415,92,1149
802,,14213,2,大和市,108018,90484,57321,3660,29503,4821,1456,5491,1522,111,4133,63131,51148,41193,1640,8315,3862,1201,4028,275,14,2603,44887,39336,16128,2020,21188,959,255,1463,1247,97,1530
803,,14214,2,伊勢原市,48092,39957,25274,1747,12936,2001,645,2575,1088,61,1765,28220,22845,18182,909,3754,1538,528,1959,259,8,1083,19872,17112,7092,838,9182,463,117,616,829,53,682
804,,14215,2,海老名市,57635,49187,31162,1942,16083,2339,668,2731,902,37,1771,34002,28269,22887,896,4486,1853,547,1999,180,3,1151,23633,20918,8275,1046,11597,486,121,732,722,34,620
805,,14216,2,座間市,58291,48892,29998,2180,16714,2267,712,3094,819,43,2464,33997,27569,21897,1039,4633,1840,582,2303,176,2,1525,24294,21323,8101,1141,12081,427,130,791,643,41,939
806,,14217,2,南足柄市,20242,16978,10352,663,5963,863,311,1278,519,18,275,11622,9439,7419,313,1707,672,254,968,110,3,176,8620,7539,2933,350,4256,191,57,310,409,15,99
807,,14218,2,綾瀬市,37818,31639,19136,1184,11319,1707,514,2079,690,35,1154,22678,18368,14463,625,3280,1355,435,1607,147,2,764,15140,13271,4673,559,8039,352,79,472,543,33,390
808,,14301,3,葉山町,14273,10771,6664,393,3714,1355,366,1212,365,8,196,8090,5775,4700,157,918,1032,285,818,72,1,107,6183,4996,1964,236,2796,323,81,394,293,7,89
809,,14321,3,寒川町,23066,19481,12048,686,6747,973,345,1327,512,26,402,13711,11259,9055,391,1813,756,284,1048,111,-,253,9355,8222,2993,295,4934,217,61,279,401,26,149
810,,14341,3,大磯町,14156,11260,7089,404,3767,926,285,995,393,20,277,8260,6334,5089,172,1073,706,247,720,71,4,178,5896,4926,2000,232,2694,220,38,275,322,16,99
811,,14342,3,二宮町,12814,10735,6625,385,3725,607,212,801,258,11,190,7348,5945,4652,182,1111,480,168,588,45,1,121,5466,4790,1973,203,2614,127,44,213,213,10,69
812,,14361,3,中井町,4852,3729,2105,238,1386,262,72,472,220,3,94,2777,2039,1489,137,413,202,61,375,38,-,62,2075,1690,616,101,973,60,11,97,182,3,32
813,,14362,3,大井町,8314,6848,4193,245,2410,369,140,581,256,11,109,4761,3793,3011,129,653,283,117,441,46,3,78,3553,3055,1182,116,1757,86,23,140,210,8,31
814,,14363,3,松田町,5436,4400,2723,186,1491,253,116,365,168,5,129,3130,2459,1933,93,433,191,94,261,40,2,83,2306,1941,790,93,1058,62,22,104,128,3,46
815,,14364,3,山北町,5279,4201,2447,143,1611,281,90,426,205,9,67,2974,2295,1727,62,506,212,68,324,37,1,37,2305,1906,720,81,1105,69,22,102,168,8,30
816,,14366,3,開成町,8085,6959,4497,263,2199,310,111,450,186,4,65,4664,3933,3233,132,568,246,95,330,26,-,34,3421,3026,1264,131,1631,64,16,120,160,4,31
817,,14382,3,箱根町,6753,5225,3239,211,1775,482,202,389,234,4,217,3477,2579,1898,106,575,332,143,250,55,-,118,3276,2646,1341,105,1200,150,59,139,179,4,99
818,,14383,3,真鶴町,3467,2673,1527,88,1058,232,121,270,141,1,29,1891,1386,1037,47,302,168,98,193,32,-,14,1576,1287,490,41,756,64,23,77,109,1,15
819,,14384,3,湯河原町,11257,8622,5024,231,3367,700,311,998,479,10,137,5984,4334,3261,120,953,504,240,733,96,1,76,5273,4288,1763,111,2414,196,71,265,383,9,61
820,,14401,3,愛川町,20335,17113,9530,790,6793,913,371,1146,468,75,249,12100,9848,7199,486,2163,716,316,929,117,12,162,8235,7265,2331,304,4630,197,55,217,351,63,87
821,,14402,3,清川村,1423,1186,694,37,455,79,18,102,33,1,4,846,673,497,15,161,62,16,83,8,1,3,577,513,197,22,294,17,2,19,25,-,1
822,,15000,a,新潟県,1140840,914719,629970,20307,264442,54821,21416,86133,47714,2940,13097,632042,487395,412132,8741,66522,41816,17495,66844,10642,343,7507,508798,427324,217838,11566,197920,13005,3921,19289,37072,2597,5590
823,,15100,1,新潟市,391863,320678,214783,8047,97848,17893,7027,24804,12976,564,7921,213141,167887,140905,2950,24032,13717,5668,18323,3053,56,4437,178722,152791,73878,5097,73816,4176,1359,6481,9923,508,3484
824,,15101,0,新潟市 北区,37235,30017,19634,815,9568,1532,682,2649,1516,74,765,20334,15738,13141,347,2250,1161,551,2037,407,8,432,16901,14279,6493,468,7318,371,131,612,1109,66,333
825,,15102,0,新潟市 東区,65503,55624,36818,1449,17357,2843,953,3334,1097,81,1571,35544,29063,24533,525,4005,2222,756,2358,227,6,912,29959,26561,12285,924,13352,621,197,976,870,75,659
826,,15103,0,新潟市 中央区,87824,72417,50010,1919,20488,5323,1837,4444,1837,58,1908,47633,37882,32442,566,4874,3943,1405,2960,346,5,1092,40191,34535,17568,1353,15614,1380,432,1484,1491,53,816
827,,15104,0,新潟市 江南区,34226,27768,18398,702,8668,1407,527,2448,1378,61,637,18653,14522,12257,260,2005,1108,438,1896,330,4,355,15573,13246,6141,442,6663,299,89,552,1048,57,282
828,,15105,0,新潟市 秋葉区,36364,30418,20861,733,8824,1427,548,2250,1195,78,448,19991,16258,13788,308,2162,1114,427,1656,274,8,254,16373,14160,7073,425,6662,313,121,594,921,70,194
829,,15106,0,新潟市 南区,24627,18241,12490,389,5362,943,485,2396,1866,73,623,13419,9537,8103,166,1268,741,418,1903,464,9,347,11208,8704,4387,223,4094,202,67,493,1402,64,276
830,,15107,0,新潟市 西区,75458,62708,40316,1523,20869,3226,1359,4424,2249,76,1416,40937,32804,26495,559,5750,2506,1117,3203,549,8,750,34521,29904,13821,964,15119,720,242,1221,1700,68,666
831,,15108,0,新潟市 西蒲区,30626,23485,16256,517,6712,1192,636,2859,1838,63,553,16630,12083,10146,219,1718,922,556,2310,456,8,295,13996,11402,6110,298,4994,270,80,549,1382,55,258
832,,15202,2,長岡市,135990,112194,78340,2659,31195,7502,2122,8805,4277,286,804,76071,60238,51147,1264,7827,5792,1743,6869,888,34,507,59919,51956,27193,1395,23368,1710,379,1936,3389,252,297
833,,15204,2,三条市,51179,39187,27642,802,10743,3447,1069,3992,2688,246,550,28192,20536,17605,346,2585,2555,894,3218,645,49,295,22987,18651,10037,456,8158,892,175,774,2043,197,255
834,,15205,2,柏崎市,41479,34614,24581,684,9349,2001,709,2558,1229,60,308,23988,19579,16955,370,2254,1542,545,1872,230,9,211,17491,15035,7626,314,7095,459,164,686,999,51,97
835,,15206,2,新発田市,48890,39491,27513,811,11167,1864,1015,3636,2153,99,632,27210,21275,18161,354,2760,1412,836,2776,532,4,375,21680,18216,9352,457,8407,452,179,860,1621,95,257
836,,15208,2,小千谷市,18772,14757,10400,287,4070,966,346,1619,961,62,61,10560,7920,6724,139,1057,711,299,1366,220,6,38,8212,6837,3676,148,3013,255,47,253,741,56,23
837,,15209,2,加茂市,13739,10493,7598,225,2670,753,296,1203,874,64,56,7570,5570,4762,98,710,545,250,946,223,7,29,6169,4923,2836,127,1960,208,46,257,651,57,27
838,,15210,2,十日町市,28551,21234,14438,279,6517,1421,628,3106,1723,323,116,16032,11277,9298,131,1848,1112,537,2601,408,29,68,12519,9957,5140,148,4669,309,91,505,1315,294,48
839,,15211,2,見附市,20683,17061,11810,383,4868,906,355,1390,789,101,81,11314,8992,7600,191,1201,698,297,1121,152,13,41,9369,8069,4210,192,3667,208,58,269,637,88,40
840,,15212,2,村上市,30337,23655,16650,336,6669,1362,692,2787,1538,95,208,16685,12450,10531,170,1749,1036,560,2155,349,10,125,13652,11205,6119,166,4920,326,132,632,1189,85,83
841,,15213,2,燕市,43047,32997,23588,753,8656,2789,910,3443,2278,258,372,23648,17310,15018,283,2009,2048,765,2752,515,57,201,19399,15687,8570,470,6647,741,145,691,1763,201,171
842,,15216,2,糸魚川市,21510,17236,12312,336,4588,934,472,1807,909,70,82,12384,9740,8443,161,1136,711,364,1361,159,3,46,9126,7496,3869,175,3452,223,108,446,750,67,36
843,,15217,2,妙高市,16498,13212,8790,258,4164,779,296,1267,768,13,163,9170,7135,5833,127,1175,578,243,959,157,2,96,7328,6077,2957,131,2989,201,53,308,611,11,67
844,,15218,2,五泉市,25897,20173,14101,564,5508,1130,565,2341,1429,209,50,14170,10603,8934,244,1425,859,466,1873,333,8,28,11727,9570,5167,320,4083,271,99,468,1096,201,22
845,,15222,2,上越市,96378,79947,55435,1710,22802,4296,1670,6277,3288,114,786,54460,43883,37280,862,5741,3304,1331,4837,624,10,471,41918,36064,18155,848,17061,992,339,1440,2664,104,315
846,,15223,2,阿賀野市,22325,17269,12174,394,4701,916,426,2074,1254,43,343,12328,8989,7611,182,1196,707,357,1759,302,7,207,9997,8280,4563,212,3505,209,69,315,952,36,136
847,,15224,2,佐渡市,29087,19449,13557,125,5767,1141,679,4741,2980,16,81,16192,10315,8716,52,1547,876,553,3829,570,2,47,12895,9134,4841,73,4220,265,126,912,2410,14,34
848,,15225,2,魚沼市,19187,14683,10195,297,4191,982,423,1843,1022,61,173,10814,7860,6493,159,1208,753,367,1470,259,7,98,8373,6823,3702,138,2983,229,56,373,763,54,75
849,,15226,2,南魚沼市,30545,24056,16435,552,7069,1450,648,2910,1335,135,11,17175,12793,10647,254,1892,1147,548,2351,307,23,6,13370,11263,5788,298,5177,303,100,559,1028,112,5
850,,15227,2,胎内市,14838,11737,8200,265,3272,506,305,1366,814,34,76,8333,6384,5343,138,903,371,255,1104,171,2,46,6505,5353,2857,127,2369,135,50,262,643,32,30
851,,15307,3,聖籠町,7056,5718,4008,114,1596,231,109,620,314,9,55,3964,3108,2742,52,314,178,92,482,71,-,33,3092,2610,1266,62,1282,53,17,138,243,9,22
852,,15342,3,弥彦村,4396,3370,2311,75,984,211,85,431,253,13,33,2380,1759,1494,33,232,160,64,326,50,1,20,2016,1611,817,42,752,51,21,105,203,12,13
853,,15361,3,田上町,5913,4762,3301,88,1373,236,87,439,317,33,39,3261,2566,2125,44,397,173,67,350,80,3,22,2652,2196,1176,44,976,63,20,89,237,30,17
854,,15385,3,阿賀町,5122,4043,2815,44,1184,189,94,548,224,9,15,2922,2240,1872,25,343,148,79,410,36,-,9,2200,1803,943,19,841,41,15,138,188,9,6
855,,15405,3,出雲崎町,2165,1644,1168,31,445,110,43,235,126,5,2,1240,898,763,11,124,80,33,197,31,-,1,925,746,405,20,321,30,10,38,95,5,1
856,,15461,3,湯沢町,4295,3148,2120,66,962,320,118,405,269,3,32,2468,1770,1434,39,297,218,93,313,58,-,16,1827,1378,686,27,665,102,25,92,211,3,16
857,,15482,3,津南町,5323,3529,2464,41,1024,248,130,816,562,10,28,3046,1867,1562,16,289,195,114,713,137,-,20,2277,1662,902,25,735,53,16,103,425,10,8
858,,15504,3,刈羽村,2501,2084,1569,38,477,112,36,178,70,4,17,1512,1233,1100,21,112,90,30,136,10,-,13,989,851,469,17,365,22,6,42,60,4,4
859,,15581,3,関川村,3011,2167,1579,43,545,121,56,405,259,1,2,1675,1135,963,25,147,95,42,336,65,1,1,1336,1032,616,18,398,26,14,69,194,-,1
860,,15586,3,粟島浦村,263,131,93,-,38,5,5,87,35,-,-,137,83,71,-,12,5,3,39,7,-,-,126,48,22,-,26,-,2,48,28,-,-
861,,16000,a,富山県,538839,444922,311597,12857,120468,25586,10807,33835,17981,898,4810,295813,235315,198986,5707,30622,19384,8737,25513,3858,107,2899,243026,209607,112611,7150,89846,6202,2070,8322,14123,791,1911
862,,16201,2,富山市,209403,173914,120694,5255,47965,10449,4000,12073,5963,273,2731,115966,92867,78372,2069,12426,7955,3246,9027,1179,33,1659,93437,81047,42322,3186,35539,2494,754,3046,4784,240,1072
863,,16202,2,高岡市,85832,70057,48435,2070,19552,4582,1930,5369,3038,173,683,46857,36762,30952,977,4833,3436,1553,4005,685,24,392,38975,33295,17483,1093,14719,1146,377,1364,2353,149,291
864,,16204,2,魚津市,21940,17866,12803,585,4478,1031,532,1470,853,44,144,12055,9503,8111,309,1083,761,424,1085,183,4,95,9885,8363,4692,276,3395,270,108,385,670,40,49
865,,16205,2,氷見市,23738,19270,13654,365,5251,965,473,1704,932,52,342,12840,10084,8564,173,1347,717,352,1266,218,3,200,10898,9186,5090,192,3904,248,121,438,714,49,142
866,,16206,2,滑川市,17065,14521,10392,513,3616,648,325,1001,501,34,35,9433,7786,6664,245,877,473,250,803,94,7,20,7632,6735,3728,268,2739,175,75,198,407,27,15
867,,16207,2,黒部市,20811,17623,13189,560,3874,841,386,1181,676,40,64,11515,9501,8287,270,944,618,320,876,164,1,35,9296,8122,4902,290,2930,223,66,305,512,39,29
868,,16208,2,砺波市,25712,21371,15355,536,5480,1112,463,1647,918,48,153,14017,11185,9645,276,1264,866,383,1248,226,8,101,11695,10186,5710,260,4216,246,80,399,692,40,52
869,,16209,2,小矢部市,15812,12826,9034,318,3474,850,319,1105,636,39,37,8573,6636,5573,172,891,643,263,864,141,5,21,7239,6190,3461,146,2583,207,56,241,495,34,16
870,,16210,2,南砺市,27029,21129,14915,520,5694,1266,581,2542,1391,56,64,14503,10689,8912,225,1552,984,476,1998,314,6,36,12526,10440,6003,295,4142,282,105,544,1077,50,28
871,,16211,2,射水市,46605,39355,27039,1058,11258,2077,871,2571,1305,80,346,25611,20921,17637,504,2780,1600,704,1906,264,9,207,20994,18434,9402,554,8478,477,167,665,1041,71,139
872,,16321,3,舟橋村,1586,1383,1045,27,311,60,25,85,33,-,-,851,719,665,8,46,45,24,60,3,-,-,735,664,380,19,265,15,1,25,30,-,-
873,,16322,3,上市町,10496,8655,6166,220,2269,418,177,763,394,24,65,5728,4534,3839,75,620,318,130,604,97,2,43,4768,4121,2327,145,1649,100,47,159,297,22,22
874,,16323,3,立山町,13700,11330,7770,286,3274,542,314,910,513,11,80,7531,5969,4942,122,905,417,275,721,97,1,51,6169,5361,2828,164,2369,125,39,189,416,10,29
875,,16342,3,入善町,13099,10804,7748,422,2634,490,266,932,560,21,26,7128,5689,4804,218,667,355,223,714,126,4,17,5971,5115,2944,204,1967,135,43,218,434,17,9
876,,16343,3,朝日町,6011,4818,3358,122,1338,255,145,482,268,3,40,3205,2470,2019,64,387,196,114,336,67,-,22,2806,2348,1339,58,951,59,31,146,201,3,18
877,,17000,a,石川県,572661,453830,309138,13661,131031,28024,12048,39137,19979,1226,18417,312202,236763,196883,5352,34528,20960,9945,29602,3923,126,10883,260459,217067,112255,8309,96503,7064,2103,9535,16056,1100,7534
878,,17201,2,金沢市,226800,177757,119033,5619,53105,11911,4655,13039,6133,346,12959,123527,92512,76621,1889,14002,8949,3772,9518,1112,34,7630,103273,85245,42412,3730,39103,2962,883,3521,5021,312,5329
879,,17202,2,七尾市,27105,20933,14761,613,5559,1237,713,2410,1329,49,434,14346,10514,8734,226,1554,881,577,1838,268,5,263,12759,10419,6027,387,4005,356,136,572,1061,44,171
880,,17203,2,小松市,54647,43866,30890,1287,11689,2761,1149,3441,2034,180,1216,30027,23386,19811,617,2958,1989,971,2545,412,18,706,24620,20480,11079,670,8731,772,178,896,1622,162,510
881,,17204,2,輪島市,12322,8089,5600,106,2383,507,447,1887,1194,35,163,6678,4162,3432,45,685,378,374,1405,257,7,95,5644,3927,2168,61,1698,129,73,482,937,28,68
882,,17205,2,珠洲市,6841,4815,3542,60,1213,339,200,915,535,24,13,3725,2474,2056,25,393,246,160,715,123,2,5,3116,2341,1486,35,820,93,40,200,412,22,8
883,,17206,2,加賀市,34057,26345,17792,720,7833,1640,935,2760,1737,109,531,17853,13078,10607,338,2133,1188,772,2156,365,19,275,16204,13267,7185,382,5700,452,163,604,1372,90,256
884,,17207,2,羽咋市,10300,8073,5563,266,2244,500,224,859,476,16,152,5702,4282,3502,123,657,366,177,675,101,1,100,4598,3791,2061,143,1587,134,47,184,375,15,52
885,,17209,2,かほく市,17538,14181,9867,368,3946,951,359,1192,620,70,165,9422,7187,6087,129,971,736,306,963,123,5,102,8116,6994,3780,239,2975,215,53,229,497,65,63
886,,17210,2,白山市,57053,47161,31234,1554,14373,2766,984,3690,1646,99,707,31309,24693,20443,687,3563,2159,836,2864,315,8,434,25744,22468,10791,867,10810,607,148,826,1331,91,273
887,,17211,2,能美市,25400,21066,14550,675,5841,1152,432,1505,774,86,385,14099,11354,9569,341,1444,859,359,1115,161,9,242,11301,9712,4981,334,4397,293,73,390,613,77,143
888,,17212,2,野々市市,27192,22715,15146,810,6759,1159,484,1441,525,38,830,15436,12506,10254,300,1952,856,389,1043,101,2,539,11756,10209,4892,510,4807,303,95,398,424,36,291
889,,17324,3,川北町,3316,2753,2002,53,698,160,49,218,117,5,14,1800,1428,1262,23,143,122,46,171,25,1,7,1516,1325,740,30,555,38,3,47,92,4,7
890,,17361,3,津幡町,19411,16556,11289,481,4786,712,290,1039,448,63,303,10561,8691,7309,172,1210,547,243,793,103,5,179,8850,7865,3980,309,3576,165,47,246,345,58,124
891,,17365,3,内灘町,13738,11328,7546,360,3422,641,276,836,328,34,295,7350,5698,4722,152,824,511,242,672,61,-,166,6388,5630,2824,208,2598,130,34,164,267,34,129
892,,17384,3,志賀町,9884,7613,5440,197,1976,460,252,940,589,18,12,5506,4056,3388,62,606,345,215,778,103,3,6,4378,3557,2052,135,1370,115,37,162,486,15,6
893,,17386,3,宝達志水町,6357,5079,3661,118,1300,290,136,561,260,13,18,3482,2631,2228,52,351,216,115,454,55,1,10,2875,2448,1433,66,949,74,21,107,205,12,8
894,,17407,3,中能登町,8605,6766,4804,190,1772,292,152,818,384,28,165,4683,3515,2965,80,470,222,124,659,70,5,88,3922,3251,1839,110,1302,70,28,159,314,23,77
895,,17461,3,穴水町,3847,2799,2048,56,695,141,107,482,259,6,53,2103,1450,1206,28,216,103,93,379,42,1,35,1744,1349,842,28,479,38,14,103,217,5,18
896,,17463,3,能登町,8248,5935,4370,128,1437,405,204,1104,591,7,2,4593,3146,2687,63,396,287,174,859,126,-,1,3655,2789,1683,65,1041,118,30,245,465,7,1
897,,18000,a,福井県,399169,318683,222307,8538,87838,20812,8489,29913,15571,1252,4449,217914,166338,140148,3842,22348,15724,6893,22841,3382,156,2580,181255,152345,82159,4696,65490,5088,1596,7072,12189,1096,1869
898,,18201,2,福井市,129888,103203,71268,2748,29187,7917,2798,9009,4307,311,2343,70147,52911,44191,1016,7704,5911,2247,6756,964,30,1328,59741,50292,27077,1732,21483,2006,551,2253,3343,281,1015
899,,18202,2,敦賀市,32820,27589,18999,512,8078,1664,629,1753,858,28,299,18800,15408,13582,261,1565,1278,476,1278,165,1,194,14020,12181,5417,251,6513,386,153,475,693,27,105
900,,18204,2,小浜市,15214,11976,8198,123,3655,748,381,1202,652,200,55,8537,6449,5477,65,907,606,307,961,148,30,36,6677,5527,2721,58,2748,142,74,241,504,170,19
901,,18205,2,大野市,17733,13176,9319,252,3605,901,428,1983,1146,57,42,9403,6610,5584,108,918,686,355,1486,240,4,22,8330,6566,3735,144,2687,215,73,497,906,53,20
902,,18206,2,勝山市,12480,9760,6919,232,2609,511,269,1231,641,30,38,6673,4981,4106,92,783,387,221,920,136,3,25,5807,4779,2813,140,1826,124,48,311,505,27,13
903,,18207,2,鯖江市,34919,27598,19801,766,7031,1907,734,2508,1393,211,568,18777,14136,12025,352,1759,1384,615,1978,298,43,323,16142,13462,7776,414,5272,523,119,530,1095,168,245
904,,18208,2,あわら市,15132,12172,8335,383,3454,681,311,1135,652,42,139,8033,6178,5046,167,965,504,244,892,129,5,81,7099,5994,3289,216,2489,177,67,243,523,37,58
905,,18209,2,越前市,41593,33277,23307,1686,8284,2269,885,2911,1668,129,454,22823,17466,14357,968,2141,1689,731,2252,378,23,284,18770,15811,8950,718,6143,580,154,659,1290,106,170
906,,18210,2,坂井市,47726,39158,27425,1119,10614,2147,959,3406,1716,124,216,25751,20127,17072,478,2577,1659,778,2659,389,9,130,21975,19031,10353,641,8037,488,181,747,1327,115,86
907,,18322,3,永平寺町,10414,8513,5807,190,2516,445,197,729,391,22,117,5512,4296,3468,66,762,340,165,572,77,4,58,4902,4217,2339,124,1754,105,32,157,314,18,59
908,,18382,3,池田町,1271,969,671,20,278,49,31,145,66,6,5,689,504,411,12,81,39,26,103,12,1,4,582,465,260,8,197,10,5,42,54,5,1
909,,18404,3,南越前町,5503,4506,3210,79,1217,165,103,482,218,7,22,2990,2361,1993,43,325,133,83,345,57,-,11,2513,2145,1217,36,892,32,20,137,161,7,11
910,,18423,3,越前町,11129,8500,6121,203,2176,464,301,1129,608,36,91,6073,4386,3698,103,585,363,262,866,154,1,41,5056,4114,2423,100,1591,101,39,263,454,35,50
911,,18442,3,美浜町,5286,4179,3029,46,1104,239,103,533,220,6,6,3199,2487,2201,17,269,192,87,400,30,-,3,2087,1692,828,29,835,47,16,133,190,6,3
912,,18481,3,高浜町,5791,4509,3178,83,1248,228,126,570,321,10,27,3493,2713,2368,39,306,177,100,429,56,1,17,2298,1796,810,44,942,51,26,141,265,9,10
913,,18483,3,おおい町,4362,3604,2523,33,1048,159,79,319,172,16,13,2629,2135,1884,14,237,119,69,258,36,-,12,1733,1469,639,19,811,40,10,61,136,16,1
914,,18501,3,若狭町,7908,5994,4197,63,1734,318,155,868,542,17,14,4385,3190,2685,41,464,257,127,686,113,1,11,3523,2804,1512,22,1270,61,28,182,429,16,3
915,,19000,a,山梨県,408814,309245,196791,9123,103331,19912,10679,38529,23125,914,6410,228663,165802,134752,4509,26541,14973,9098,30697,4203,92,3798,180151,143443,62039,4614,76790,4939,1581,7832,18922,822,2612
916,,19201,2,甲府市,88014,67571,43309,2043,22219,5199,2346,7009,3418,178,2293,49291,36270,29276,974,6020,3867,1930,5236,580,25,1383,38723,31301,14033,1069,16199,1332,416,1773,2838,153,910
917,,19202,2,富士吉田市,24899,19288,11857,579,6852,1296,723,1934,1172,91,395,13859,10199,8240,276,1683,1001,628,1508,279,8,236,11040,9089,3617,303,5169,295,95,426,893,83,159
918,,19204,2,都留市,15349,12148,7220,247,4681,835,424,1004,634,63,241,8532,6484,5101,142,1241,606,367,800,138,5,132,6817,5664,2119,105,3440,229,57,204,496,58,109
919,,19205,2,山梨市,18111,12501,8021,244,4236,692,479,2478,1818,18,125,9859,6477,5263,116,1098,535,416,2064,289,3,75,8252,6024,2758,128,3138,157,63,414,1529,15,50
920,,19206,2,大月市,11552,9440,5867,174,3399,626,269,766,374,33,44,6629,5214,4170,76,968,479,243,580,81,4,28,4923,4226,1697,98,2431,147,26,186,293,29,16
921,,19207,2,韮崎市,14974,11302,7307,431,3564,595,291,1570,857,27,332,8429,6095,5050,233,812,460,249,1260,159,2,204,6545,5207,2257,198,2752,135,42,310,698,25,128
922,,19208,2,南アルプス市,36101,27345,17523,971,8851,1384,872,3567,2197,102,634,20010,14521,12018,449,2054,1055,753,2906,399,7,369,16091,12824,5505,522,6797,329,119,661,1798,95,265
923,,19209,2,北杜市,22520,15195,9034,425,5736,1094,613,3503,1839,25,251,12484,7897,6084,245,1568,817,523,2855,246,2,144,10036,7298,2950,180,4168,277,90,648,1593,23,107
924,,19210,2,甲斐市,36875,29991,19448,1088,9455,1646,810,2589,1055,97,687,20740,16198,13420,532,2246,1261,699,1980,200,9,393,16135,13793,6028,556,7209,385,111,609,855,88,294
925,,19211,2,笛吹市,35536,24428,15363,641,8424,1386,905,4670,3539,43,565,19350,12690,10289,295,2106,1041,760,3908,623,1,327,16186,11738,5074,346,6318,345,145,762,2916,42,238
926,,19212,2,上野原市,11542,9486,5868,176,3442,730,212,731,332,29,22,6731,5334,4152,78,1104,546,177,583,72,5,14,4811,4152,1716,98,2338,184,35,148,260,24,8
927,,19213,2,甲州市,16595,10403,6523,175,3705,704,584,2638,2135,16,115,9043,5341,4309,101,931,532,498,2227,376,3,66,7552,5062,2214,74,2774,172,86,411,1759,13,49
928,,19214,2,中央市,15667,12476,7928,624,3924,541,354,1234,692,28,342,8810,6819,5529,321,969,398,305,968,110,2,208,6857,5657,2399,303,2955,143,49,266,582,26,134
929,,19346,3,市川三郷町,7422,5727,3668,203,1856,382,216,625,384,47,41,4151,3065,2456,101,508,288,192,508,72,6,20,3271,2662,1212,102,1348,94,24,117,312,41,21
930,,19364,3,早川町,482,385,273,11,101,29,12,37,17,-,2,291,229,197,8,24,22,7,27,5,-,1,191,156,76,3,77,7,5,10,12,-,1
931,,19365,3,身延町,5843,4404,2996,118,1290,298,191,592,314,18,26,3299,2376,1934,54,388,212,164,459,68,3,17,2544,2028,1062,64,902,86,27,133,246,15,9
932,,19366,3,南部町,3790,3031,2070,61,900,165,73,351,158,3,9,2204,1702,1425,28,249,125,64,268,39,-,6,1586,1329,645,33,651,40,9,83,119,3,3
933,,19368,3,富士川町,7645,6055,3849,165,2041,362,217,614,318,27,52,4238,3202,2602,88,512,285,175,482,63,1,30,3407,2853,1247,77,1529,77,42,132,255,26,22
934,,19384,3,昭和町,9758,7978,5431,323,2224,499,243,629,322,11,76,5643,4479,3794,167,518,376,199,489,49,-,51,4115,3499,1637,156,1706,123,44,140,273,11,25
935,,19422,3,道志村,944,671,435,6,230,62,36,106,60,2,7,535,365,301,4,60,46,29,77,13,1,4,409,306,134,2,170,16,7,29,47,1,3
936,,19423,3,西桂町,2275,1889,1199,36,654,92,41,157,90,6,-,1268,1010,831,22,157,71,37,132,17,1,-,1007,879,368,14,497,21,4,25,73,5,-
937,,19424,3,忍野村,5046,4119,3040,111,968,242,126,272,249,12,26,3313,2703,2451,61,191,179,118,216,81,1,15,1733,1416,589,50,777,63,8,56,168,11,11
938,,19425,3,山中湖村,2866,1868,1232,49,587,277,186,233,295,4,3,1597,996,807,30,159,209,156,177,57,-,2,1269,872,425,19,428,68,30,56,238,4,1
939,,19429,3,鳴沢村,1562,1160,694,21,445,93,35,156,111,4,3,864,589,472,6,111,69,32,142,30,-,2,698,571,222,15,334,24,3,14,81,4,1
940,,19430,3,富士河口湖町,12845,9944,6367,192,3385,656,399,1001,699,28,118,7138,5287,4384,96,807,476,357,797,147,3,71,5707,4657,1983,96,2578,180,42,204,552,25,47
941,,19442,3,小菅村,348,248,142,6,100,17,14,38,29,2,-,203,144,102,4,38,12,14,28,5,-,-,145,104,40,2,62,5,-,10,24,2,-
942,,19443,3,丹波山村,253,192,127,3,62,10,8,25,17,-,1,152,116,95,2,19,5,6,20,5,-,-,101,76,32,1,43,5,2,5,12,-,1
943,,20000,a,長野県,1069860,816363,528677,22040,265646,53256,23005,101285,58204,2569,15178,594466,434159,356983,9750,67426,41217,19409,79554,11128,294,8705,475394,382204,171694,12290,198220,12039,3596,21731,47076,2275,6473
944,,20201,2,長野市,190960,150781,98680,3892,48209,9419,3306,15897,7441,261,3855,105698,80283,67599,1343,11341,7396,2650,11878,1359,34,2098,85262,70498,31081,2549,36868,2023,656,4019,6082,227,1757
945,,20202,2,松本市,121552,94545,60614,2756,31175,6423,2492,9881,5334,234,2643,68180,51164,41991,1170,8003,4839,2059,7509,1061,23,1525,53372,43381,18623,1586,23172,1584,433,2372,4273,211,1118
946,,20203,2,上田市,77729,60436,39252,1735,19449,3959,1572,6473,3169,245,1875,43367,32294,26445,872,4977,3039,1315,4974,639,38,1068,34362,28142,12807,863,14472,920,257,1499,2530,207,807
947,,20204,2,岡谷市,23992,19306,13052,425,5829,1704,465,1551,661,145,160,13541,10347,8730,198,1419,1344,397,1210,133,12,98,10451,8959,4322,227,4410,360,68,341,528,133,62
948,,20205,2,飯田市,52685,39464,25850,1197,12417,2969,1228,4710,3094,272,948,28411,20300,16884,492,2924,2273,1023,3629,613,32,541,24274,19164,8966,705,9493,696,205,1081,2481,240,407
949,,20206,2,諏訪市,24686,19474,13085,500,5889,1590,510,1834,864,78,336,13819,10347,8730,226,1391,1226,427,1420,179,5,215,10867,9127,4355,274,4498,364,83,414,685,73,121
950,,20207,2,須坂市,25540,19178,12191,491,6496,1124,594,2695,1659,50,240,13873,9923,8174,207,1542,892,501,2109,295,3,150,11667,9255,4017,284,4954,232,93,586,1364,47,90
951,,20208,2,小諸市,21687,16240,10248,472,5520,909,537,2268,1202,62,469,12106,8600,6985,214,1401,693,454,1840,235,17,267,9581,7640,3263,258,4119,216,83,428,967,45,202
952,,20209,2,伊那市,35084,26671,17393,857,8421,1677,762,3480,1693,82,719,19615,14228,11618,421,2189,1307,646,2707,294,10,423,15469,12443,5775,436,6232,370,116,773,1399,72,296
953,,20210,2,駒ヶ根市,17119,13445,9074,404,3967,859,330,1555,736,98,96,9536,7156,6002,196,958,657,275,1239,122,17,70,7583,6289,3072,208,3009,202,55,316,614,81,26
954,,20211,2,中野市,24618,17252,11132,442,5678,1046,679,3044,2485,27,85,13239,8794,7272,196,1326,830,603,2475,494,2,41,11379,8458,3860,246,4352,216,76,569,1991,25,44
955,,20212,2,大町市,14018,10735,6743,228,3764,685,298,1491,633,19,157,7818,5719,4613,120,986,528,238,1162,89,2,80,6200,5016,2130,108,2778,157,60,329,544,17,77
956,,20213,2,飯山市,11338,8066,5216,170,2680,537,277,1457,920,8,73,6183,4141,3391,68,682,417,244,1183,158,-,40,5155,3925,1825,102,1998,120,33,274,762,8,33
957,,20214,2,茅野市,28683,22392,14689,577,7126,1594,535,2511,1307,98,246,16047,11949,9865,280,1804,1229,453,2032,223,4,157,12636,10443,4824,297,5322,365,82,479,1084,94,89
958,,20215,2,塩尻市,35371,28278,18079,1003,9196,1505,623,3061,1788,52,64,20122,15646,12894,482,2270,1163,522,2406,342,1,42,15249,12632,5185,521,6926,342,101,655,1446,51,22
959,,20217,2,佐久市,48209,36901,24463,891,11547,2206,1038,4820,2424,76,744,26849,19338,16139,410,2789,1736,892,3941,511,9,422,21360,17563,8324,481,8758,470,146,879,1913,67,322
960,,20218,2,千曲市,29803,23900,15733,492,7675,1480,504,2381,1163,57,318,16617,12741,10688,241,1812,1146,417,1880,225,3,205,13186,11159,5045,251,5863,334,87,501,938,54,113
961,,20219,2,東御市,15317,11764,7659,342,3763,620,295,1633,931,39,35,8630,6316,5218,184,914,482,255,1364,186,4,23,6687,5448,2441,158,2849,138,40,269,745,35,12
962,,20220,2,安曇野市,48503,37632,23903,1342,12387,2116,963,4664,2383,129,616,26626,19745,16155,599,2991,1633,804,3634,438,11,361,21877,17887,7748,743,9396,483,159,1030,1945,118,255
963,,20303,3,小海町,2512,1671,999,30,642,105,115,346,268,3,4,1408,878,638,11,229,86,107,289,44,1,3,1104,793,361,19,413,19,8,57,224,2,1
964,,20304,3,川上村,3277,1602,469,8,1125,56,487,147,979,1,5,2148,1243,308,4,931,41,472,118,272,-,2,1129,359,161,4,194,15,15,29,707,1,3
965,,20305,3,南牧村,2196,1197,483,11,703,63,237,162,534,-,3,1365,808,300,9,499,46,223,142,144,-,2,831,389,183,2,204,17,14,20,390,-,1
966,,20306,3,南相木村,513,297,177,4,116,12,27,84,87,2,4,291,168,122,3,43,11,23,73,13,1,2,222,129,55,1,73,1,4,11,74,1,2
967,,20307,3,北相木村,390,254,130,-,124,15,15,50,52,-,4,224,146,85,-,61,11,13,43,10,-,1,166,108,45,-,63,4,2,7,42,-,3
968,,20309,3,佐久穂町,5728,4026,2605,66,1355,224,177,809,448,9,35,3160,2033,1649,33,351,189,154,674,88,-,22,2568,1993,956,33,1004,35,23,135,360,9,13
969,,20321,3,軽井沢町,9252,6486,3974,170,2342,863,286,927,495,3,192,4931,3169,2537,80,552,616,240,695,98,1,112,4321,3317,1437,90,1790,247,46,232,397,2,80
970,,20323,3,御代田町,7815,6047,3845,154,2048,349,206,674,438,13,88,4404,3301,2692,85,524,262,172,523,100,1,45,3411,2746,1153,69,1524,87,34,151,338,12,43
971,,20324,3,立科町,3992,2808,1770,66,972,173,86,573,334,6,12,2223,1462,1145,39,278,132,78,487,56,-,8,1769,1346,625,27,694,41,8,86,278,6,4
972,,20349,3,青木村,2040,1515,969,34,512,99,42,263,108,7,6,1143,802,658,16,128,78,36,207,14,2,4,897,713,311,18,384,21,6,56,94,5,2
973,,20350,3,長和町,3108,2202,1391,34,777,148,82,440,193,6,37,1756,1152,921,13,218,116,71,356,37,1,23,1352,1050,470,21,559,32,11,84,156,5,14
974,,20361,3,下諏訪町,9675,7609,5020,189,2400,665,223,738,356,42,42,5427,4067,3381,75,611,515,183,554,76,4,28,4248,3542,1639,114,1789,150,40,184,280,38,14
975,,20362,3,富士見町,7380,5458,3570,107,1781,363,167,844,468,29,51,4099,2847,2354,59,434,298,146,696,83,3,26,3281,2611,1216,48,1347,65,21,148,385,26,25
976,,20363,3,原村,4146,2550,1661,48,841,184,169,637,592,7,7,2294,1372,1095,19,258,133,157,503,125,-,4,1852,1178,566,29,583,51,12,134,467,7,3
977,,20382,3,辰野町,9600,7698,5111,252,2335,495,177,796,362,35,37,5421,4151,3386,145,620,406,147,633,56,6,22,4179,3547,1725,107,1715,89,30,163,306,29,15
978,,20383,3,箕輪町,12938,10238,6828,447,2963,652,193,1057,528,60,210,7444,5641,4669,214,758,516,168,855,121,6,137,5494,4597,2159,233,2205,136,25,202,407,54,73
979,,20384,3,飯島町,5237,3855,2452,220,1183,260,125,585,391,9,12,2900,2033,1597,110,326,193,109,480,78,2,5,2337,1822,855,110,857,67,16,105,313,7,7
980,,20385,3,南箕輪村,7654,6167,4121,161,1885,302,131,599,282,22,151,4274,3292,2768,67,457,239,110,478,57,4,94,3380,2875,1353,94,1428,63,21,121,225,18,57
981,,20386,3,中川村,2816,2004,1294,48,662,111,53,375,266,5,2,1497,1012,825,19,168,92,45,312,35,-,1,1319,992,469,29,494,19,8,63,231,5,1
982,,20388,3,宮田村,4524,3621,2440,75,1106,213,86,371,175,27,31,2488,1912,1622,33,257,179,71,281,28,1,16,2036,1709,818,42,849,34,15,90,147,26,15
983,,20402,3,松川町,7481,4991,3223,92,1676,341,214,975,890,17,53,4045,2589,2119,40,430,264,173,805,181,2,31,3436,2402,1104,52,1246,77,41,170,709,15,22
984,,20403,3,高森町,7036,5108,3371,95,1642,292,154,775,656,18,33,3793,2631,2240,27,364,230,137,655,120,3,17,3243,2477,1131,68,1278,62,17,120,536,15,16
985,,20404,3,阿南町,2380,1673,1130,25,518,98,45,358,186,15,5,1302,856,704,10,142,84,38,287,33,-,4,1078,817,426,15,376,14,7,71,153,15,1
986,,20407,3,阿智村,3531,2543,1606,73,864,167,66,465,265,8,17,1883,1268,1025,24,219,131,57,374,41,2,10,1648,1275,581,49,645,36,9,91,224,6,7
987,,20409,3,平谷村,213,158,99,1,58,2,9,23,14,6,1,124,94,80,1,13,2,5,17,3,2,1,89,64,19,-,45,-,4,6,11,4,-
988,,20410,3,根羽村,519,366,232,1,133,21,9,79,42,2,-,281,178,142,1,35,18,8,70,7,-,-,238,188,90,-,98,3,1,9,35,2,-
989,,20411,3,下條村,2088,1434,963,35,436,68,52,295,226,12,1,1158,774,649,10,115,59,44,244,37,-,-,930,660,314,25,321,9,8,51,189,12,1
990,,20412,3,売木村,330,195,107,5,83,8,7,76,37,6,1,171,100,69,2,29,7,5,56,2,-,1,159,95,38,3,54,1,2,20,35,6,-
991,,20413,3,天龍村,613,427,283,1,143,20,8,107,41,8,2,354,242,187,1,54,17,6,83,3,1,2,259,185,96,-,89,3,2,24,38,7,-
992,,20414,3,泰阜村,930,654,480,8,166,29,16,147,80,3,1,503,342,300,3,39,21,14,114,10,1,1,427,312,180,5,127,8,2,33,70,2,-
993,,20415,3,喬木村,3433,2441,1578,38,825,142,85,455,287,18,5,1881,1263,1047,14,202,120,71,378,44,3,2,1552,1178,531,24,623,22,14,77,243,15,3
994,,20416,3,豊丘村,3765,2625,1658,53,914,143,71,522,387,15,2,2067,1378,1122,29,227,113,62,447,66,-,1,1698,1247,536,24,687,30,9,75,321,15,1
995,,20417,3,大鹿村,469,251,137,2,112,19,9,121,66,-,3,268,143,100,2,41,11,6,99,7,-,2,201,108,37,-,71,8,3,22,59,-,1
996,,20422,3,上松町,2303,1796,1170,22,604,135,53,201,116,1,1,1323,1012,812,12,188,99,42,146,23,-,1,980,784,358,10,416,36,11,55,93,1,-
997,,20423,3,南木曽町,2266,1693,1081,38,574,125,57,232,150,7,2,1274,908,726,17,165,97,48,192,28,-,1,992,785,355,21,409,28,9,40,122,7,1
998,,20425,3,木祖村,1482,1113,703,8,402,66,39,154,103,2,5,827,595,477,3,115,54,37,114,25,1,1,655,518,226,5,287,12,2,40,78,1,4
999,,20429,3,王滝村,440,355,223,10,122,23,8,35,19,-,-,242,195,146,4,45,18,6,20,3,-,-,198,160,77,6,77,5,2,15,16,-,-
1000,,20430,3,大桑村,1898,1488,935,22,531,99,36,180,81,6,8,1098,839,653,12,174,79,30,131,12,2,5,800,649,282,10,357,20,6,49,69,4,3
1001,,20432,3,木曽町,6107,4652,2973,59,1620,315,140,594,365,6,35,3426,2552,2044,28,480,223,110,450,71,-,20,2681,2100,929,31,1140,92,30,144,294,6,15
1002,,20446,3,麻績村,1401,973,576,28,369,31,24,230,139,3,1,783,511,384,14,113,29,19,199,23,1,1,618,462,192,14,256,2,5,31,116,2,-
1003,,20448,3,生坂村,902,612,368,25,219,41,23,161,64,-,1,514,331,250,14,67,31,21,124,7,-,-,388,281,118,11,152,10,2,37,57,-,1
1004,,20450,3,山形村,4700,3323,2089,73,1161,168,136,572,468,2,31,2604,1764,1446,31,287,123,122,473,103,-,19,2096,1559,643,42,874,45,14,99,365,2,12
1005,,20451,3,朝日村,2536,1747,1090,41,616,76,74,317,292,3,27,1380,891,740,18,133,65,68,273,64,1,18,1156,856,350,23,483,11,6,44,228,2,9
1006,,20452,3,筑北村,2432,1665,1049,34,582,54,42,422,244,1,4,1385,907,692,21,194,45,37,353,41,-,2,1047,758,357,13,388,9,5,69,203,1,2
1007,,20481,3,池田町,4813,3732,2363,84,1285,194,97,552,215,2,21,2665,1948,1552,41,355,148,78,432,50,-,9,2148,1784,811,43,930,46,19,120,165,2,12
1008,,20482,3,松川村,5186,4003,2594,105,1304,174,113,545,329,10,12,2885,2166,1790,54,322,132,99,420,60,2,6,2301,1837,804,51,982,42,14,125,269,8,6
1009,,20485,3,白馬村,4885,3092,1774,36,1282,343,149,689,529,4,79,2763,1682,1235,20,427,253,127,559,90,1,51,2122,1410,539,16,855,90,22,130,439,3,28
1010,,20486,3,小谷村,1602,1074,608,11,455,89,46,222,170,-,1,941,626,423,6,197,64,39,183,28,-,1,661,448,185,5,258,25,7,39,142,-,-
1011,,20521,3,坂城町,7516,5820,3858,190,1772,437,161,682,366,22,28,4303,3160,2566,113,481,345,140,572,64,3,19,3213,2660,1292,77,1291,92,21,110,302,19,9
1012,,20541,3,小布施町,6012,3981,2535,97,1349,272,218,754,749,21,17,3189,2004,1616,37,351,216,201,612,142,3,11,2823,1977,919,60,998,56,17,142,607,18,6
1013,,20543,3,高山村,4025,2761,1738,58,965,155,96,578,408,10,17,2224,1460,1190,31,239,118,84,475,78,2,7,1801,1301,548,27,726,37,12,103,330,8,10
1014,,20561,3,山ノ内町,7097,4247,2624,93,1530,514,210,1059,1005,3,59,3799,2148,1659,43,446,370,185,865,200,1,30,3298,2099,965,50,1084,144,25,194,805,2,29
1015,,20562,3,木島平村,2595,1679,1057,35,587,119,62,413,314,1,7,1424,858,675,13,170,95,55,352,61,-,3,1171,821,382,22,417,24,7,61,253,1,4
1016,,20563,3,野沢温泉村,1947,1200,728,16,456,139,63,270,267,1,7,1077,642,475,5,162,96,52,219,64,-,4,870,558,253,11,294,43,11,51,203,1,3
1017,,20583,3,信濃町,4484,3040,1771,67,1202,217,97,711,393,7,19,2500,1591,1180,33,378,175,84,580,59,-,11,1984,1449,591,34,824,42,13,131,334,7,8
1018,,20588,3,小川村,1324,878,585,12,281,50,26,248,111,-,11,752,476,381,7,88,43,23,190,16,-,4,572,402,204,5,193,7,3,58,95,-,7
1019,,20590,3,飯綱町,6412,4215,2580,98,1537,258,180,960,739,11,49,3482,2168,1688,50,430,206,160,808,111,3,26,2930,2047,892,48,1107,52,20,152,628,8,23
1020,,20602,3,栄村,1020,593,373,9,211,38,18,223,148,-,-,602,347,254,6,87,27,16,192,20,-,-,418,246,119,3,124,11,2,31,128,-,-
1021,,21000,a,岐阜県,1015916,810358,517033,24895,268430,50668,22487,67359,38570,4324,22150,563354,432553,356371,11887,64295,37894,18937,52102,7886,595,13387,452562,377805,160662,13008,204135,12774,3550,15257,30684,3729,8763
1022,,21201,2,岐阜市,198366,154544,98601,4517,51426,11649,4590,13399,6660,669,6855,108251,80599,66396,1751,12452,8554,3768,10093,1157,94,3986,90115,73945,32205,2766,38974,3095,822,3306,5503,575,2869
1023,,21202,2,大垣市,78851,64251,42075,2149,20027,4025,1602,4294,2382,376,1921,44126,34885,29057,1143,4685,2979,1335,3196,518,42,1171,34725,29366,13018,1006,15342,1046,267,1098,1864,334,750
1024,,21203,2,高山市,48853,36405,23269,432,12704,2903,1551,4162,3345,107,380,26003,18451,15277,187,2987,2097,1306,3158,746,10,235,22850,17954,7992,245,9717,806,245,1004,2599,97,145
1025,,21204,2,多治見市,54815,44872,28311,1216,15345,3016,1030,2956,1458,170,1313,30463,23995,19658,542,3795,2279,855,2271,271,14,778,24352,20877,8653,674,11550,737,175,685,1187,156,535
1026,,21205,2,関市,45866,36452,23273,993,12186,2405,1060,3233,1797,458,461,25290,19214,15942,484,2788,1798,912,2630,370,83,283,20576,17238,7331,509,9398,607,148,603,1427,375,178
1027,,21206,2,中津川市,40093,31427,20076,703,10648,1864,898,3126,1752,148,878,22354,16853,13962,326,2565,1421,760,2372,376,23,549,17739,14574,6114,377,8083,443,138,754,1376,125,329
1028,,21207,2,美濃市,10804,8382,5335,282,2765,612,312,772,533,113,80,5905,4392,3571,121,700,448,271,615,102,20,57,4899,3990,1764,161,2065,164,41,157,431,93,23
1029,,21208,2,瑞浪市,18975,15500,10017,455,5028,945,399,1115,679,40,297,10287,8035,6653,217,1165,715,339,878,133,5,182,8688,7465,3364,238,3863,230,60,237,546,35,115
1030,,21209,2,羽島市,33504,26035,16338,696,9001,1600,697,2182,1315,132,1543,18736,13940,11521,323,2096,1207,595,1780,267,21,926,14768,12095,4817,373,6905,393,102,402,1048,111,617
1031,,21210,2,恵那市,25767,20579,13185,494,6900,1140,542,2164,1092,67,183,14330,11035,9058,272,1705,853,445,1640,237,4,116,11437,9544,4127,222,5195,287,97,524,855,63,67
1032,,21211,2,美濃加茂市,28222,23286,14670,1454,7162,1052,525,1562,929,116,752,15847,12719,10322,761,1636,798,435,1216,177,13,489,12375,10567,4348,693,5526,254,90,346,752,103,263
1033,,21212,2,土岐市,29455,23222,14664,783,7775,1688,681,1989,1269,126,480,16002,12056,9803,360,1893,1249,580,1549,261,18,289,13453,11166,4861,423,5882,439,101,440,1008,108,191
1034,,21213,2,各務原市,70242,58570,38085,2330,18155,3010,1282,3747,1936,292,1405,40425,32870,27402,1185,4283,2299,1080,2887,366,39,884,29817,25700,10683,1145,13872,711,202,860,1570,253,521
1035,,21214,2,可児市,48566,40980,24928,2428,13624,1875,809,2350,1054,161,1337,27601,22705,17923,1281,3501,1425,676,1767,194,16,818,20965,18275,7005,1147,10123,450,133,583,860,145,519
1036,,21215,2,山県市,13881,10774,6726,294,3754,746,346,1138,636,124,117,7598,5526,4499,123,904,578,313,943,138,26,74,6283,5248,2227,171,2850,168,33,195,498,98,43
1037,,21216,2,瑞穂市,26730,22348,14589,828,6931,1074,481,1378,681,102,666,15178,12317,10415,381,1521,816,394,1081,135,9,426,11552,10031,4174,447,5410,258,87,297,546,93,240
1038,,21217,2,飛騨市,12581,9875,6487,107,3281,615,343,1036,654,34,24,6926,5246,4325,58,863,488,274,762,138,2,16,5655,4629,2162,49,2418,127,69,274,516,32,8
1039,,21218,2,本巣市,17002,13253,8319,309,4625,760,359,1392,830,49,359,9551,7164,5938,142,1084,592,310,1128,151,7,199,7451,6089,2381,167,3541,168,49,264,679,42,160
1040,,21219,2,郡上市,21501,16165,10571,154,5440,1177,649,2010,1300,106,94,11964,8561,7150,90,1321,881,550,1568,320,22,62,9537,7604,3421,64,4119,296,99,442,980,84,32
1041,,21220,2,下呂市,17107,13380,8497,198,4685,988,431,1318,798,67,125,9193,6847,5607,114,1126,747,360,938,213,11,77,7914,6533,2890,84,3559,241,71,380,585,56,48
1042,,21221,2,海津市,18765,14438,8835,452,5151,790,481,1398,1206,85,367,10327,7714,6140,257,1317,580,422,1115,266,10,220,8438,6724,2695,195,3834,210,59,283,940,75,147
1043,,21302,3,岐南町,12534,9926,6528,239,3159,617,282,702,440,42,525,6977,5297,4547,79,671,458,250,557,86,6,323,5557,4629,1981,160,2488,159,32,145,354,36,202
1044,,21303,3,笠松町,11012,8913,5852,230,2831,530,263,686,381,30,209,6140,4781,4015,97,669,391,228,541,73,2,124,4872,4132,1837,133,2162,139,35,145,308,28,85
1045,,21341,3,養老町,14583,11819,7497,304,4018,646,319,957,642,62,138,8176,6365,5233,167,965,496,280,794,154,5,82,6407,5454,2264,137,3053,150,39,163,488,57,56
1046,,21361,3,垂井町,13083,11096,7256,417,3423,519,200,694,364,80,130,7323,6058,5035,219,804,398,169,520,86,8,84,5760,5038,2221,198,2619,121,31,174,278,72,46
1047,,21362,3,関ケ原町,3561,2858,1823,82,953,162,79,284,147,16,15,2001,1550,1259,37,254,121,68,222,30,-,10,1560,1308,564,45,699,41,11,62,117,16,5
1048,,21381,3,神戸町,9417,7726,4907,293,2526,396,241,536,415,60,43,5325,4256,3489,149,618,301,216,422,94,10,26,4092,3470,1418,144,1908,95,25,114,321,50,17
1049,,21382,3,輪之内町,5107,4204,2791,104,1309,161,83,339,177,20,123,2852,2240,1921,47,272,128,76,288,40,2,78,2255,1964,870,57,1037,33,7,51,137,18,45
1050,,21383,3,安八町,7314,5960,3813,160,1987,278,157,421,299,35,164,4140,3261,2709,91,461,214,132,356,66,7,104,3174,2699,1104,69,1526,64,25,65,233,28,60
1051,,21401,3,揖斐川町,10527,8046,5133,193,2720,516,296,938,596,33,102,5861,4278,3519,95,664,376,267,741,135,4,60,4666,3768,1614,98,2056,140,29,197,461,29,42
1052,,21403,3,大野町,12022,9651,6086,279,3286,504,237,895,535,40,160,6690,5120,4232,132,756,396,199,744,125,3,103,5332,4531,1854,147,2530,108,38,151,410,37,57
1053,,21404,3,池田町,12056,9807,6289,302,3216,506,242,733,444,49,275,6686,5230,4380,143,707,386,207,578,108,7,170,5370,4577,1909,159,2509,120,35,155,336,42,105
1054,,21421,3,北方町,9337,7939,4985,235,2719,387,226,495,261,19,10,5021,4096,3415,96,585,290,190,388,51,1,5,4316,3843,1570,139,2134,97,36,107,210,18,5
1055,,21501,3,坂祝町,4318,3447,2142,182,1123,124,72,261,130,27,257,2560,2040,1590,117,333,98,59,183,22,2,156,1758,1407,552,65,790,26,13,78,108,25,101
1056,,21502,3,富加町,2976,2316,1484,72,760,107,62,261,158,44,28,1616,1207,1001,34,172,77,58,224,24,8,18,1360,1109,483,38,588,30,4,37,134,36,10
1057,,21503,3,川辺町,5163,4239,2656,115,1468,257,99,323,177,33,35,2858,2274,1867,54,353,189,80,251,40,3,21,2305,1965,789,61,1115,68,19,72,137,30,14
1058,,21504,3,七宗町,1844,1377,841,28,508,74,46,205,114,15,13,1013,718,573,16,129,56,44,169,18,2,6,831,659,268,12,379,18,2,36,96,13,7
1059,,21505,3,八百津町,5327,4209,2652,75,1482,256,113,424,231,47,47,2920,2192,1796,42,354,189,92,361,46,10,30,2407,2017,856,33,1128,67,21,63,185,37,17
1060,,21506,3,白川町,4252,2886,1750,33,1103,249,113,647,299,51,7,2347,1452,1142,17,293,183,106,527,58,18,3,1905,1434,608,16,810,66,7,120,241,33,4
1061,,21507,3,東白川村,1246,828,475,8,345,68,48,185,105,9,3,693,430,335,4,91,51,44,151,16,-,1,553,398,140,4,254,17,4,34,89,9,2
1062,,21521,3,御嵩町,9319,7690,4762,263,2665,304,196,555,276,70,228,5252,4204,3367,130,707,237,163,431,64,8,145,4067,3486,1395,133,1958,67,33,124,212,62,83
1063,,21604,3,白川村,972,683,460,7,216,73,45,97,73,-,1,546,380,327,3,50,55,29,67,14,-,1,426,303,133,4,166,18,16,30,59,-,-
1064,,22000,a,静岡県,1865154,1492306,966044,57714,468548,88801,40042,123954,70141,4844,45066,1053967,815684,671159,26787,117738,67035,33340,93934,14455,643,28876,811187,676622,294885,30927,350810,21766,6702,30020,55686,4201,16190
1065,,22100,1,静岡市,350852,275362,175896,9373,90093,18054,8000,24036,12526,874,12000,195124,146493,119995,3601,22897,13519,6650,18059,2514,107,7782,155728,128869,55901,5772,67196,4535,1350,5977,10012,767,4218
1066,,22101,0,静岡市 葵区,125663,96775,62159,2956,31660,6976,3040,9417,4832,270,4353,69078,50554,41581,1012,7961,5176,2510,7078,966,32,2762,56585,46221,20578,1944,23699,1800,530,2339,3866,238,1591
1067,,22102,0,静岡市 駿河区,107551,85553,54521,2786,28246,5349,2206,6524,3100,219,4600,60723,46371,37875,1021,7475,3998,1835,4855,609,25,3030,46828,39182,16646,1765,20771,1351,371,1669,2491,194,1570
1068,,22103,0,静岡市 清水区,117638,93034,59216,3631,30187,5729,2754,8095,4594,385,3047,65323,49568,40539,1568,7461,4345,2305,6126,939,50,1990,52315,43466,18677,2063,22726,1384,449,1969,3655,335,1057
1069,,22130,1,浜松市,401729,324436,213776,11134,99526,20531,8089,25256,13977,1270,8170,228487,178735,148413,5347,24975,15643,6773,19195,2739,188,5214,173242,145701,65363,5787,74551,4888,1316,6061,11238,1082,2956
1070,,22131,0,浜松市 中区,118820,95642,63143,3714,28785,7549,2564,6579,2831,216,3439,67798,52773,43336,1750,7687,5614,2029,4633,513,29,2207,51022,42869,19807,1964,21098,1935,535,1946,2318,187,1232
1071,,22132,0,浜松市 東区,64989,53658,35665,1841,16152,3371,1120,3508,1571,249,1512,37055,29535,24848,851,3836,2618,952,2661,298,47,944,27934,24123,10817,990,12316,753,168,847,1273,202,568
1072,,22133,0,浜松市 西区,56351,45492,30008,1325,14159,2536,1175,3702,2452,154,840,32066,25102,21153,649,3300,1954,1013,2921,516,21,539,24285,20390,8855,676,10859,582,162,781,1936,133,301
1073,,22134,0,浜松市 南区,50767,42107,27383,1610,13114,2375,818,2917,1346,135,1069,29180,23476,19424,809,3243,1853,682,2219,233,19,698,21587,18631,7959,801,9871,522,136,698,1113,116,371
1074,,22135,0,浜松市 北区,48758,36921,24205,1056,11660,2091,1210,4327,3447,166,596,27127,19935,16489,518,2928,1593,1057,3438,690,26,388,21631,16986,7716,538,8732,498,153,889,2757,140,208
1075,,22136,0,浜松市 浜北区,48100,39736,26469,1300,11967,2025,917,2880,1629,260,653,27374,21986,18434,623,2929,1546,791,2261,360,31,399,20726,17750,8035,677,9038,479,126,619,1269,229,254
1076,,22137,0,浜松市 天竜区,13944,10880,6903,288,3689,584,285,1343,701,90,61,7887,5928,4729,147,1052,465,249,1062,129,15,39,6057,4952,2174,141,2637,119,36,281,572,75,22
1077,,22203,2,沼津市,96826,75630,48387,3047,24196,5349,2193,6222,3269,106,4057,55110,41396,33841,1450,6105,3964,1819,4639,648,9,2635,41716,34234,14546,1597,18091,1385,374,1583,2621,97,1422
1078,,22205,2,熱海市,16566,12484,7211,278,4995,1197,562,1454,730,6,133,8615,6067,4482,130,1455,858,437,1009,168,-,76,7951,6417,2729,148,3540,339,125,445,562,6,57
1079,,22206,2,三島市,54290,43539,28151,1470,13918,2903,1200,3408,1716,71,1453,30941,24066,19833,701,3532,2230,984,2355,376,6,924,23349,19473,8318,769,10386,673,216,1053,1340,65,529
1080,,22207,2,富士宮市,65040,51669,33719,3070,14880,3184,1469,4241,2370,153,1954,36871,28347,23375,1378,3594,2341,1244,3215,470,17,1237,28169,23322,10344,1692,11286,843,225,1026,1900,136,717
1081,,22208,2,伊東市,30836,22471,12786,413,9272,1875,1020,2882,1476,11,1101,16366,11034,8318,189,2527,1371,847,2168,303,2,641,14470,11437,4468,224,6745,504,173,714,1173,9,460
1082,,22209,2,島田市,51219,40484,26328,1422,12734,2186,1081,4044,2743,188,493,28296,21707,17989,639,3079,1625,883,3172,565,30,314,22923,18777,8339,783,9655,561,198,872,2178,158,179
1083,,22210,2,富士市,122353,99792,65946,4309,29537,5936,2580,6867,3691,250,3237,70203,55717,46561,2093,7063,4406,2130,5111,766,14,2059,52150,44075,19385,2216,22474,1530,450,1756,2925,236,1178
1084,,22211,2,磐田市,85718,69957,45579,3236,21142,3305,1445,5126,2986,346,2553,49332,39195,32063,1644,5488,2586,1223,3934,637,60,1697,36386,30762,13516,1592,15654,719,222,1192,2349,286,856
1085,,22212,2,焼津市,71138,58386,37222,2796,18368,3243,1455,4385,2132,206,1331,39639,31358,25655,1226,4477,2471,1193,3290,417,23,887,31499,27028,11567,1570,13891,772,262,1095,1715,183,444
1086,,22213,2,掛川市,60805,49397,32165,2546,14686,2388,1237,4132,2951,162,538,34399,27264,22409,1206,3649,1830,1041,3256,622,27,359,26406,22133,9756,1340,11037,558,196,876,2329,135,179
1087,,22214,2,藤枝市,72854,59471,38440,2043,18988,3085,1497,4748,2583,268,1202,40734,32206,26606,883,4717,2381,1262,3612,497,36,740,32120,27265,11834,1160,14271,704,235,1136,2086,232,462
1088,,22215,2,御殿場市,46359,39611,26084,1643,11884,1618,630,2246,1101,70,1083,27516,23181,19461,789,2931,1223,510,1640,254,4,704,18843,16430,6623,854,8953,395,120,606,847,66,379
1089,,22216,2,袋井市,44928,37431,24443,1874,11114,1607,717,2556,1547,156,914,25803,21052,17361,948,2743,1227,600,2005,350,28,541,19125,16379,7082,926,8371,380,117,551,1197,128,373
1090,,22219,2,下田市,10453,7407,4609,69,2729,544,465,1161,715,21,140,5764,3899,3134,31,734,391,379,864,147,3,81,4689,3508,1475,38,1995,153,86,297,568,18,59
1091,,22220,2,裾野市,26947,23167,15674,931,6562,938,402,1187,617,42,594,16301,13839,11788,458,1593,719,339,874,129,2,399,10646,9328,3886,473,4969,219,63,313,488,40,195
1092,,22221,2,湖西市,31329,25842,17035,1532,7275,1197,562,1812,1135,91,690,18485,15050,12206,917,1927,922,479,1335,230,8,461,12844,10792,4829,615,5348,275,83,477,905,83,229
1093,,22222,2,伊豆市,15798,11929,7289,335,4305,763,468,1545,867,7,219,8473,5953,4652,142,1159,607,393,1220,182,1,117,7325,5976,2637,193,3146,156,75,325,685,6,102
1094,,22223,2,御前崎市,17958,14076,9377,571,4128,761,457,1322,1079,78,185,10330,7967,6602,279,1086,583,379,1048,234,10,109,7628,6109,2775,292,3042,178,78,274,845,68,76
1095,,22224,2,菊川市,25490,20359,13121,1223,6015,790,452,1892,1510,96,391,14468,11377,9310,621,1446,598,366,1518,337,8,264,11022,8982,3811,602,4569,192,86,374,1173,88,127
1096,,22225,2,伊豆の国市,24009,18629,11838,549,6242,1072,647,1983,1091,33,554,13051,9611,7827,227,1557,823,541,1525,212,5,334,10958,9018,4011,322,4685,249,106,458,879,28,220
1097,,22226,2,牧之原市,25691,18577,11667,854,6056,1080,736,2655,2306,115,222,14062,9748,7855,491,1402,816,629,2189,533,16,131,11629,8829,3812,363,4654,264,107,466,1773,99,91
1098,,22301,3,東伊豆町,6243,4474,2545,63,1866,328,236,698,482,3,22,3242,2143,1627,33,483,221,197,545,121,1,14,3001,2331,918,30,1383,107,39,153,361,2,8
1099,,22302,3,河津町,3598,2388,1438,33,917,180,161,524,339,2,4,1988,1222,965,17,240,132,137,414,79,-,4,1610,1166,473,16,677,48,24,110,260,2,-
1100,,22304,3,南伊豆町,3620,2421,1470,38,913,180,135,560,311,2,11,2011,1236,939,19,278,136,108,451,74,1,5,1609,1185,531,19,635,44,27,109,237,1,6
1101,,22305,3,松崎町,3126,2072,1248,4,820,164,94,480,277,13,26,1705,1067,836,3,228,118,83,366,56,1,14,1421,1005,412,1,592,46,11,114,221,12,12
1102,,22306,3,西伊豆町,3616,2609,1479,18,1112,208,132,435,223,6,3,1922,1297,941,8,348,155,102,318,47,1,2,1694,1312,538,10,764,53,30,117,176,5,1
1103,,22325,3,函南町,18336,14946,9502,468,4976,856,446,1263,648,16,161,10268,8016,6545,206,1265,650,367,991,139,1,104,8068,6930,2957,262,3711,206,79,272,509,15,57
1104,,22341,3,清水町,16174,13055,8452,558,4045,893,325,955,386,15,545,9058,6978,5788,261,929,673,275,704,85,1,342,7116,6077,2664,297,3116,220,50,251,301,14,203
1105,,22342,3,長泉町,21092,17602,12171,554,4877,901,327,1022,493,21,726,12284,10039,8715,234,1090,681,276,710,99,3,476,8808,7563,3456,320,3787,220,51,312,394,18,250
1106,,22344,3,小山町,10664,9280,6283,251,2746,333,150,564,295,23,19,6642,5775,4905,139,731,246,121,420,62,2,16,4022,3505,1378,112,2015,87,29,144,233,21,3
1107,,22424,3,吉田町,15932,13109,8272,694,4143,591,338,964,629,86,215,8878,7107,5751,330,1026,459,292,728,147,21,124,7054,6002,2521,364,3117,132,46,236,482,65,91
1108,,22429,3,川根本町,3708,2586,1656,69,861,139,111,510,343,11,8,2103,1430,1136,32,262,99,96,408,64,1,5,1605,1156,520,37,599,40,15,102,279,10,3
1109,,22461,3,森町,9857,7658,4785,246,2627,422,223,819,597,26,112,5496,4112,3275,115,722,331,185,646,152,6,64,4361,3546,1510,131,1905,91,38,173,445,20,48
1110,,23000,a,愛知県,3668611,2998979,1946869,114012,938098,178191,66106,193027,102809,11004,118495,2120276,1691081,1400331,53974,236776,133454,55024,143531,20264,1073,75849,1548335,1307898,546538,60038,701322,44737,11082,49496,82545,9931,42646
1111,,23100,1,名古屋市,1088005,867278,562622,32025,272631,66955,20553,55790,22213,1707,53509,619963,475933,390615,12037,73281,49817,16684,39909,3745,195,33680,468042,391345,172007,19988,199350,17138,3869,15881,18468,1512,19829
1112,,23101,0,名古屋市 千種区,76974,60171,40412,2044,17715,5812,1753,3874,1584,44,3736,44168,33620,27757,593,5270,4258,1397,2493,224,6,2170,32806,26551,12655,1451,12445,1554,356,1381,1360,38,1566
1113,,23102,0,名古屋市 東区,37543,28653,19706,1189,7758,3275,1025,2077,840,33,1640,20619,15189,12692,382,2115,2324,776,1289,124,4,913,16924,13464,7014,807,5643,951,249,788,716,29,727
1114,,23103,0,名古屋市 北区,75931,60267,37591,2218,20458,4386,1419,4308,1653,125,3773,42356,31957,25541,884,5532,3322,1153,3169,288,12,2455,33575,28310,12050,1334,14926,1064,266,1139,1365,113,1318
1115,,23104,0,名古屋市 西区,73683,58249,38379,2227,17643,4766,1377,3993,1696,153,3449,41939,31847,26455,788,4604,3538,1120,2935,303,25,2171,31744,26402,11924,1439,13039,1228,257,1058,1393,128,1278
1116,,23105,0,名古屋市 中村区,64836,50268,32659,2100,15509,3798,1223,3735,1503,103,4206,36802,27353,22036,751,4566,2754,986,2706,245,18,2740,28034,22915,10623,1349,10943,1044,237,1029,1258,85,1466
1117,,23106,0,名古屋市 中区,40263,27622,19546,1256,6820,3424,1015,2150,944,31,5077,22281,14745,12330,383,2032,2360,705,1360,139,4,2968,17982,12877,7216,873,4788,1064,310,790,805,27,2109
1118,,23107,0,名古屋市 昭和区,51065,39567,26070,1322,12175,4105,1168,2699,1182,38,2306,28986,21566,16898,425,4243,3005,946,1808,186,4,1471,22079,18001,9172,897,7932,1100,222,891,996,34,835
1119,,23108,0,名古屋市 瑞穂区,51624,40399,26824,1469,12106,4012,1205,2739,1230,66,1973,28879,21680,17828,515,3337,2918,994,1850,187,7,1243,22745,18719,8996,954,8769,1094,211,889,1043,59,730
1120,,23109,0,名古屋市 熱田区,32006,26054,17144,1072,7838,2146,601,1509,653,23,1020,18005,14112,11422,428,2262,1605,489,1074,119,4,602,14001,11942,5722,644,5576,541,112,435,534,19,418
1121,,23110,0,名古屋市 中川区,107250,85812,53985,3115,28712,5745,1814,5672,2347,234,5626,60830,46628,38011,1189,7428,4318,1513,4323,477,21,3550,46420,39184,15974,1926,21284,1427,301,1349,1870,213,2076
1122,,23111,0,名古屋市 港区,69620,56881,34278,2487,20116,3072,1085,3374,1345,118,3745,39930,31287,24893,1191,5203,2386,898,2603,279,11,2466,29690,25594,9385,1296,14913,686,187,771,1066,107,1279
1123,,23112,0,名古屋市 南区,64194,52243,32653,2299,17291,3518,1183,3350,1391,138,2371,37335,29316,23278,1090,4948,2650,954,2506,279,22,1608,26859,22927,9375,1209,12343,868,229,844,1112,116,763
1124,,23113,0,名古屋市 守山区,80052,65275,42081,2176,21018,4079,1231,4219,1342,169,3737,46235,36278,30448,815,5015,3114,1036,3126,225,19,2437,33817,28997,11633,1361,16003,965,195,1093,1117,150,1300
1125,,23114,0,名古屋市 緑区,113847,95192,62814,2915,29463,6054,1715,4907,1876,271,3832,66183,53702,45549,1194,6959,4677,1430,3610,319,26,2419,47664,41490,17265,1721,22504,1377,285,1297,1557,245,1413
1126,,23115,0,名古屋市 名東区,75463,61250,40012,2096,19142,4520,1448,3593,1305,60,3287,42835,33591,28300,690,4601,3363,1195,2446,167,3,2070,32628,27659,11712,1406,14541,1157,253,1147,1138,57,1217
1127,,23116,0,名古屋市 天白区,73654,59375,38468,2040,18867,4243,1291,3591,1322,101,3731,42580,33062,27177,719,5166,3225,1092,2611,184,9,2397,31074,26313,11291,1321,13701,1018,199,980,1138,92,1334
1128,,23201,2,豊橋市,189331,150613,97983,5955,46675,9295,4183,11634,8567,504,4535,108566,84448,69961,3178,11309,6798,3546,8794,1896,41,3043,80765,66165,28022,2777,35366,2497,637,2840,6671,463,1492
1129,,23202,2,岡崎市,193766,164435,108064,7008,49363,8360,3224,9077,4736,522,3412,114601,95778,79906,3841,12031,6126,2678,6698,867,37,2417,79165,68657,28158,3167,37332,2234,546,2379,3869,485,995
1130,,23203,2,一宮市,183461,149556,93365,4895,51296,8540,3294,10581,5319,1041,5130,102566,80666,66511,2150,12005,6543,2826,8295,930,148,3158,80895,68890,26854,2745,39291,1997,468,2286,4389,893,1972
1131,,23204,2,瀬戸市,61165,50024,31417,1753,16854,3139,1027,3424,1500,272,1779,34462,27254,21991,799,4464,2342,852,2628,251,30,1105,26703,22770,9426,954,12390,797,175,796,1249,242,674
1132,,23205,2,半田市,56280,47071,30568,1657,14846,2461,1017,2629,1306,127,1669,32300,26351,22090,821,3440,1826,836,1964,223,7,1093,23980,20720,8478,836,11406,635,181,665,1083,120,576
1133,,23206,2,春日井市,145722,122305,78613,4217,39475,6905,2302,7127,2803,476,3804,83900,68245,56549,1877,9819,5403,1922,5379,505,45,2401,61822,54060,22064,2340,29656,1502,380,1748,2298,431,1403
1134,,23207,2,豊川市,93689,76715,50601,2414,23700,3924,1887,5548,3881,432,1302,53256,43037,36394,1271,5372,2898,1575,4051,782,30,883,40433,33678,14207,1143,18328,1026,312,1497,3099,402,419
1135,,23208,2,津島市,31011,24842,15227,801,8814,1587,645,1879,1014,95,949,17325,13345,10798,339,2208,1195,536,1460,203,9,577,13686,11497,4429,462,6606,392,109,419,811,86,372
1136,,23209,2,碧南市,38288,30869,20611,1436,8822,1996,919,2056,1753,136,559,22543,17977,14841,844,2292,1421,774,1608,393,12,358,15745,12892,5770,592,6530,575,145,448,1360,124,201
1137,,23210,2,刈谷市,77217,65996,45936,2646,17414,2976,1068,2941,1434,201,2601,47941,40616,34735,1559,4322,2221,858,2120,292,15,1819,29276,25380,11201,1087,13092,755,210,821,1142,186,782
1138,,23211,2,豊田市,212535,182376,121761,8459,52156,7045,2656,8529,4256,575,7098,130965,111601,92524,4697,14380,5285,2144,6242,786,47,4860,81570,70775,29237,3762,37776,1760,512,2287,3470,528,2238
1139,,23212,2,安城市,92479,77349,52099,3401,21849,3356,1387,4382,2373,268,3364,55150,45747,38553,2001,5193,2473,1128,3074,497,28,2203,37329,31602,13546,1400,16656,883,259,1308,1876,240,1161
1140,,23213,2,西尾市,88617,70384,45661,3036,21687,4050,2228,5657,4634,410,1254,51386,40221,32870,1922,5429,2877,1936,4408,1083,33,828,37231,30163,12791,1114,16258,1173,292,1249,3551,377,426
1141,,23214,2,蒲郡市,41182,32331,20621,1375,10335,2111,932,2760,1949,348,751,22956,17647,14416,705,2526,1549,783,2078,397,35,467,18226,14684,6205,670,7809,562,149,682,1552,313,284
1142,,23215,2,犬山市,35015,29349,18298,1100,9951,1585,539,1896,782,141,723,20253,16571,13343,638,2590,1199,448,1365,154,19,497,14762,12778,4955,462,7361,386,91,531,628,122,226
1143,,23216,2,常滑市,27688,22759,14904,855,7000,1079,536,1550,873,73,818,15569,12506,10479,428,1599,799,455,1161,183,10,455,12119,10253,4425,427,5401,280,81,389,690,63,363
1144,,23217,2,江南市,47499,39504,24579,1391,13534,2056,801,2443,1157,265,1273,26655,21582,17565,696,3321,1561,675,1843,191,21,782,20844,17922,7014,695,10213,495,126,600,966,244,491
1145,,23219,2,小牧市,69803,58478,36689,2898,18891,3220,921,3045,1257,233,2649,40603,33085,26837,1553,4695,2474,780,2306,215,26,1717,29200,25393,9852,1345,14196,746,141,739,1042,207,932
1146,,23220,2,稲沢市,68244,55187,34821,2005,18361,2783,1146,4224,2556,237,2111,38709,30603,25129,920,4554,2112,975,3233,491,39,1256,29535,24584,9692,1085,13807,671,171,991,2065,198,855
1147,,23221,2,新城市,24380,19112,12218,437,6457,936,559,1991,1400,166,216,13709,10598,8653,227,1718,689,485,1507,269,14,147,10671,8514,3565,210,4739,247,74,484,1131,152,69
1148,,23222,2,東海市,57637,49305,33432,1588,14285,2072,889,2438,1448,126,1359,35084,29788,25743,744,3301,1577,717,1805,277,7,913,22553,19517,7689,844,10984,495,172,633,1171,119,446
1149,,23223,2,大府市,45199,38702,26252,1332,11118,1677,669,2052,943,147,1009,26943,22853,19613,636,2604,1250,535,1488,195,6,616,18256,15849,6639,696,8514,427,134,564,748,141,393
1150,,23224,2,知多市,41226,35298,22601,1293,11404,1447,634,1920,913,110,904,24195,20398,17010,597,2791,1121,535,1414,149,3,575,17031,14900,5591,696,8613,326,99,506,764,107,329
1151,,23225,2,知立市,35608,31075,20934,1827,8314,1234,405,1358,552,99,885,21641,18753,15592,1163,1998,938,325,950,96,6,573,13967,12322,5342,664,6316,296,80,408,456,93,312
1152,,23226,2,尾張旭市,38385,32031,20671,926,10434,2061,597,2069,727,108,792,21736,17482,14617,331,2534,1619,511,1550,110,10,454,16649,14549,6054,595,7900,442,86,519,617,98,338
1153,,23227,2,高浜市,23664,20172,13423,1095,5654,850,353,1033,494,104,658,14161,11905,10011,603,1291,606,287,777,102,4,480,9503,8267,3412,492,4363,244,66,256,392,100,178
1154,,23228,2,岩倉市,22810,18847,11840,902,6105,901,307,1167,440,53,1095,13103,10578,8484,442,1652,689,254,827,77,12,666,9707,8269,3356,460,4453,212,53,340,363,41,429
1155,,23229,2,豊明市,32871,27437,17835,1027,8575,1454,451,1560,623,141,1205,19123,15540,12774,510,2256,1125,367,1184,114,7,786,13748,11897,5061,517,6319,329,84,376,509,134,419
1156,,23230,2,日進市,42128,35390,23738,1076,10576,2254,643,2012,674,78,1077,24478,20006,17185,388,2433,1736,535,1387,106,6,702,17650,15384,6553,688,8143,518,108,625,568,72,375
1157,,23231,2,田原市,36881,23213,15068,739,7406,1158,1383,3738,6626,64,699,20987,13449,11049,481,1919,827,1264,3199,1862,2,384,15894,9764,4019,258,5487,331,119,539,4764,62,315
1158,,23232,2,愛西市,31705,25095,15568,715,8812,1409,726,2253,1919,103,200,17460,13377,10946,305,2126,1064,630,1860,402,11,116,14245,11718,4622,410,6686,345,96,393,1517,92,84
1159,,23233,2,清須市,32342,26237,16921,967,8349,1533,556,1713,842,130,1331,18627,14664,12115,408,2141,1174,475,1294,139,13,868,13715,11573,4806,559,6208,359,81,419,703,117,463
1160,,23234,2,北名古屋市,41963,34220,21673,1292,11255,2079,758,2567,1059,188,1092,24216,19021,15744,565,2712,1624,653,1963,184,22,749,17747,15199,5929,727,8543,455,105,604,875,166,343
1161,,23235,2,弥富市,22256,17974,11532,747,5695,972,397,1370,842,89,612,12655,9953,8251,328,1374,748,345,1034,195,16,364,9601,8021,3281,419,4321,224,52,336,647,73,248
1162,,23236,2,みよし市,29930,25588,17076,994,7518,1114,357,1289,597,191,794,17901,15134,13141,441,1552,841,302,913,119,11,581,12029,10454,3935,553,5966,273,55,376,478,180,213
1163,,23237,2,あま市,41969,33725,20893,1216,11616,2184,782,2598,1193,230,1257,24028,18587,15174,525,2888,1675,666,2055,212,22,811,17941,15138,5719,691,8728,509,116,543,981,208,446
1164,,23238,2,長久手市,28103,23871,15596,707,7568,1370,445,1291,421,52,653,16169,13475,11330,222,1923,1034,367,879,59,4,351,11934,10396,4266,485,5645,336,78,412,362,48,302
1165,,23302,3,東郷町,20849,17664,11321,629,5714,1037,301,1027,406,126,288,12101,9967,8464,268,1235,823,269,777,67,8,190,8748,7697,2857,361,4479,214,32,250,339,118,98
1166,,23342,3,豊山町,7923,6364,3905,264,2195,415,163,522,193,33,233,4640,3568,2900,136,532,330,137,417,37,2,149,3283,2796,1005,128,1663,85,26,105,156,31,84
1167,,23361,3,大口町,11668,10082,6475,340,3267,456,156,481,230,69,194,6867,5836,4902,157,777,355,125,353,62,10,126,4801,4246,1573,183,2490,101,31,128,168,59,68
1168,,23362,3,扶桑町,16390,14008,9010,499,4499,631,229,773,375,93,281,9427,7930,6607,242,1081,477,191,582,63,5,179,6963,6078,2403,257,3418,154,38,191,312,88,102
1169,,23424,3,大治町,15383,12476,7850,412,4214,684,364,991,449,74,345,8945,7004,5829,160,1015,551,312,768,83,6,221,6438,5472,2021,252,3199,133,52,223,366,68,124
1170,,23425,3,蟹江町,19093,15869,10213,643,5013,948,369,926,499,32,450,10770,8637,7176,277,1184,726,320,705,107,3,272,8323,7232,3037,366,3829,222,49,221,392,29,178
1171,,23427,3,飛島村,2408,1715,1098,60,557,153,79,242,206,13,-,1354,944,760,31,153,111,72,185,39,3,-,1054,771,338,29,404,42,7,57,167,10,-
1172,,23441,3,阿久比町,13356,11342,7440,327,3575,490,235,651,376,43,219,7693,6425,5463,144,818,366,199,491,81,-,131,5663,4917,1977,183,2757,124,36,160,295,43,88
1173,,23442,3,東浦町,24226,20720,13313,771,6636,879,392,1160,594,59,422,14112,11872,9800,423,1649,688,333,836,115,6,262,10114,8848,3513,348,4987,191,59,324,479,53,160
1174,,23445,3,南知多町,9803,6239,3834,112,2293,412,600,1184,1247,12,109,5463,3076,2537,37,502,306,537,1064,410,2,68,4340,3163,1297,75,1791,106,63,120,837,10,41
1175,,23446,3,美浜町,11583,9346,5704,232,3410,416,262,826,638,23,72,6370,4970,3964,105,901,318,217,682,136,3,44,5213,4376,1740,127,2509,98,45,144,502,20,28
1176,,23447,3,武豊町,20941,18236,11806,752,5678,682,312,897,477,64,273,12327,10649,8846,425,1378,501,247,656,101,8,165,8614,7587,2960,327,4300,181,65,241,376,56,108
1177,,23501,3,幸田町,20313,16957,11143,719,5095,620,332,1153,670,106,475,11743,9687,8175,353,1159,469,283,851,137,11,305,8570,7270,2968,366,3936,151,49,302,533,95,170
1178,,23561,3,設楽町,2506,1696,1058,21,617,135,82,340,245,2,6,1402,917,710,15,192,101,72,268,42,-,2,1104,779,348,6,425,34,10,72,203,2,4
1179,,23562,3,東栄町,1568,1157,733,18,406,72,44,198,93,4,-,874,608,486,6,116,54,39,147,25,1,-,694,549,247,12,290,18,5,51,68,3,-
1180,,23563,3,豊根村,547,395,255,6,134,33,10,65,35,9,-,303,217,173,3,41,22,7,47,8,2,-,244,178,82,3,93,11,3,18,27,7,-
1181,,24000,a,三重県,872773,713130,457036,26809,229285,36767,18366,57046,29426,2161,15877,489227,387166,317293,13939,55934,27148,15183,43703,6196,301,9530,383546,325964,139743,12870,173351,9619,3183,13343,23230,1860,6347
1182,,24201,2,津市,131591,109860,71345,3862,34653,5051,2607,7657,3588,328,2500,73284,59350,48228,2096,9026,3773,2128,5820,673,55,1485,58307,50510,23117,1766,25627,1278,479,1837,2915,273,1015
1183,,24202,2,四日市市,148914,122215,79647,4425,38143,7110,2825,7873,3663,203,5025,86182,68784,57457,2263,9064,5305,2308,5902,723,25,3135,62732,53431,22190,2162,29079,1805,517,1971,2940,178,1890
1184,,24203,2,伊勢市,61720,48802,31284,1495,16023,3072,1434,4393,2260,232,1527,32877,24990,20317,651,4022,2174,1164,3192,469,33,855,28843,23812,10967,844,12001,898,270,1201,1791,199,672
1185,,24204,2,松阪市,78743,63659,41080,2158,20421,3352,1798,5757,2879,171,1127,42912,33258,27420,1033,4805,2455,1455,4432,647,30,635,35831,30401,13660,1125,15616,897,343,1325,2232,141,492
1186,,24205,2,桑名市,69481,57597,37314,1810,18473,3705,1242,3798,1934,231,974,39520,31903,26618,963,4322,2730,1035,2860,385,34,573,29961,25694,10696,847,14151,975,207,938,1549,197,401
1187,,24207,2,鈴鹿市,94353,79723,50776,4045,24902,3476,1798,5081,2691,217,1367,53833,44329,36689,2078,5562,2585,1510,3936,628,34,811,40520,35394,14087,1967,19340,891,288,1145,2063,183,556
1188,,24208,2,名張市,37400,31702,19072,1287,11343,1370,644,2147,1010,117,410,20832,17221,13594,711,2916,1038,518,1604,199,17,235,16568,14481,5478,576,8427,332,126,543,811,100,175
1189,,24209,2,尾鷲市,8159,6195,4051,46,2098,398,318,786,415,5,42,4432,3260,2727,25,508,275,252,540,82,-,23,3727,2935,1324,21,1590,123,66,246,333,5,19
1190,,24210,2,亀山市,24334,20527,13253,1035,6239,769,394,1310,646,68,620,14142,11643,9590,583,1470,573,330,1027,140,8,421,10192,8884,3663,452,4769,196,64,283,506,60,199
1191,,24211,2,鳥羽市,9953,6627,3882,179,2566,458,381,1256,1102,12,117,5146,3144,2481,83,580,323,324,1005,287,2,61,4807,3483,1401,96,1986,135,57,251,815,10,56
1192,,24212,2,熊野市,7240,5356,3225,69,2062,276,322,802,451,1,32,3901,2726,2163,31,532,200,271,605,76,-,23,3339,2630,1062,38,1530,76,51,197,375,1,9
1193,,24214,2,いなべ市,23736,20267,12919,1181,6167,887,362,1222,658,78,262,13783,11468,9230,713,1525,678,302,994,156,3,182,9953,8799,3689,468,4642,209,60,228,502,75,80
1194,,24215,2,志摩市,23838,17594,10491,557,6546,943,785,2651,1522,73,270,12365,8467,6608,219,1640,660,674,2060,341,12,151,11473,9127,3883,338,4906,283,111,591,1181,61,119
1195,,24216,2,伊賀市,44737,36472,22872,2141,11459,1772,845,3366,1852,99,331,25301,19967,15562,1218,3187,1316,713,2690,417,10,188,19436,16505,7310,923,8272,456,132,676,1435,89,143
1196,,24303,3,木曽岬町,3509,2774,1654,126,994,146,79,262,223,9,16,1975,1517,1146,80,291,105,69,225,48,-,11,1534,1257,508,46,703,41,10,37,175,9,5
1197,,24324,3,東員町,12409,10578,6568,328,3682,488,188,621,243,51,240,7057,5891,4796,169,926,380,150,443,58,6,129,5352,4687,1772,159,2756,108,38,178,185,45,111
1198,,24341,3,菰野町,19652,16302,10589,596,5117,851,363,1155,604,46,331,11164,8997,7499,330,1168,633,296,898,133,3,204,8488,7305,3090,266,3949,218,67,257,471,43,127
1199,,24343,3,朝日町,4839,4220,2880,108,1232,204,60,186,79,12,78,2808,2409,2159,45,205,141,57,133,13,-,55,2031,1811,721,63,1027,63,3,53,66,12,23
1200,,24344,3,川越町,7609,6586,4483,285,1818,349,121,316,147,13,77,4496,3818,3325,133,360,255,100,236,27,1,59,3113,2768,1158,152,1458,94,21,80,120,12,18
1201,,24441,3,多気町,7541,5770,3944,138,1688,235,151,829,468,26,62,4268,3172,2695,68,409,175,122,686,78,5,30,3273,2598,1249,70,1279,60,29,143,390,21,32
1202,,24442,3,明和町,11012,8982,5720,273,2989,342,226,844,431,31,156,5938,4649,3778,133,738,250,195,670,83,2,89,5074,4333,1942,140,2251,92,31,174,348,29,67
1203,,24443,3,大台町,4383,3289,2147,54,1088,208,106,458,225,32,65,2372,1717,1392,25,300,151,85,346,48,5,20,2011,1572,755,29,788,57,21,112,177,27,45
1204,,24461,3,玉城町,7752,6279,4154,178,1947,244,160,629,361,37,42,4198,3295,2785,80,430,183,131,488,67,8,26,3554,2984,1369,98,1517,61,29,141,294,29,16
1205,,24470,3,度会町,4147,3280,2177,79,1024,166,84,381,185,23,28,2258,1668,1382,33,253,129,74,323,50,3,11,1889,1612,795,46,771,37,10,58,135,20,17
1206,,24471,3,大紀町,4018,2998,1838,55,1105,147,132,468,253,12,8,2170,1523,1185,28,310,107,113,364,57,1,5,1848,1475,653,27,795,40,19,104,196,11,3
1207,,24472,3,南伊勢町,5410,3583,2210,79,1294,203,245,819,486,14,60,3108,1851,1429,37,385,163,227,698,124,3,42,2302,1732,781,42,909,40,18,121,362,11,18
1208,,24543,3,紀北町,7166,5296,3357,121,1818,291,318,775,394,18,74,3909,2742,2215,68,459,208,267,569,74,1,48,3257,2554,1142,53,1359,83,51,206,320,17,26
1209,,24561,3,御浜町,4217,2763,1727,27,1009,116,209,696,422,1,10,2283,1409,1176,12,221,84,172,547,62,-,9,1934,1354,551,15,788,32,37,149,360,1,1
1210,,24562,3,紀宝町,4910,3834,2377,72,1385,138,169,508,234,1,26,2713,1998,1647,31,320,99,141,410,51,-,14,2197,1836,730,41,1065,39,28,98,183,1,12
1211,,25000,a,滋賀県,677976,563100,356750,24606,181744,27014,11907,40928,18592,1590,14845,386246,310346,251160,12711,46475,20781,9982,31748,4108,179,9102,291730,252754,105590,11895,135269,6233,1925,9180,14484,1411,5743
1212,,25201,2,大津市,153125,126237,79469,4631,42137,6907,2827,8734,3235,271,4914,86049,68149,55280,2019,10850,5399,2339,6543,633,25,2961,67076,58088,24189,2612,31287,1508,488,2191,2602,246,1953
1213,,25202,2,彦根市,55589,46446,29126,2084,15236,2328,965,3001,1424,124,1301,31527,25615,20610,1060,3945,1738,796,2285,319,10,764,24062,20831,8516,1024,11291,590,169,716,1105,114,537
1214,,25203,2,長浜市,57434,46753,29477,2591,14685,2445,1108,3819,1993,255,1061,31939,25058,19908,1677,3473,1833,928,2992,466,34,628,25495,21695,9569,914,11212,612,180,827,1527,221,433
1215,,25204,2,近江八幡市,39238,32644,20694,1441,10509,1418,698,2381,1245,85,767,22480,18171,14676,758,2737,1083,582,1878,281,8,477,16758,14473,6018,683,7772,335,116,503,964,77,290
1216,,25206,2,草津市,64158,54661,34818,2715,17128,2441,989,3006,1181,79,1801,37365,31094,24635,1387,5072,1847,823,2236,249,13,1103,26793,23567,10183,1328,12056,594,166,770,932,66,698
1217,,25207,2,守山市,38428,32953,21536,1215,10202,1379,660,2068,880,73,415,21893,18281,15434,552,2295,1065,525,1581,188,6,247,16535,14672,6102,663,7907,314,135,487,692,67,168
1218,,25208,2,栗東市,32798,28167,18390,1296,8481,1133,547,1612,617,48,674,19250,16149,13628,566,1955,860,454,1211,148,5,423,13548,12018,4762,730,6526,273,93,401,469,43,251
1219,,25209,2,甲賀市,45768,38026,23950,1625,12451,1792,776,2920,1507,93,654,25972,20713,16555,936,3222,1429,680,2346,341,12,451,19796,17313,7395,689,9229,363,96,574,1166,81,203
1220,,25210,2,野洲市,24350,20548,12980,901,6667,888,346,1484,696,63,325,13904,11424,9309,374,1741,691,291,1144,160,11,183,10446,9124,3671,527,4926,197,55,340,536,52,142
1221,,25211,2,湖南市,27404,23463,14596,1318,7549,947,367,1357,443,59,768,16245,13555,10831,740,1984,751,309,1000,107,5,518,11159,9908,3765,578,5565,196,58,357,336,54,250
1222,,25212,2,高島市,24108,18251,11560,357,6334,1150,582,2386,1354,113,272,13489,9688,7890,196,1602,869,495,1992,268,24,153,10619,8563,3670,161,4732,281,87,394,1086,89,119
1223,,25213,2,東近江市,57721,47228,29740,2402,15086,2109,1043,4042,2096,170,1033,33073,26131,20969,1367,3795,1619,895,3250,491,14,673,24648,21097,8771,1035,11291,490,148,792,1605,156,360
1224,,25214,2,米原市,19122,16096,10425,518,5153,681,308,1159,558,63,257,10651,8695,7200,286,1209,520,261,884,131,5,155,8471,7401,3225,232,3944,161,47,275,427,58,102
1225,,25383,3,日野町,11232,9103,5735,413,2955,350,171,953,379,13,263,6492,5037,4071,234,732,263,152,787,89,3,161,4740,4066,1664,179,2223,87,19,166,290,10,102
1226,,25384,3,竜王町,6987,5796,3678,267,1851,227,100,553,261,12,38,4302,3489,2735,150,604,187,87,443,69,1,26,2685,2307,943,117,1247,40,13,110,192,11,12
1227,,25425,3,愛荘町,10413,8696,5695,471,2530,426,168,626,312,41,144,6004,4867,4061,246,560,332,143,514,64,-,84,4409,3829,1634,225,1970,94,25,112,248,41,60
1228,,25441,3,豊郷町,3284,2642,1608,146,888,111,70,274,125,7,55,1852,1421,1130,72,219,84,60,217,34,-,36,1432,1221,478,74,669,27,10,57,91,7,19
1229,,25442,3,甲良町,3285,2533,1528,109,896,138,99,274,142,7,92,1797,1296,1030,45,221,103,88,221,37,2,50,1488,1237,498,64,675,35,11,53,105,5,42
1230,,25443,3,多賀町,3532,2857,1745,106,1006,144,83,279,144,14,11,1962,1513,1208,46,259,108,74,224,33,1,9,1570,1344,537,60,747,36,9,55,111,13,2
1231,,26000,a,京都府,1192645,894405,550123,27106,317176,58427,26328,88543,38798,3799,82345,657032,468598,367790,11449,89359,43683,21906,67854,7650,363,46978,535613,425807,182333,15657,227817,14744,4422,20689,31148,3436,35367
1232,,26100,1,京都市,665209,480166,290928,15281,173957,36780,15797,47894,20139,2108,62325,358603,243224,186441,6059,50724,26867,12995,36138,4002,208,35169,306606,236942,104487,9222,123233,9913,2802,11756,16137,1900,27156
1233,,26101,0,京都市 北区,53792,37656,21644,1027,14985,3646,1568,4587,2079,282,3974,28835,18838,13673,377,4788,2631,1297,3511,362,29,2167,24957,18818,7971,650,10197,1015,271,1076,1717,253,1807
1234,,26102,0,京都市 上京区,38710,27507,16185,783,10539,2517,1096,3166,1577,183,2664,19842,13240,9419,303,3518,1771,916,2254,279,26,1356,18868,14267,6766,480,7021,746,180,912,1298,157,1308
1235,,26103,0,京都市 左京区,71682,50341,29181,1244,19916,5030,2051,5515,2325,168,6252,39164,26063,18386,451,7226,3576,1659,3920,445,16,3485,32518,24278,10795,793,12690,1454,392,1595,1880,152,2767
1236,,26104,0,京都市 中京区,52456,35528,23200,1130,11198,3503,1477,3838,1894,165,6051,26700,16845,13263,378,3204,2448,1192,2740,346,19,3110,25756,18683,9937,752,7994,1055,285,1098,1548,146,2941
1237,,26105,0,京都市 東山区,17595,11184,6411,337,4436,1274,732,1682,931,41,1751,8549,4943,3661,122,1160,837,538,1124,183,10,914,9046,6241,2750,215,3276,437,194,558,748,31,837
1238,,26106,0,京都市 下京区,40243,27145,18293,961,7891,2585,952,2605,1350,72,5534,20507,12932,10511,327,2094,1820,767,1783,297,2,2906,19736,14213,7782,634,5797,765,185,822,1053,70,2628
1239,,26107,0,京都市 南区,47052,34254,21538,1237,11479,2008,811,2862,1276,102,5739,26689,18452,14712,556,3184,1494,679,2219,296,8,3541,20363,15802,6826,681,8295,514,132,643,980,94,2198
1240,,26108,0,京都市 右京区,93062,68739,41598,2268,24873,4438,2001,6850,2560,354,8120,50615,35074,27331,915,6828,3321,1676,5370,500,31,4643,42447,33665,14267,1353,18045,1117,325,1480,2060,323,3477
1241,,26109,0,京都市 伏見区,122905,92132,54818,3096,34218,5067,2250,7763,2912,303,12478,67590,47676,36775,1301,9600,3857,1861,6089,637,29,7441,55315,44456,18043,1795,24618,1210,389,1674,2275,274,5037
1242,,26110,0,京都市 山科区,59490,43352,25704,1550,16098,2815,1362,4425,1637,240,5659,32401,21923,16876,679,4368,2139,1120,3514,365,27,3313,27089,21429,8828,871,11730,676,242,911,1272,213,2346
1243,,26111,0,京都市 西京区,68222,52328,32356,1648,18324,3897,1497,4601,1598,198,4103,37711,27238,21834,650,4754,2973,1290,3614,292,11,2293,30511,25090,10522,998,13570,924,207,987,1306,187,1810
1244,,26201,2,福知山市,39543,30885,20009,879,9997,1606,747,3337,1553,117,1298,22733,17167,14309,481,2377,1224,609,2623,277,8,825,16810,13718,5700,398,7620,382,138,714,1276,109,473
1245,,26202,2,舞鶴市,39926,31345,21324,726,9295,1686,873,3039,1372,49,1562,23690,18292,15492,427,2373,1267,719,2199,264,6,943,16236,13053,5832,299,6922,419,154,840,1108,43,619
1246,,26203,2,綾部市,16211,12287,7742,408,4137,661,330,1802,827,73,231,9070,6537,5195,219,1123,513,278,1452,144,7,139,7141,5750,2547,189,3014,148,52,350,683,66,92
1247,,26204,2,宇治市,81764,64913,40249,1798,22866,3538,1532,4673,1642,198,5268,45889,34888,27821,789,6278,2771,1303,3576,309,16,3026,35875,30025,12428,1009,16588,767,229,1097,1333,182,2242
1248,,26205,2,宮津市,8657,6117,3921,105,2091,462,274,1028,605,33,138,4786,3203,2582,59,562,343,238,816,114,-,72,3871,2914,1339,46,1529,119,36,212,491,33,66
1249,,26206,2,亀岡市,42864,33768,20260,884,12624,1813,840,3348,1431,181,1483,23982,18043,14192,452,3399,1412,712,2680,270,9,856,18882,15725,6068,432,9225,401,128,668,1161,172,627
1250,,26207,2,城陽市,34404,27959,16677,854,10428,1345,661,2273,884,99,1183,19334,15038,11647,369,3022,1064,566,1780,174,7,705,15070,12921,5030,485,7406,281,95,493,710,92,478
1251,,26208,2,向日市,25008,20446,12603,663,7180,1045,428,1620,569,72,828,13866,10841,8748,248,1845,799,348,1257,114,6,501,11142,9605,3855,415,5335,246,80,363,455,66,327
1252,,26209,2,長岡京市,36931,30946,20368,1117,9461,1500,626,2231,748,57,823,21249,17177,14328,458,2391,1209,525,1676,124,5,533,15682,13769,6040,659,7070,291,101,555,624,52,290
1253,,26210,2,八幡市,32098,26000,15417,929,9654,1195,518,1936,754,42,1653,18466,14368,11148,437,2783,935,446,1525,144,3,1045,13632,11632,4269,492,6871,260,72,411,610,39,608
1254,,26211,2,京田辺市,30737,24995,15416,712,8867,1260,490,1733,666,52,1541,17597,13914,11058,267,2589,995,405,1290,104,6,883,13140,11081,4358,445,6278,265,85,443,562,46,658
1255,,26212,2,京丹後市,28457,19500,12644,522,6334,1082,811,3799,2367,314,584,15460,10066,8163,213,1690,808,698,3028,502,41,317,12997,9434,4481,309,4644,274,113,771,1865,273,267
1256,,26213,2,南丹市,15945,11450,6677,287,4486,615,360,1974,925,91,530,8848,6018,4484,141,1393,483,314,1570,179,11,273,7097,5432,2193,146,3093,132,46,404,746,80,257
1257,,26214,2,木津川市,32271,26342,16926,645,8771,1245,574,2035,1022,33,1020,18408,14532,12110,255,2167,995,486,1607,193,2,593,13863,11810,4816,390,6604,250,88,428,829,31,427
1258,,26303,3,大山崎町,7134,5935,3738,227,1970,258,152,453,163,8,165,4030,3247,2627,93,527,197,120,341,26,-,99,3104,2688,1111,134,1443,61,32,112,137,8,66
1259,,26322,3,久御山町,7495,5566,3169,190,2207,391,189,645,419,23,262,4242,2984,2249,94,641,296,170,523,109,2,158,3253,2582,920,96,1566,95,19,122,310,21,104
1260,,26343,3,井手町,3474,2619,1482,106,1031,177,93,248,144,3,190,1968,1395,1059,47,289,136,80,201,37,-,119,1506,1224,423,59,742,41,13,47,107,3,71
1261,,26344,3,宇治田原町,4929,3776,2308,95,1373,220,138,428,297,13,57,2827,2081,1658,44,379,163,125,352,73,2,31,2102,1695,650,51,994,57,13,76,224,11,26
1262,,26364,3,笠置町,599,456,245,14,197,23,28,50,40,-,2,322,222,154,5,63,20,22,44,12,-,2,277,234,91,9,134,3,6,6,28,-,-
1263,,26365,3,和束町,1933,1162,660,19,483,73,71,301,297,3,26,1081,586,423,9,154,57,66,273,82,-,17,852,576,237,10,329,16,5,28,215,3,9
1264,,26366,3,精華町,16393,13548,8715,342,4491,691,301,898,369,32,554,9388,7507,6296,118,1093,557,255,660,82,3,324,7005,6041,2419,224,3398,134,46,238,287,29,230
1265,,26367,3,南山城村,1305,918,467,39,412,37,18,168,113,1,50,708,469,315,19,135,29,17,140,30,-,23,597,449,152,20,277,8,1,28,83,1,27
1266,,26407,3,京丹波町,7203,4969,2842,124,2003,276,162,1055,535,34,172,3976,2572,1875,69,628,212,138,846,113,3,92,3227,2397,967,55,1375,64,24,209,422,31,80
1267,,26463,3,伊根町,1023,684,435,4,245,22,24,201,83,5,4,580,350,282,4,64,20,20,169,18,-,3,443,334,153,-,181,2,4,32,65,5,1
1268,,26465,3,与謝野町,11132,7653,4901,136,2616,426,291,1374,834,158,396,5929,3877,3134,73,670,311,251,1088,154,18,230,5203,3776,1767,63,1946,115,40,286,680,140,166
1269,,27000,a,大阪府,3777655,2950306,1841812,110512,997982,191583,77917,227529,81217,6599,242504,2108921,1565594,1245064,43225,277305,145413,64625,171538,16194,1090,144467,1668734,1384712,596748,67287,720677,46170,13292,55991,65023,5509,98037
1270,,27100,1,大阪市,1120195,816293,510565,35288,270440,62483,25183,68920,25586,1785,119945,610410,417878,326312,12833,78733,46086,20166,50379,4937,383,70581,509785,398415,184253,22455,191707,16397,5017,18541,20649,1402,49364
1271,,27102,0,大阪市 都島区,44395,32872,20869,1472,10531,2541,953,2609,907,49,4464,23931,16645,13152,503,2990,1915,742,1883,173,7,2566,20464,16227,7717,969,7541,626,211,726,734,42,1898
1272,,27103,0,大阪市 福島区,33473,24663,17072,1061,6530,2201,664,1724,628,24,3569,17794,12376,10288,327,1761,1626,493,1155,117,5,2022,15679,12287,6784,734,4769,575,171,569,511,19,1547
1273,,27104,0,大阪市 此花区,29367,23051,13610,1047,8394,1223,545,1673,530,23,2322,16335,12160,9378,419,2363,924,427,1268,129,5,1422,13032,10891,4232,628,6031,299,118,405,401,18,900
1274,,27106,0,大阪市 西区,40999,26842,18775,1166,6901,3352,1036,2435,907,31,6396,21552,13035,10812,282,1941,2431,790,1577,157,3,3559,19447,13807,7963,884,4960,921,246,858,750,28,2837
1275,,27107,0,大阪市 港区,34852,26194,15991,1137,9066,1782,724,2047,837,44,3224,19148,13570,10464,479,2627,1327,600,1533,178,9,1931,15704,12624,5527,658,6439,455,124,514,659,35,1293
1276,,27108,0,大阪市 大正区,28749,21955,12707,922,8326,1356,665,1989,704,30,2050,16046,11570,8692,399,2479,1037,535,1502,131,5,1266,12703,10385,4015,523,5847,319,130,487,573,25,784
1277,,27109,0,大阪市 天王寺区,32142,21456,14840,771,5845,3251,1087,1978,879,33,3458,16889,10324,8519,227,1578,2280,879,1309,152,7,1938,15253,11132,6321,544,4267,971,208,669,727,26,1520
1278,,27111,0,大阪市 浪速区,24996,15340,9427,787,5126,1327,575,1405,558,21,5770,13648,7818,5662,314,1842,923,421,988,121,9,3368,11348,7522,3765,473,3284,404,154,417,437,12,2402
1279,,27113,0,大阪市 西淀川区,41055,32107,19997,1347,10763,1659,755,2234,727,41,3532,23279,17310,13809,542,2959,1285,629,1679,163,7,2206,17776,14797,6188,805,7804,374,126,555,564,34,1326
1280,,27114,0,大阪市 東淀川区,71736,54753,32559,2615,19579,2591,1058,3965,1084,92,8193,39249,28320,21366,1033,5921,1943,880,3017,221,14,4854,32487,26433,11193,1582,13658,648,178,948,863,78,3339
1281,,27115,0,大阪市 東成区,35359,25379,16181,1105,8093,2120,920,2434,1022,79,3405,19069,12803,10066,391,2346,1548,760,1787,193,15,1963,16290,12576,6115,714,5747,572,160,647,829,64,1442
1282,,27116,0,大阪市 生野区,48527,32041,18910,1398,11733,2641,1490,3984,1932,263,6176,26441,16037,11918,530,3589,1947,1226,3089,411,64,3667,22086,16004,6992,868,8144,694,264,895,1521,199,2509
1283,,27117,0,大阪市 旭区,36462,26792,16172,1207,9413,1844,836,2434,961,72,3523,19895,13681,10396,456,2829,1398,685,1874,173,21,2063,16567,13111,5776,751,6584,446,151,560,788,51,1460
1284,,27118,0,大阪市 城東区,72500,55955,35300,2408,18247,3483,1412,4243,1495,148,5764,39451,28770,23027,772,4971,2660,1147,3129,294,35,3416,33049,27185,12273,1636,13276,823,265,1114,1201,113,2348
1285,,27119,0,大阪市 阿倍野区,45995,33198,21806,1192,10200,3829,1417,2864,1235,53,3399,24598,16634,13451,383,2800,2746,1144,1962,211,10,1891,21397,16564,8355,809,7400,1083,273,902,1024,43,1508
1286,,27120,0,大阪市 住吉区,61761,46216,27679,2010,16527,3215,1298,3892,1331,103,5706,33061,23257,17611,778,4868,2344,1082,2878,211,27,3262,28700,22959,10068,1232,11659,871,216,1014,1120,76,2444
1287,,27121,0,大阪市 東住吉区,52021,37934,23464,1434,13036,3156,1303,3804,1498,110,4216,28319,19293,14925,558,3810,2325,1074,2866,294,22,2445,23702,18641,8539,876,9226,831,229,938,1204,88,1771
1288,,27122,0,大阪市 西成区,34696,22917,11675,1201,10041,1359,869,2625,1101,82,5743,20345,12626,7689,653,4284,978,686,1965,212,32,3846,14351,10291,3986,548,5757,381,183,660,889,50,1897
1289,,27123,0,大阪市 淀川区,76120,56297,36353,2526,17418,3400,1327,3944,1273,80,9799,42700,30044,24066,912,5066,2661,1008,2821,244,13,5909,33420,26253,12287,1614,12352,739,319,1123,1029,67,3890
1290,,27124,0,大阪市 鶴見区,48511,38402,24237,1445,12720,2307,878,2728,865,102,3229,27156,20450,16854,475,3121,1779,751,2062,151,13,1950,21355,17952,7383,970,9599,528,127,666,714,89,1279
1291,,27125,0,大阪市 住之江区,51080,39858,22692,2079,15087,2088,918,3010,966,40,4200,27861,20435,15253,844,4338,1625,762,2291,190,9,2549,23219,19423,7439,1235,10749,463,156,719,776,31,1651
1292,,27126,0,大阪市 平野区,76145,56788,33235,2042,21511,3598,1661,5126,1922,189,6861,41783,29063,22433,753,5877,2657,1408,4061,402,38,4154,34362,27725,10802,1289,15634,941,253,1065,1520,151,2707
1293,,27127,0,大阪市 北区,55252,37571,26462,1724,9385,3983,1493,3288,1177,41,7699,29349,18654,15415,495,2744,2853,1082,2148,222,7,4383,25903,18917,11047,1229,6641,1130,411,1140,955,34,3316
1294,,27128,0,大阪市 中央区,44002,27712,20552,1192,5968,4177,1299,2485,1047,35,7247,22511,13003,11066,308,1629,2874,955,1535,187,6,3951,21491,14709,9486,884,4339,1303,344,950,860,29,3296
1295,,27140,1,堺市,365836,293517,184854,10177,98486,17984,7370,21861,7283,601,17220,206632,157849,127151,4439,26259,13761,6225,16825,1479,85,10408,159204,135668,57703,5738,72227,4223,1145,5036,5804,516,6812
1296,,27141,0,堺市 堺区,65735,50935,32459,2161,16315,3574,1490,4267,1640,71,3758,37428,27727,22114,996,4617,2626,1208,3157,322,10,2378,28307,23208,10345,1165,11698,948,282,1110,1318,61,1380
1297,,27142,0,堺市 中区,53955,43017,26709,1270,15038,2394,1079,3489,1170,146,2660,30838,23327,18891,566,3870,1837,934,2821,278,24,1617,23117,19690,7818,704,11168,557,145,668,892,122,1043
1298,,27143,0,堺市 東区,37129,30046,18891,1064,10091,1752,731,2351,745,50,1454,21033,16246,12944,466,2836,1379,624,1791,143,7,843,16096,13800,5947,598,7255,373,107,560,602,43,611
1299,,27144,0,堺市 西区,60054,48375,30710,1727,15938,2999,1202,3455,1137,102,2784,34224,26333,21580,757,3996,2291,1035,2623,235,12,1695,25830,22042,9130,970,11942,708,167,832,902,90,1089
1300,,27145,0,堺市 南区,60620,49147,29425,1580,18142,3317,1246,3283,1003,103,2521,33563,25757,20072,715,4970,2549,1056,2552,175,11,1463,27057,23390,9353,865,13172,768,190,731,828,92,1058
1301,,27146,0,堺市 北区,71318,58739,38551,1979,18209,2928,1224,3800,1151,88,3388,39762,31303,25844,751,4708,2285,1014,2911,219,13,2017,31556,27436,12707,1228,13501,643,210,889,932,75,1371
1302,,27147,0,堺市 美原区,17025,13258,8109,396,4753,1020,398,1216,437,41,655,9784,7156,5706,188,1262,794,354,970,107,8,395,7241,6102,2403,208,3491,226,44,246,330,33,260
1303,,27202,2,岸和田市,84400,66758,41651,2141,22966,3561,1846,5559,2242,164,4270,47055,35239,28156,1022,6061,2728,1587,4432,498,32,2539,37345,31519,13495,1119,16905,833,259,1127,1744,132,1731
1304,,27203,2,豊中市,175364,139529,88109,5051,46369,10602,3680,9834,3094,171,8454,98631,74976,60688,1663,12625,8042,3025,6960,555,20,5053,76733,64553,27421,3388,33744,2560,655,2874,2539,151,3401
1305,,27204,2,池田市,44628,35735,22117,1271,12347,2366,937,2556,961,34,2039,25292,19397,15210,517,3670,1860,752,1844,195,1,1243,19336,16338,6907,754,8677,506,185,712,766,33,796
1306,,27205,2,吹田市,165154,135472,88176,4671,42625,8923,2743,7699,2188,134,7995,94284,74576,61561,1554,11461,6874,2206,5445,344,22,4817,70870,60896,26615,3117,31164,2049,537,2254,1844,112,3178
1307,,27206,2,泉大津市,33141,26605,16762,869,8974,1406,626,1861,720,75,1848,18597,14337,11653,398,2286,1060,518,1403,133,11,1135,14544,12268,5109,471,6688,346,108,458,587,64,713
1308,,27207,2,高槻市,150214,125811,79082,4722,42007,5574,2364,7566,2309,176,6414,83919,67721,54251,1932,11538,4410,1946,5556,435,21,3830,66295,58090,24831,2790,30469,1164,418,2010,1874,155,2584
1309,,27208,2,貝塚市,39632,32317,20179,917,11221,1746,828,2533,1111,87,1010,22193,17291,14166,417,2708,1332,721,1996,231,8,614,17439,15026,6013,500,8513,414,107,537,880,79,396
1310,,27209,2,守口市,59699,46281,28314,2168,15799,2778,1285,4261,1438,154,3502,33271,24349,19052,859,4438,2118,1078,3321,289,27,2089,26428,21932,9262,1309,11361,660,207,940,1149,127,1413
1311,,27210,2,枚方市,168905,139815,86952,5055,47808,6829,2800,9164,2769,212,7316,94721,75661,60667,2026,12968,5321,2335,6768,511,23,4102,74184,64154,26285,3029,34840,1508,465,2396,2258,189,3214
1312,,27211,2,茨木市,126662,106881,68520,3946,34415,5826,1973,6322,1866,132,3662,71700,58355,47558,1475,9322,4470,1627,4625,335,12,2276,54962,48526,20962,2471,25093,1356,346,1697,1531,120,1386
1313,,27212,2,八尾市,113007,88303,55430,2981,29892,6420,2620,7310,2979,292,5083,64061,47306,38157,1162,7987,4936,2267,5834,622,48,3048,48946,40997,17273,1819,21905,1484,353,1476,2357,244,2035
1314,,27213,2,泉佐野市,45868,36800,22914,1240,12646,1989,1006,2785,1537,87,1664,25472,19556,15718,572,3266,1486,862,2202,325,14,1027,20396,17244,7196,668,9380,503,144,583,1212,73,637
1315,,27214,2,富田林市,49382,39736,24425,1248,14063,2607,1048,3031,1066,91,1803,27317,20848,16427,513,3908,2015,897,2328,211,14,1004,22065,18888,7998,735,10155,592,151,703,855,77,799
1316,,27215,2,寝屋川市,100735,79984,47904,3407,28673,4070,1967,6356,1940,188,6230,56719,42653,33112,1404,8137,3166,1656,4936,387,26,3895,44016,37331,14792,2003,20536,904,311,1420,1553,162,2335
1317,,27216,2,河内長野市,42772,34554,21471,1074,12009,2080,814,2491,902,102,1829,23934,18512,14760,454,3298,1635,671,1879,181,12,1044,18838,16042,6711,620,8711,445,143,612,721,90,785
1318,,27217,2,松原市,51172,40266,24311,1398,14557,2359,1152,3631,1307,161,2296,28751,21260,16596,584,4080,1804,1000,2961,295,21,1410,22421,19006,7715,814,10477,555,152,670,1012,140,886
1319,,27218,2,大東市,52994,42877,25923,1765,15189,2367,950,3191,987,98,2524,30122,23119,18269,668,4182,1834,797,2543,220,15,1594,22872,19758,7654,1097,11007,533,153,648,767,83,930
1320,,27219,2,和泉市,80374,65482,41656,1908,21918,3385,1588,4472,1916,177,3354,45759,35692,29333,821,5538,2664,1351,3557,401,29,2065,34615,29790,12323,1087,16380,721,237,915,1515,148,1289
1321,,27220,2,箕面市,56613,45198,27844,1508,15846,4053,1302,3412,1119,40,1489,32057,24391,19156,500,4735,3110,1095,2439,197,4,821,24556,20807,8688,1008,11111,943,207,973,922,36,668
1322,,27221,2,柏原市,31646,25235,15616,878,8741,1553,657,2001,764,93,1343,17811,13495,10704,378,2413,1209,562,1574,160,9,802,13835,11740,4912,500,6328,344,95,427,604,84,541
1323,,27222,2,羽曳野市,49412,39097,23784,1206,14107,2499,1050,3474,1254,133,1905,27705,20774,16370,520,3884,1924,923,2675,280,21,1108,21707,18323,7414,686,10223,575,127,799,974,112,797
1324,,27223,2,門真市,54406,41587,24078,2117,15392,2163,1136,4142,1173,137,4068,30714,21931,16625,931,4375,1664,939,3318,275,18,2569,23692,19656,7453,1186,11017,499,197,824,898,119,1499
1325,,27224,2,摂津市,40171,32243,19967,1299,10977,1772,685,2537,729,61,2144,23127,17724,14162,547,3015,1335,600,1954,151,3,1360,17044,14519,5805,752,7962,437,85,583,578,58,784
1326,,27225,2,高石市,24691,20464,13214,665,6585,1120,483,1377,464,35,748,14130,11251,9289,289,1673,864,409,1036,89,6,475,10561,9213,3925,376,4912,256,74,341,375,29,273
1327,,27226,2,藤井寺市,28435,22587,14147,763,7677,1493,693,1883,678,83,1018,15868,11958,9598,290,2070,1149,575,1453,123,8,602,12567,10629,4549,473,5607,344,118,430,555,75,416
1328,,27227,2,東大阪市,212900,159911,98204,5651,56056,12206,4800,14055,5454,686,15788,120148,85067,66744,2226,16097,9223,4105,10806,1203,142,9602,92752,74844,31460,3425,39959,2983,695,3249,4251,544,6186
1329,,27228,2,泉南市,25609,20894,11923,667,8304,985,519,1593,759,98,761,14517,11367,8373,351,2643,756,451,1296,180,11,456,11092,9527,3550,316,5661,229,68,297,579,87,305
1330,,27229,2,四條畷市,23705,19123,11798,662,6663,1197,486,1542,506,49,802,13509,10316,8305,274,1737,934,411,1239,108,6,495,10196,8807,3493,388,4926,263,75,303,398,43,307
1331,,27230,2,交野市,33177,27814,17615,941,9258,1416,613,1913,601,45,775,18729,15043,12318,346,2379,1109,522,1464,109,6,476,14448,12771,5297,595,6879,307,91,449,492,39,299
1332,,27231,2,大阪狭山市,24056,19376,12430,567,6379,1333,525,1323,527,21,951,13447,10336,8426,253,1657,1004,450,1013,94,4,546,10609,9040,4004,314,4722,329,75,310,433,17,405
1333,,27232,2,阪南市,22905,18902,11540,486,6876,918,487,1382,591,55,570,12863,10163,8033,235,1895,721,424,1077,125,10,343,10042,8739,3507,251,4981,197,63,305,466,45,227
1334,,27301,3,島本町,13629,11947,7640,407,3900,448,196,644,187,4,203,7710,6583,5404,163,1016,360,167,448,31,-,121,5919,5364,2236,244,2884,88,29,196,156,4,82
1335,,27321,3,豊能町,8225,6770,4024,193,2553,446,154,582,200,11,62,4639,3607,2753,74,780,362,124,467,45,-,34,3586,3163,1271,119,1773,84,30,115,155,11,28
1336,,27322,3,能勢町,5047,3681,2026,102,1553,200,118,609,311,13,115,2860,1938,1391,50,497,168,101,506,69,3,75,2187,1743,635,52,1056,32,17,103,242,10,40
1337,,27341,3,忠岡町,7212,5764,3589,179,1996,337,152,476,228,23,232,4158,3199,2566,91,542,262,124,387,47,1,138,3054,2565,1023,88,1454,75,28,89,181,22,94
1338,,27361,3,熊取町,19430,16085,10107,439,5539,888,438,1178,512,33,296,10966,8609,6954,191,1464,701,384,965,118,6,183,8464,7476,3153,248,4075,187,54,213,394,27,113
1339,,27362,3,田尻町,4058,3372,2337,82,953,86,63,212,100,3,222,2454,1988,1720,43,225,67,54,164,21,-,160,1604,1384,617,39,728,19,9,48,79,3,62
1340,,27366,3,岬町,6543,5330,3221,131,1978,268,165,455,205,2,118,3609,2760,2161,42,557,223,144,367,47,-,68,2934,2570,1060,89,1421,45,21,88,158,2,50
1341,,27381,3,太子町,6191,4804,3042,105,1657,323,154,465,228,27,190,3563,2627,2145,37,445,255,138,376,48,2,117,2628,2177,897,68,1212,68,16,89,180,25,73
1342,,27382,3,河南町,7188,5378,3287,114,1977,424,191,625,318,22,230,4170,2951,2339,60,552,330,172,508,71,5,133,3018,2427,948,54,1425,94,19,117,247,17,97
1343,,27383,3,千早赤阪村,2272,1728,1064,53,611,100,70,246,108,4,16,1327,941,731,21,189,81,64,212,19,1,9,945,787,333,32,422,19,6,34,89,3,7
1344,,28000,a,兵庫県,2443786,2001002,1269871,69453,661678,114048,51062,151086,63556,3833,59199,1367401,1076156,875611,29949,170596,86312,42226,114336,12733,547,35091,1076385,924846,394260,39504,491082,27736,8836,36750,50823,3286,24108
1345,,28100,1,神戸市,659182,541981,339290,19979,182712,32109,13506,36655,13251,754,20926,362902,285982,228637,8030,49315,24484,10987,26691,2280,115,12363,296280,255999,110653,11949,133397,7625,2519,9964,10971,639,8563
1346,,28101,0,神戸市 東灘区,94609,77997,50579,2823,24595,5801,2091,4555,1474,66,2625,52096,41033,33951,914,6168,4343,1731,3102,217,3,1667,42513,36964,16628,1909,18427,1458,360,1453,1257,63,958
1347,,28102,0,神戸市 灘区,59637,48933,31042,1718,16173,3056,1339,3326,1189,32,1762,32250,25350,19851,622,4877,2302,1069,2308,155,3,1063,27387,23583,11191,1096,11296,754,270,1018,1034,29,699
1348,,28105,0,神戸市 兵庫区,45608,36280,22555,1510,12215,2112,1099,3091,1246,52,1728,24944,18848,14490,682,3676,1575,862,2254,246,5,1154,20664,17432,8065,828,8539,537,237,837,1000,47,574
1349,,28106,0,神戸市 長田区,40937,31921,18544,1304,12073,1743,1065,3093,1219,170,1726,22376,16560,12296,622,3642,1308,845,2318,249,37,1059,18561,15361,6248,682,8431,435,220,775,970,133,667
1350,,28107,0,神戸市 須磨区,68804,57259,35006,2211,20042,3191,1354,3745,1190,114,1951,37395,29668,23432,887,5349,2475,1114,2778,218,23,1119,31409,27591,11574,1324,14693,716,240,967,972,91,832
1351,,28108,0,神戸市 垂水区,92498,78553,49176,2793,26584,3803,1633,4747,1404,94,2264,51854,42583,34619,1119,6845,2937,1333,3455,215,15,1316,40644,35970,14557,1674,19739,866,300,1292,1189,79,948
1352,,28109,0,神戸市 北区,95184,79665,48454,2567,28644,4325,1590,5342,1799,83,2380,52606,42080,33593,1088,7399,3400,1356,4098,340,10,1322,42578,37585,14861,1479,21245,925,234,1244,1459,73,1058
1353,,28110,0,神戸市 中央区,55982,42285,27845,1761,12679,3680,1605,3288,1320,44,3760,29231,21021,16655,611,3755,2657,1174,2162,227,5,1985,26751,21264,11190,1150,8924,1023,431,1126,1093,39,1775
1354,,28111,0,神戸市 西区,105923,89088,56089,3292,29707,4398,1730,5468,2410,99,2730,60150,48839,39750,1485,7604,3487,1503,4216,413,14,1678,45773,40249,16339,1807,22103,911,227,1252,1997,85,1052
1355,,28201,2,姫路市,245558,201874,131189,6004,64681,11874,5503,14398,6092,312,5505,139902,110554,92211,2893,15450,8818,4594,11175,1331,34,3396,105656,91320,38978,3111,49231,3056,909,3223,4761,278,2109
1356,,28202,2,尼崎市,192674,158297,98724,6641,52932,8020,3702,11541,3612,186,7316,107496,84488,67091,2694,14703,6109,3004,8654,743,30,4468,85178,73809,31633,3947,38229,1911,698,2887,2869,156,2848
1357,,28203,2,明石市,127816,109133,69879,4280,34974,4198,2024,6286,2317,118,3740,72939,60516,49628,1998,8890,3203,1673,4682,549,7,2309,54877,48617,20251,2282,26084,995,351,1604,1768,111,1431
1358,,28204,2,西宮市,204206,169013,109099,5674,54240,11643,3946,10203,3287,131,5983,113162,90478,75043,1881,13554,8781,3228,7016,499,10,3150,91044,78535,34056,3793,40686,2862,718,3187,2788,121,2833
1359,,28205,2,洲本市,21092,15047,9570,347,5130,933,620,2550,1718,22,202,11425,7699,6320,165,1214,639,507,2121,340,3,116,9667,7348,3250,182,3916,294,113,429,1378,19,86
1360,,28206,2,芦屋市,39218,29140,19419,1038,8683,4394,1266,2442,721,26,1229,21651,15202,12664,292,2246,3177,1017,1514,97,4,640,17567,13938,6755,746,6437,1217,249,928,624,22,589
1361,,28207,2,伊丹市,86507,73131,46144,2571,24416,3211,1455,4736,1431,92,2451,49793,40755,33331,1071,6353,2526,1181,3517,303,9,1502,36714,32376,12813,1500,18063,685,274,1219,1128,83,949
1362,,28208,2,相生市,12904,10788,7003,341,3444,521,293,798,372,22,110,7401,6009,4946,187,876,383,241,622,79,-,67,5503,4779,2057,154,2568,138,52,176,293,22,43
1363,,28209,2,豊岡市,40709,30576,19704,792,10080,1949,1587,3589,2371,331,306,22439,16053,13078,440,2535,1450,1391,2760,538,59,188,18270,14523,6626,352,7545,499,196,829,1833,272,118
1364,,28210,2,加古川市,119992,103532,67783,3593,32156,4137,2089,5747,2065,150,2272,69801,58815,49260,1758,7797,3129,1721,4297,414,14,1411,50191,44717,18523,1835,24359,1008,368,1450,1651,136,861
1365,,28212,2,赤穂市,21322,18035,11776,568,5691,872,457,1171,583,20,184,12162,10028,8393,307,1328,646,349,893,125,-,121,9160,8007,3383,261,4363,226,108,278,458,20,63
1366,,28213,2,西脇市,20179,15670,9841,683,5146,1045,529,1517,804,161,453,11074,8195,6638,324,1233,752,443,1210,183,19,272,9105,7475,3203,359,3913,293,86,307,621,142,181
1367,,28214,2,宝塚市,93932,78351,49670,2631,26050,5490,2010,5042,1620,77,1342,52502,42014,34584,909,6521,4283,1616,3580,273,14,722,41430,36337,15086,1722,19529,1207,394,1462,1347,63,620
1368,,28215,2,三木市,35333,28676,17104,1052,10520,1589,768,2689,1327,79,205,19572,15084,11618,535,2931,1231,647,2200,285,8,117,15761,13592,5486,517,7589,358,121,489,1042,71,88
1369,,28216,2,高砂市,40860,35582,23555,1253,10774,1454,740,1979,640,29,436,23792,20138,17043,596,2499,1093,616,1536,108,1,300,17068,15444,6512,657,8275,361,124,443,532,28,136
1370,,28217,2,川西市,64435,54378,34145,1859,18374,3157,1128,3628,1135,66,943,36415,29467,23941,695,4831,2502,921,2713,214,6,592,28020,24911,10204,1164,13543,655,207,915,921,60,351
1371,,28218,2,小野市,23487,19216,11770,811,6635,931,473,1558,831,73,405,13157,10357,8261,424,1672,678,407,1258,202,18,237,10330,8859,3509,387,4963,253,66,300,629,55,168
1372,,28219,2,三田市,52950,45208,27240,1539,16429,2063,664,2669,1009,50,1287,29539,24390,19518,694,4178,1649,549,1968,180,9,794,23411,20818,7722,845,12251,414,115,701,829,41,493
1373,,28220,2,加西市,21113,16845,10994,639,5212,1159,469,1540,856,72,172,12028,9152,7441,339,1372,850,409,1274,202,16,125,9085,7693,3553,300,3840,309,60,266,654,56,47
1374,,28221,2,篠山市,21329,15566,9310,489,5767,766,385,2604,1465,48,495,11697,8153,6328,225,1600,578,319,2113,261,6,267,9632,7413,2982,264,4167,188,66,491,1204,42,228
1375,,28222,2,養父市,11164,8527,5664,189,2674,534,287,1117,597,29,73,6231,4526,3716,97,713,380,252,874,146,4,49,4933,4001,1948,92,1961,154,35,243,451,25,24
1376,,28223,2,丹波市,32243,24755,15822,707,8226,1391,664,3330,1688,265,150,17672,12875,10359,379,2137,1032,581,2727,319,43,95,14571,11880,5463,328,6089,359,83,603,1369,222,55
1377,,28224,2,南あわじ市,25389,15405,9977,285,5143,1046,858,4090,3691,48,251,13673,7892,6504,162,1226,769,744,3406,707,11,144,11716,7513,3473,123,3917,277,114,684,2984,37,107
1378,,28225,2,朝来市,14697,11619,7349,272,3998,645,342,1386,571,45,89,8143,6113,4950,137,1026,493,276,1074,125,7,55,6554,5506,2399,135,2972,152,66,312,446,38,34
1379,,28226,2,淡路市,20979,14075,8543,278,5254,878,780,2817,1830,67,532,11549,7112,5688,148,1276,622,671,2347,492,9,296,9430,6963,2855,130,3978,256,109,470,1338,58,236
1380,,28227,2,宍粟市,18724,14027,9011,261,4755,1038,687,1735,1050,92,95,10225,7053,5796,129,1128,768,606,1431,287,16,64,8499,6974,3215,132,3627,270,81,304,763,76,31
1381,,28228,2,加東市,19750,16046,9875,960,5211,805,368,1414,756,57,304,10970,8541,6766,513,1262,585,323,1151,171,12,187,8780,7505,3109,447,3949,220,45,263,585,45,117
1382,,28229,2,たつの市,35505,28816,18627,825,9364,1467,952,2367,1319,56,528,20102,15673,12935,432,2306,1089,810,1894,301,8,327,15403,13143,5692,393,7058,378,142,473,1018,48,201
1383,,28301,3,猪名川町,13539,11502,7055,321,4126,593,217,846,299,6,76,7698,6249,5137,134,978,495,176,677,58,1,42,5841,5253,1918,187,3148,98,41,169,241,5,34
1384,,28365,3,多可町,10729,8121,5019,285,2817,483,244,1019,516,135,211,5934,4243,3326,169,748,356,212,832,139,25,127,4795,3878,1693,116,2069,127,32,187,377,110,84
1385,,28381,3,稲美町,14364,11745,7320,373,4052,534,266,1084,469,38,228,8220,6421,5182,206,1033,407,233,898,118,5,138,6144,5324,2138,167,3019,127,33,186,351,33,90
1386,,28382,3,播磨町,15251,13352,8593,548,4211,422,228,801,244,16,188,8815,7515,6148,279,1088,325,184,623,47,2,119,6436,5837,2445,269,3123,97,44,178,197,14,69
1387,,28442,3,市川町,5621,4657,2894,143,1620,208,134,396,171,26,29,3184,2496,1999,76,421,169,116,333,45,5,20,2437,2161,895,67,1199,39,18,63,126,21,9
1388,,28443,3,福崎町,9434,7779,4713,255,2811,381,162,575,250,49,238,5086,4056,3243,116,697,278,135,432,63,4,118,4348,3723,1470,139,2114,103,27,143,187,45,120
1389,,28446,3,神河町,5411,4415,2705,123,1587,202,132,420,195,22,25,2967,2304,1820,63,421,159,107,335,44,3,15,2444,2111,885,60,1166,43,25,85,151,19,10
1390,,28464,3,太子町,15026,12817,8384,415,4018,541,337,822,394,8,107,8616,7091,5950,215,926,416,289,650,93,1,76,6410,5726,2434,200,3092,125,48,172,301,7,31
1391,,28481,3,上郡町,6823,5669,3532,153,1984,259,143,509,215,12,16,3883,3122,2493,87,542,199,123,383,45,2,9,2940,2547,1039,66,1442,60,20,126,170,10,7
1392,,28501,3,佐用町,8092,6156,3965,140,2051,332,197,884,471,16,36,4469,3225,2605,76,544,242,171,715,90,4,22,3623,2931,1360,64,1507,90,26,169,381,12,14
1393,,28585,3,香美町,8831,6202,4090,89,2023,431,261,1168,731,11,27,4951,3287,2696,46,545,318,234,972,127,1,12,3880,2915,1394,43,1478,113,27,196,604,10,15
1394,,28586,3,新温泉町,7416,5278,3524,47,1707,343,189,964,592,16,34,4164,2833,2324,28,481,249,163,788,110,2,19,3252,2445,1200,19,1226,94,26,176,482,14,15
1395,,29000,a,奈良県,590818,475276,302440,13372,159464,29052,14032,40427,19931,1764,10336,331704,255271,207218,5608,42445,22234,12025,31663,4390,230,5891,259114,220005,95222,7764,117019,6818,2007,8764,15541,1534,4445
1396,,29201,2,奈良市,155089,126322,79310,3616,43396,8568,3488,9382,3889,262,3178,85464,66529,53634,1415,11480,6499,2912,6919,765,31,1809,69625,59793,25676,2201,31916,2069,576,2463,3124,231,1369
1397,,29202,2,大和高田市,28197,22711,14143,669,7899,1172,671,1957,957,155,574,15745,12093,9727,272,2094,901,578,1579,238,20,336,12452,10618,4416,397,5805,271,93,378,719,135,238
1398,,29203,2,大和郡山市,37850,31407,19498,1103,10806,1464,683,2456,1067,80,693,21297,17023,13506,528,2989,1161,569,1897,225,24,398,16553,14384,5992,575,7817,303,114,559,842,56,295
1399,,29204,2,天理市,30453,24606,15812,643,8151,1009,639,2209,1319,73,598,17073,13315,10666,277,2372,769,546,1799,296,11,337,13380,11291,5146,366,5779,240,93,410,1023,62,261
1400,,29205,2,橿原市,53891,43953,28240,1223,14490,2188,1169,3325,1465,162,1629,30109,23544,19209,551,3784,1634,997,2633,348,17,936,23782,20409,9031,672,10706,554,172,692,1117,145,693
1401,,29206,2,桜井市,24553,19593,12286,506,6801,1089,727,1778,1056,53,257,13735,10393,8423,212,1758,808,637,1469,266,5,157,10818,9200,3863,294,5043,281,90,309,790,48,100
1402,,29207,2,五條市,14549,10075,6233,220,3622,520,561,1760,1418,76,139,8154,5390,4227,120,1043,398,487,1466,325,9,79,6395,4685,2006,100,2579,122,74,294,1093,67,60
1403,,29208,2,御所市,11004,8213,5059,228,2926,563,283,1112,583,66,184,6291,4424,3456,109,859,417,254,930,138,11,117,4713,3789,1603,119,2067,146,29,182,445,55,67
1404,,29209,2,生駒市,51503,42512,28291,1205,13016,3581,1095,2809,1004,69,433,29302,23127,19516,406,3205,2798,943,2030,172,10,222,22201,19385,8775,799,9811,783,152,779,832,59,211
1405,,29210,2,香芝市,32430,26911,17902,687,8322,1785,679,1608,703,181,563,18576,14883,12747,260,1876,1362,592,1240,148,24,327,13854,12028,5155,427,6446,423,87,368,555,157,236
1406,,29211,2,葛城市,15992,12730,8196,296,4238,776,383,1194,605,82,222,9174,6980,5745,111,1124,579,338,993,148,10,126,6818,5750,2451,185,3114,197,45,201,457,72,96
1407,,29212,2,宇陀市,13995,10230,6160,324,3746,537,538,1519,936,62,173,7865,5428,4150,157,1121,408,478,1255,192,8,96,6130,4802,2010,167,2625,129,60,264,744,54,77
1408,,29322,3,山添村,1867,1262,804,29,429,58,49,292,195,10,1,1054,671,523,15,133,44,44,247,45,2,1,813,591,281,14,296,14,5,45,150,8,-
1409,,29342,3,平群町,7798,6187,3867,181,2139,430,203,533,340,6,99,4417,3339,2674,71,594,340,180,433,77,-,48,3381,2848,1193,110,1545,90,23,100,263,6,51
1410,,29343,3,三郷町,9410,8027,5184,276,2567,344,175,548,210,19,87,5301,4381,3535,122,724,280,135,397,53,1,54,4109,3646,1649,154,1843,64,40,151,157,18,33
1411,,29344,3,斑鳩町,11625,9585,6221,288,3076,558,227,732,322,30,171,6549,5175,4291,106,778,443,196,547,79,3,106,5076,4410,1930,182,2298,115,31,185,243,27,65
1412,,29345,3,安堵町,3258,2760,1761,91,908,111,48,197,85,7,50,1875,1529,1226,46,257,92,42,158,27,1,26,1383,1231,535,45,651,19,6,39,58,6,24
1413,,29361,3,川西町,3656,2997,1930,86,981,142,96,240,123,17,41,2105,1662,1342,39,281,116,79,189,34,2,23,1551,1335,588,47,700,26,17,51,89,15,18
1414,,29362,3,三宅町,3025,2416,1458,88,870,114,62,246,119,18,50,1680,1282,1002,43,237,88,48,201,27,1,33,1345,1134,456,45,633,26,14,45,92,17,17
1415,,29363,3,田原本町,14092,11201,6999,328,3874,583,328,1078,574,58,270,8049,6156,4966,166,1024,439,286,853,160,6,149,6043,5045,2033,162,2850,144,42,225,414,52,121
1416,,29385,3,曽爾村,749,487,298,12,177,21,21,136,77,5,2,402,232,167,4,61,16,20,112,18,2,2,347,255,131,8,116,5,1,24,59,3,-
1417,,29386,3,御杖村,815,474,270,5,199,11,30,197,88,6,9,492,260,178,5,77,10,25,173,17,-,7,323,214,92,-,122,1,5,24,71,6,2
1418,,29401,3,高取町,2917,2199,1450,45,704,150,100,281,145,8,34,1697,1202,983,21,198,113,86,240,38,1,17,1220,997,467,24,506,37,14,41,107,7,17
1419,,29402,3,明日香村,2528,1764,1131,31,602,133,97,324,183,12,15,1458,951,743,16,192,95,81,284,35,3,9,1070,813,388,15,410,38,16,40,148,9,6
1420,,29424,3,上牧町,8760,7336,4451,235,2650,357,150,502,177,30,208,4915,3972,3166,109,697,280,139,376,34,2,112,3845,3364,1285,126,1953,77,11,126,143,28,96
1421,,29425,3,王寺町,10204,8655,5852,234,2569,552,198,543,183,10,63,5739,4649,3894,88,667,439,153,427,30,2,39,4465,4006,1958,146,1902,113,45,116,153,8,24
1422,,29426,3,広陵町,15385,12006,7924,292,3790,904,443,1063,603,105,261,8805,6599,5546,121,932,685,395,852,120,11,143,6580,5407,2378,171,2858,219,48,211,483,94,118
1423,,29427,3,河合町,7127,5683,3599,189,1895,409,185,469,195,16,170,4049,3067,2477,91,499,327,159,355,44,1,96,3078,2616,1122,98,1396,82,26,114,151,15,74
1424,,29441,3,吉野町,3318,2103,1305,42,756,188,139,489,323,30,46,1874,1092,846,20,226,145,127,416,67,5,22,1444,1011,459,22,530,43,12,73,256,25,24
1425,,29442,3,大淀町,7777,6067,3853,131,2083,395,242,603,376,32,62,4337,3196,2556,67,573,304,209,503,85,4,36,3440,2871,1297,64,1510,91,33,100,291,28,26
1426,,29443,3,下市町,2597,1755,1079,35,641,123,88,338,257,17,19,1469,938,714,17,207,85,81,290,61,3,11,1128,817,365,18,434,38,7,48,196,14,8
1427,,29444,3,黒滝村,284,195,117,5,73,9,15,35,22,1,7,158,94,77,3,14,9,14,31,5,-,5,126,101,40,2,59,-,1,4,17,1,2
1428,,29446,3,天川村,670,361,215,8,138,37,49,104,113,-,6,378,211,160,7,44,25,43,73,25,-,1,292,150,55,1,94,12,6,31,88,-,5
1429,,29447,3,野迫川村,201,148,106,-,42,11,6,17,18,-,1,127,95,74,-,21,7,6,14,4,-,1,74,53,32,-,21,4,-,3,14,-,-
1430,,29449,3,十津川村,1415,1096,722,6,368,53,67,122,72,1,4,903,689,556,4,129,40,61,98,13,-,2,512,407,166,2,239,13,6,24,59,1,2
1431,,29450,3,下北山村,385,290,166,1,123,30,15,35,14,-,1,221,158,117,1,40,24,13,22,3,-,1,164,132,49,-,83,6,2,13,11,-,-
1432,,29451,3,上北山村,256,179,125,1,53,26,10,17,18,1,5,159,115,93,1,21,18,7,13,5,-,1,97,64,32,-,32,8,3,4,13,1,4
1433,,29452,3,川上村,486,322,182,2,138,20,31,70,39,2,2,282,174,125,1,48,14,25,56,12,-,1,204,148,57,1,90,6,6,14,27,2,1
1434,,29453,3,東吉野村,707,458,241,11,206,31,42,107,58,2,9,424,253,181,6,66,22,40,93,11,-,5,283,205,60,5,140,9,2,14,47,2,4
1435,,30000,a,和歌山県,445326,330034,210343,5771,113920,18105,14679,43833,29965,989,7721,244692,173807,142502,2708,28597,13261,12454,34537,6066,97,4470,200634,156227,67841,3063,85323,4844,2225,9296,23899,892,3251
1436,,30201,2,和歌山市,162655,128973,83369,2569,43035,7800,4305,11164,5387,280,4746,90595,69073,57116,1185,10772,5662,3588,8481,1045,23,2723,72060,59900,26253,1384,32263,2138,717,2683,4342,257,2023
1437,,30202,2,海南市,23747,17273,11202,268,5803,1143,753,2446,1869,134,129,13004,9071,7533,131,1407,831,641,2012,362,15,72,10743,8202,3669,137,4396,312,112,434,1507,119,57
1438,,30203,2,橋本市,29434,23571,14983,522,8066,1034,789,2293,1446,95,206,16192,12541,10168,233,2140,788,666,1789,262,15,131,13242,11030,4815,289,5926,246,123,504,1184,80,75
1439,,30204,2,有田市,13457,8949,5886,147,2916,498,730,1508,1492,51,229,7430,4699,3973,85,641,371,640,1227,348,3,142,6027,4250,1913,62,2275,127,90,281,1144,48,87
1440,,30205,2,御坊市,11261,7766,5009,140,2617,456,511,1298,1159,14,57,6158,4059,3364,64,631,335,442,1016,273,2,31,5103,3707,1645,76,1986,121,69,282,886,12,26
1441,,30206,2,田辺市,35365,24684,15233,302,9149,1397,1505,4131,3139,72,437,18984,12482,9991,141,2350,1024,1271,3266,666,10,265,16381,12202,5242,161,6799,373,234,865,2473,62,172
1442,,30207,2,新宮市,12457,9165,5631,148,3386,643,558,1218,662,5,206,6643,4638,3754,66,818,448,458,859,117,-,123,5814,4527,1877,82,2568,195,100,359,545,5,83
1443,,30208,2,紀の川市,31096,21605,13783,422,7400,969,853,4114,3089,68,398,16934,11322,9313,196,1813,723,738,3362,546,3,240,14162,10283,4470,226,5587,246,115,752,2543,65,158
1444,,30209,2,岩出市,25065,20939,13030,444,7465,779,491,1661,751,60,384,13975,11300,9342,209,1749,599,417,1290,142,5,222,11090,9639,3688,235,5716,180,74,371,609,55,162
1445,,30304,3,紀美野町,4315,2942,1845,35,1062,148,146,658,382,35,4,2355,1515,1202,15,298,108,124,533,69,4,2,1960,1427,643,20,764,40,22,125,313,31,2
1446,,30341,3,かつらぎ町,8565,5427,3485,72,1870,230,347,1351,1087,12,111,4618,2818,2327,31,460,163,292,1081,205,2,57,3947,2609,1158,41,1410,67,55,270,882,10,54
1447,,30343,3,九度山町,2141,1329,825,23,481,61,62,356,240,6,87,1146,684,522,15,147,45,53,279,40,1,44,995,645,303,8,334,16,9,77,200,5,43
1448,,30344,3,高野町,1734,1180,827,16,337,124,76,176,153,8,17,983,645,507,8,130,90,62,134,43,-,9,751,535,320,8,207,34,14,42,110,8,8
1449,,30361,3,湯浅町,5792,3666,2276,51,1339,226,314,724,781,14,67,3134,1865,1476,29,360,170,275,578,198,2,46,2658,1801,800,22,979,56,39,146,583,12,21
1450,,30362,3,広川町,3341,2057,1316,34,707,110,156,433,540,12,33,1814,1053,861,18,174,77,140,380,143,1,20,1527,1004,455,16,533,33,16,53,397,11,13
1451,,30366,3,有田川町,13860,8096,5504,86,2506,387,627,2365,2229,19,137,7508,4212,3607,35,570,282,555,1937,436,3,83,6352,3884,1897,51,1936,105,72,428,1793,16,54
1452,,30381,3,美浜町,3310,2592,1736,44,812,91,101,301,190,8,27,1806,1363,1141,21,201,75,86,228,40,-,14,1504,1229,595,23,611,16,15,73,150,8,13
1453,,30382,3,日高町,3658,2692,1796,36,860,99,110,433,308,5,11,2005,1436,1250,19,167,76,85,350,50,-,8,1653,1256,546,17,693,23,25,83,258,5,3
1454,,30383,3,由良町,2768,1849,1183,33,633,103,93,428,277,7,11,1580,1009,823,24,162,79,85,343,56,-,8,1188,840,360,9,471,24,8,85,221,7,3
1455,,30390,3,印南町,4171,2328,1505,35,788,120,202,745,743,8,25,2271,1176,974,19,183,96,188,640,157,1,13,1900,1152,531,16,605,24,14,105,586,7,12
1456,,30391,3,みなべ町,7275,3829,2468,43,1318,315,426,1214,1468,11,12,3872,1880,1535,19,326,211,400,1025,349,1,6,3403,1949,933,24,992,104,26,189,1119,10,6
1457,,30392,3,日高川町,4972,3192,2076,29,1087,135,155,833,641,8,8,2734,1695,1405,12,278,94,142,686,113,1,3,2238,1497,671,17,809,41,13,147,528,7,5
1458,,30401,3,白浜町,9842,7405,4273,97,3035,397,305,1026,533,29,147,5220,3687,2800,52,835,300,249,780,123,2,79,4622,3718,1473,45,2200,97,56,246,410,27,68
1459,,30404,3,上富田町,7245,5573,3515,56,2002,248,259,677,353,22,113,3917,2858,2341,25,492,170,215,531,82,3,58,3328,2715,1174,31,1510,78,44,146,271,19,55
1460,,30406,3,すさみ町,1692,1185,702,14,469,52,64,278,104,1,8,965,617,476,7,134,43,52,221,26,-,6,727,568,226,7,335,9,12,57,78,1,2
1461,,30421,3,那智勝浦町,6833,4986,2909,58,2019,244,344,781,433,-,45,3688,2552,1965,24,563,181,268,576,79,-,32,3145,2434,944,34,1456,63,76,205,354,-,13
1462,,30422,3,太地町,1313,1031,589,10,432,26,60,142,43,1,10,714,528,389,6,133,23,50,104,4,-,5,599,503,200,4,299,3,10,38,39,1,5
1463,,30424,3,古座川町,1040,744,428,4,312,44,37,145,67,-,3,572,387,283,2,102,34,32,110,8,-,1,468,357,145,2,210,10,5,35,59,-,2
1464,,30427,3,北山村,174,143,85,1,57,7,3,14,5,-,2,103,82,64,1,17,5,3,10,2,-,1,71,61,21,-,40,2,-,4,3,-,1
1465,,30428,3,串本町,6748,4863,2874,32,1957,219,297,920,394,4,51,3772,2560,2000,16,544,158,237,709,82,-,26,2976,2303,874,16,1413,61,60,211,312,4,25
1466,,31000,a,鳥取県,280925,218338,147250,3905,67183,12375,5923,24813,13505,736,5235,150742,112252,92186,1675,18391,9088,4780,18873,2691,78,2980,130183,106086,55064,2230,48792,3287,1143,5940,10814,658,2255
1467,,31201,2,鳥取市,93021,73874,49618,1674,22582,4183,2012,6841,3392,321,2398,50229,38320,31207,693,6420,3084,1637,5074,684,36,1394,42792,35554,18411,981,16162,1099,375,1767,2708,285,1004
1468,,31202,2,米子市,71479,57820,38967,940,17913,3398,1372,4833,2035,125,1896,38243,29830,24912,367,4551,2420,1093,3415,414,9,1062,33236,27990,14055,573,13362,978,279,1418,1621,116,834
1469,,31203,2,倉吉市,23953,18328,12431,244,5653,1120,551,2350,1301,102,201,12590,9228,7491,130,1607,822,434,1716,267,9,114,11363,9100,4940,114,4046,298,117,634,1034,93,87
1470,,31204,2,境港市,16507,13773,9308,196,4269,808,354,932,402,17,221,8949,7175,6010,77,1088,608,264,672,97,2,131,7558,6598,3298,119,3181,200,90,260,305,15,90
1471,,31302,3,岩美町,5469,4377,2910,93,1374,198,82,544,239,18,11,2958,2263,1794,40,429,151,62,431,43,1,7,2511,2114,1116,53,945,47,20,113,196,17,4
1472,,31325,3,若桜町,1528,1107,770,22,315,51,38,198,108,12,14,824,561,457,12,92,43,29,157,26,1,7,704,546,313,10,223,8,9,41,82,11,7
1473,,31328,3,智頭町,3383,2503,1721,44,738,151,88,423,205,3,10,1833,1270,1020,25,225,110,78,333,35,-,7,1550,1233,701,19,513,41,10,90,170,3,3
1474,,31329,3,八頭町,8934,6599,4508,119,1972,305,162,1087,672,27,82,4711,3315,2743,48,524,229,134,872,110,6,45,4223,3284,1765,71,1448,76,28,215,562,21,37
1475,,31364,3,三朝町,3277,2428,1620,36,772,143,58,420,222,2,4,1764,1229,977,19,233,106,38,344,45,-,2,1513,1199,643,17,539,37,20,76,177,2,2
1476,,31370,3,湯梨浜町,8555,6326,4416,82,1828,346,170,1063,618,14,18,4545,3173,2677,31,465,250,138,862,112,1,9,4010,3153,1739,51,1363,96,32,201,506,13,9
1477,,31371,3,琴浦町,9114,6261,4218,84,1959,385,240,1181,915,17,115,4863,3166,2550,40,576,287,194,970,183,2,61,4251,3095,1668,44,1383,98,46,211,732,15,54
1478,,31372,3,北栄町,8004,5477,3690,66,1721,316,238,1005,876,35,57,4189,2712,2234,31,447,236,203,804,193,3,38,3815,2765,1456,35,1274,80,35,201,683,32,19
1479,,31384,3,日吉津村,1793,1460,994,19,447,53,28,156,66,3,27,948,730,615,10,105,42,27,123,11,1,14,845,730,379,9,342,11,1,33,55,2,13
1480,,31386,3,大山町,8821,5842,3812,88,1942,317,203,1372,1043,2,42,4786,2980,2390,49,541,229,172,1156,225,1,23,4035,2862,1422,39,1401,88,31,216,818,1,19
1481,,31389,3,南部町,5563,4211,2849,76,1286,187,91,668,320,21,65,2985,2141,1725,45,371,145,72,532,58,4,33,2578,2070,1124,31,915,42,19,136,262,17,32
1482,,31390,3,伯耆町,5825,4256,2818,81,1357,185,115,747,457,5,60,3161,2183,1764,37,382,156,97,606,90,1,28,2664,2073,1054,44,975,29,18,141,367,4,32
1483,,31401,3,日南町,2425,1511,1088,11,412,98,66,444,295,7,4,1387,824,683,6,135,75,59,372,55,1,1,1038,687,405,5,277,23,7,72,240,6,3
1484,,31402,3,日野町,1610,1099,769,12,318,76,31,262,132,2,8,887,582,476,9,97,54,27,200,20,-,4,723,517,293,3,221,22,4,62,112,2,4
1485,,31403,3,江府町,1664,1086,743,18,325,55,24,287,207,3,2,890,570,461,6,103,41,22,234,23,-,-,774,516,282,12,222,14,2,53,184,3,2
1486,,32000,a,島根県,342994,268870,182131,5839,80900,15833,7049,30107,15077,576,5482,186962,140134,115110,3037,21987,11824,5607,23290,2971,73,3063,156032,128736,67021,2802,58913,4009,1442,6817,12106,503,2419
1487,,32201,2,松江市,99987,81206,54152,1566,25488,4713,1865,6863,2852,104,2384,54009,42148,34894,562,6692,3507,1452,5031,543,13,1315,45978,39058,19258,1004,18796,1206,413,1832,2309,91,1069
1488,,32202,2,浜田市,28257,22762,15720,248,6794,1347,584,2197,1039,70,258,15606,12234,10101,115,2018,965,458,1606,179,6,158,12651,10528,5619,133,4776,382,126,591,860,64,100
1489,,32203,2,出雲市,87146,68762,47101,2590,19071,3992,1750,6967,3773,151,1751,47484,35761,29429,1612,4720,2982,1419,5481,862,17,962,39662,33001,17672,978,14351,1010,331,1486,2911,134,789
1490,,32204,2,益田市,23051,18062,12323,190,5549,1145,512,1997,980,65,290,12400,9310,7700,84,1526,888,410,1442,178,6,166,10651,8752,4623,106,4023,257,102,555,802,59,124
1491,,32205,2,大田市,16841,12798,8381,346,4071,850,468,1658,855,35,177,9234,6619,5148,223,1248,622,380,1321,177,10,105,7607,6179,3233,123,2823,228,88,337,678,25,72
1492,,32206,2,安来市,19991,15290,10420,252,4618,807,365,2067,1347,29,86,10795,7939,6599,114,1226,611,288,1659,246,2,50,9196,7351,3821,138,3392,196,77,408,1101,27,36
1493,,32207,2,江津市,11361,9293,6554,118,2621,532,255,815,355,12,99,6098,4814,4031,46,737,388,188,591,56,-,61,5263,4479,2523,72,1884,144,67,224,299,12,38
1494,,32209,2,雲南市,20121,15112,10442,234,4436,922,391,2264,1203,57,172,11153,7923,6531,109,1283,684,328,1860,249,11,98,8968,7189,3911,125,3153,238,63,404,954,46,74
1495,,32343,3,奥出雲町,6910,4744,3208,83,1453,271,138,1083,638,25,11,3868,2448,1975,48,425,210,124,954,122,4,6,3042,2296,1233,35,1028,61,14,129,516,21,5
1496,,32386,3,飯南町,2658,1893,1170,18,705,126,48,373,211,6,1,1468,984,725,11,248,105,39,309,31,-,-,1190,909,445,7,457,21,9,64,180,6,1
1497,,32441,3,川本町,1656,1191,834,13,344,72,38,229,119,-,7,905,632,525,9,98,50,29,174,16,-,4,751,559,309,4,246,22,9,55,103,-,3
1498,,32448,3,美郷町,2296,1670,1184,10,476,84,47,329,157,2,7,1311,921,756,8,157,70,35,258,24,-,3,985,749,428,2,319,14,12,71,133,2,4
1499,,32449,3,邑南町,5715,3891,2523,40,1328,227,126,967,492,4,8,3148,1957,1491,27,439,179,109,811,88,1,3,2567,1934,1032,13,889,48,17,156,404,3,5
1500,,32501,3,津和野町,3873,2641,1726,33,882,191,87,567,355,9,23,2060,1323,1044,17,262,137,73,454,59,1,13,1813,1318,682,16,620,54,14,113,296,8,10
1501,,32505,3,吉賀町,3297,2377,1539,48,790,126,83,468,227,2,14,1818,1230,961,34,235,100,66,368,43,-,11,1479,1147,578,14,555,26,17,100,184,2,3
1502,,32525,3,海士町,1135,799,524,2,273,39,37,185,72,-,3,646,428,333,-,95,33,31,137,16,-,1,489,371,191,2,178,6,6,48,56,-,2
1503,,32526,3,西ノ島町,1448,1121,758,14,349,40,50,172,65,-,-,878,654,533,7,114,33,37,139,15,-,-,570,467,225,7,235,7,13,33,50,-,-
1504,,32527,3,知夫村,254,156,99,3,54,2,6,75,15,-,-,160,84,66,2,16,2,5,64,5,-,-,94,72,33,1,38,-,1,11,10,-,-
1505,,32528,3,隠岐の島町,6997,5102,3473,31,1598,347,199,831,322,5,191,3921,2725,2268,9,448,258,136,631,62,2,107,3076,2377,1205,22,1150,89,63,200,260,3,84
1506,,33000,a,岡山県,900871,710179,476202,18442,215535,45220,16147,64631,29087,2313,33294,497324,376851,314511,7727,54613,32968,13178,49025,5506,255,19541,403547,333328,161691,10715,160922,12252,2969,15606,23581,2058,13753
1507,,33100,1,岡山市,341230,272129,180191,7440,84498,18712,6230,20759,8248,585,14567,187561,143439,118737,2876,21826,13638,5033,15153,1498,60,8740,153669,128690,61454,4564,62672,5074,1197,5606,6750,525,5827
1508,,33101,0,岡山市 北区,146628,115487,76654,2998,35835,8176,2734,8514,3514,218,7985,80624,61191,49933,1078,10180,5863,2153,5975,624,23,4795,66004,54296,26721,1920,25655,2313,581,2539,2890,195,3190
1509,,33102,0,岡山市 中区,67479,54764,36554,1553,16657,3885,1361,3740,1312,105,2312,36869,28676,24008,618,4050,2843,1100,2618,228,15,1389,30610,26088,12546,935,12607,1042,261,1122,1084,90,923
1510,,33103,0,岡山市 東区,45359,36808,23972,1204,11632,1852,725,3334,1422,101,1117,24967,19485,16081,524,2880,1369,601,2570,256,7,679,20392,17323,7891,680,8752,483,124,764,1166,94,438
1511,,33104,0,岡山市 南区,81764,65070,43011,1685,20374,4799,1410,5171,2000,161,3153,45101,34087,28715,656,4716,3563,1179,3990,390,15,1877,36663,30983,14296,1029,15658,1236,231,1181,1610,146,1276
1512,,33202,2,倉敷市,218796,175990,119227,4281,52482,10435,3663,12322,5115,683,10588,121556,94894,80978,1534,12382,7552,2982,8941,1100,86,6001,97240,81096,38249,2747,40100,2883,681,3381,4015,597,4587
1513,,33203,2,津山市,49533,38193,25990,1137,11066,2827,980,3949,1767,147,1670,27102,19906,16570,619,2717,2019,788,3054,351,18,966,22431,18287,9420,518,8349,808,192,895,1416,129,704
1514,,33204,2,玉野市,27244,21614,14206,638,6770,1272,481,1767,718,60,1332,15411,11799,9715,293,1791,958,404,1304,130,4,812,11833,9815,4491,345,4979,314,77,463,588,56,520
1515,,33205,2,笠岡市,22176,17723,12050,461,5212,1085,440,1584,777,48,519,12175,9378,7905,230,1243,799,354,1183,164,4,293,10001,8345,4145,231,3969,286,86,401,613,44,226
1516,,33207,2,井原市,19177,14940,10557,317,4066,919,328,1712,861,128,289,10448,7843,6751,133,959,669,272,1339,132,14,179,8729,7097,3806,184,3107,250,56,373,729,114,110
1517,,33208,2,総社市,31878,25106,16625,626,7855,1185,476,2292,924,118,1777,17660,13473,11163,287,2023,874,399,1722,173,14,1005,14218,11633,5462,339,5832,311,77,570,751,104,772
1518,,33209,2,高梁市,14830,10966,7493,232,3241,689,289,1611,1002,47,226,8270,5913,4742,134,1037,491,227,1313,166,1,159,6560,5053,2751,98,2204,198,62,298,836,46,67
1519,,33210,2,新見市,14373,10592,7811,73,2708,719,229,1735,914,53,131,7988,5642,4879,35,728,531,186,1380,162,6,81,6385,4950,2932,38,1980,188,43,355,752,47,50
1520,,33211,2,備前市,15825,12504,8204,448,3852,909,312,1140,573,18,369,8928,6779,5558,233,988,660,263,863,123,2,238,6897,5725,2646,215,2864,249,49,277,450,16,131
1521,,33212,2,瀬戸内市,17705,13597,8829,451,4317,753,327,1545,856,30,597,9683,7094,5813,245,1036,567,269,1242,172,1,338,8022,6503,3016,206,3281,186,58,303,684,29,259
1522,,33213,2,赤磐市,20826,16172,10344,499,5329,986,332,2006,1017,46,267,11420,8431,6914,205,1312,734,276,1611,199,4,165,9406,7741,3430,294,4017,252,56,395,818,42,102
1523,,33214,2,真庭市,22921,16486,11705,236,4545,1079,488,2822,1726,91,229,12608,8586,7145,118,1323,798,422,2300,353,9,140,10313,7900,4560,118,3222,281,66,522,1373,82,89
1524,,33215,2,美作市,13690,9794,6380,219,3195,612,297,1906,946,36,99,7556,5121,4083,121,917,430,235,1522,174,8,66,6134,4673,2297,98,2278,182,62,384,772,28,33
1525,,33216,2,浅口市,14871,12378,8279,360,3739,588,255,1035,454,29,132,8284,6645,5578,144,923,425,214,830,96,3,71,6587,5733,2701,216,2816,163,41,205,358,26,61
1526,,33346,3,和気町,6469,5101,3257,155,1689,323,106,627,264,11,37,3519,2639,2089,75,475,234,85,502,37,-,22,2950,2462,1168,80,1214,89,21,125,227,11,15
1527,,33423,3,早島町,5602,4609,3072,104,1433,301,104,348,108,10,122,3018,2345,1969,44,332,229,84,261,22,-,77,2584,2264,1103,60,1101,72,20,87,86,10,45
1528,,33445,3,里庄町,5110,4395,3072,113,1210,220,68,300,96,5,26,2762,2292,1938,56,298,159,53,228,13,-,17,2348,2103,1134,57,912,61,15,72,83,5,9
1529,,33461,3,矢掛町,6701,5149,3471,132,1546,331,118,676,315,60,52,3669,2694,2181,65,448,240,98,544,56,9,28,3032,2455,1290,67,1098,91,20,132,259,51,24
1530,,33586,3,新庄村,450,270,193,1,76,11,7,99,58,3,2,245,149,128,1,20,9,6,76,5,-,-,205,121,65,-,56,2,1,23,53,3,2
1531,,33606,3,鏡野町,6289,4698,3165,117,1416,233,97,815,396,16,34,3468,2424,1967,60,397,179,83,689,71,3,19,2821,2274,1198,57,1019,54,14,126,325,13,15
1532,,33622,3,勝央町,5584,4254,2922,122,1210,204,199,495,310,20,102,3090,2227,1871,67,289,153,181,404,61,2,62,2494,2027,1051,55,921,51,18,91,249,18,40
1533,,33623,3,奈義町,3209,2345,1688,46,611,114,58,415,252,10,15,1884,1363,1168,28,167,84,51,337,43,-,6,1325,982,520,18,444,30,7,78,209,10,9
1534,,33643,3,西粟倉村,740,555,362,12,181,39,16,99,23,6,2,397,270,221,7,42,31,14,73,8,-,1,343,285,141,5,139,8,2,26,15,6,1
1535,,33663,3,久米南町,2410,1554,996,26,532,93,47,459,246,7,4,1320,770,615,12,143,72,41,398,34,3,2,1090,784,381,14,389,21,6,61,212,4,2
1536,,33666,3,美咲町,7044,5062,3447,138,1477,317,106,973,496,25,65,3902,2654,2141,71,442,241,83,805,85,2,32,3142,2408,1306,67,1035,76,23,168,411,23,33
1537,,33681,3,吉備中央町,6188,4003,2666,58,1279,264,94,1140,625,21,41,3400,2081,1692,34,355,192,75,951,78,2,21,2788,1922,974,24,924,72,19,189,547,19,20
1538,,34000,a,広島県,1336568,1089915,721670,30968,337277,69868,24646,86391,36134,2773,26841,748782,591446,492208,13738,85500,51494,19716,63267,6282,279,16298,587786,498469,229462,17230,251777,18374,4930,23124,29852,2494,10543
1539,,34100,1,広島市,566566,470921,308749,14973,147199,30782,10252,30710,10498,795,12608,315101,252864,210590,5955,36319,22682,8164,21904,1790,65,7632,251465,218057,98159,9018,110880,8100,2088,8806,8708,730,4976
1540,,34101,0,広島市 中区,65104,50501,34201,1950,14350,4794,1748,3615,1266,35,3145,33934,25169,20878,619,3672,3279,1252,2260,193,2,1779,31170,25332,13323,1331,10678,1515,496,1355,1073,33,1366
1541,,34102,0,広島市 東区,56701,46984,30563,1482,14939,2988,1072,3110,977,65,1505,31403,25112,20928,568,3616,2210,857,2185,179,3,857,25298,21872,9635,914,11323,778,215,925,798,62,648
1542,,34103,0,広島市 南区,69432,58068,39207,1935,16926,3866,1270,3397,1189,44,1598,39020,31748,26560,821,4367,2755,1017,2337,198,4,961,30412,26320,12647,1114,12559,1111,253,1060,991,40,637
1543,,34104,0,広島市 西区,92782,76802,51252,2702,22848,5817,1638,4718,1529,101,2177,51006,40604,34157,955,5492,4254,1293,3233,255,9,1358,41776,36198,17095,1747,17356,1563,345,1485,1274,92,819
1544,,34105,0,広島市 安佐南区,113197,95763,62991,2627,30145,5130,1803,6136,2101,205,2059,64661,52931,45037,1017,6877,3928,1518,4563,382,13,1326,48536,42832,17954,1610,23268,1202,285,1573,1719,192,733
1545,,34106,0,広島市 安佐北区,67263,55886,34435,1579,19872,3212,1188,4403,1630,164,780,37250,29625,23714,777,5134,2473,995,3392,285,19,461,30013,26261,10721,802,14738,739,193,1011,1345,145,319
1546,,34107,0,広島市 安芸区,37627,33205,22025,1252,9928,1355,471,1565,523,52,456,21842,18925,15892,601,2432,1023,357,1122,85,3,327,15785,14280,6133,651,7496,332,114,443,438,49,129
1547,,34108,0,広島市 佐伯区,64460,53712,34075,1446,18191,3620,1062,3766,1283,129,888,35985,28750,23424,597,4729,2760,875,2812,213,12,563,28475,24962,10651,849,13462,860,187,954,1070,117,325
1548,,34202,2,呉市,104257,86163,59104,2166,24893,5289,2006,6367,2780,169,1483,59892,48670,41500,1084,6086,3778,1571,4526,446,24,877,44365,37493,17604,1082,18807,1511,435,1841,2334,145,606
1549,,34203,2,竹原市,11845,9201,5915,229,3057,635,250,1083,518,17,141,6558,4909,3953,137,819,466,199,793,90,1,100,5287,4292,1962,92,2238,169,51,290,428,16,41
1550,,34204,2,三原市,44109,35704,23992,910,10802,2047,825,3481,1346,51,655,24464,19166,16022,468,2676,1486,630,2551,227,4,400,19645,16538,7970,442,8126,561,195,930,1119,47,255
1551,,34205,2,尾道市,63959,49621,34059,1087,14475,3775,1483,5406,2837,99,738,36050,27099,22759,548,3792,2806,1169,3982,508,8,478,27909,22522,11300,539,10683,969,314,1424,2329,91,260
1552,,34207,2,福山市,213452,172197,116990,3760,51447,12293,4005,12452,5573,851,6081,119401,93102,79090,1707,12305,9008,3288,9080,1129,88,3706,94051,79095,37900,2053,39142,3285,717,3372,4444,763,2375
1553,,34208,2,府中市,18971,14474,10240,288,3946,1207,403,1611,798,157,321,10441,7752,6492,154,1106,890,321,1130,159,23,166,8530,6722,3748,134,2840,317,82,481,639,134,155
1554,,34209,2,三次市,26040,19539,13263,455,5821,1252,536,2672,1470,34,537,14344,10381,8499,252,1630,939,431,2041,256,2,294,11696,9158,4764,203,4191,313,105,631,1214,32,243
1555,,34210,2,庄原市,18327,12633,8639,236,3758,884,354,2607,1566,29,254,10068,6610,5288,117,1205,671,269,2093,290,6,129,8259,6023,3351,119,2553,213,85,514,1276,23,125
1556,,34211,2,大竹市,12488,10417,6874,269,3274,522,239,818,278,15,199,7190,5858,4889,137,832,393,193,561,48,2,135,5298,4559,1985,132,2442,129,46,257,230,13,64
1557,,34212,2,東広島市,90095,75700,48066,2782,24852,3372,1235,5515,2484,194,1595,51750,42734,33996,1466,7272,2536,989,4117,325,11,1038,38345,32966,14070,1316,17580,836,246,1398,2159,183,557
1558,,34213,2,廿日市市,55057,45888,28801,1153,15934,2655,979,3305,1210,59,961,30172,24157,19652,458,4047,1992,799,2425,232,8,559,24885,21731,9149,695,11887,663,180,880,978,51,402
1559,,34214,2,安芸高田市,14642,10960,7104,366,3490,604,275,1860,846,18,79,8190,5818,4659,149,1010,462,230,1499,135,2,44,6452,5142,2445,217,2480,142,45,361,711,16,35
1560,,34215,2,江田島市,11407,9030,6110,120,2800,504,281,1006,518,5,63,6878,5352,4496,62,794,368,243,779,100,2,34,4529,3678,1614,58,2006,136,38,227,418,3,29
1561,,34302,3,府中町,24621,20690,13751,724,6215,1247,401,1349,397,30,507,14028,11421,9634,307,1480,924,313,999,52,2,317,10593,9269,4117,417,4735,323,88,350,345,28,190
1562,,34304,3,海田町,14107,12244,7966,556,3722,570,194,697,189,10,203,8142,6922,5740,276,906,416,153,491,27,-,133,5965,5322,2226,280,2816,154,41,206,162,10,70
1563,,34307,3,熊野町,10993,8963,5519,259,3185,566,198,719,293,125,129,6111,4826,3852,137,837,420,153,547,57,18,90,4882,4137,1667,122,2348,146,45,172,236,107,39
1564,,34309,3,坂町,5736,5021,3206,197,1618,222,92,263,78,6,54,3205,2723,2280,70,373,172,73,187,14,1,35,2531,2298,926,127,1245,50,19,76,64,5,19
1565,,34368,3,安芸太田町,2953,2059,1254,39,766,142,67,439,193,15,38,1631,1083,827,30,226,109,51,327,33,4,24,1322,976,427,9,540,33,16,112,160,11,14
1566,,34369,3,北広島町,10055,7125,4391,201,2533,443,214,1362,756,37,118,5619,3832,2937,117,778,338,178,1074,131,1,65,4436,3293,1454,84,1755,105,36,288,625,36,53
1567,,34431,3,大崎上島町,3589,2606,1847,45,714,163,93,455,266,3,3,2235,1635,1410,28,197,129,76,355,38,-,2,1354,971,437,17,517,34,17,100,228,3,1
1568,,34462,3,世羅町,8561,5891,3854,121,1916,464,160,1297,656,27,66,4682,3039,2438,61,540,330,131,1041,105,-,36,3879,2852,1416,60,1376,134,29,256,551,27,30
1569,,34545,3,神石高原町,4738,2868,1976,32,860,230,104,917,584,27,8,2630,1493,1205,18,270,179,92,765,90,7,4,2108,1375,771,14,590,51,12,152,494,20,4
1570,,35000,a,山口県,645035,523602,349158,11100,163344,28159,13985,48181,21465,603,9040,356567,280006,233511,5392,41103,20555,10959,35794,3549,60,5644,288468,243596,115647,5708,122241,7604,3026,12387,17916,543,3396
1571,,35201,2,下関市,123392,99738,65258,2334,32146,6154,2609,8897,4127,200,1667,66141,51306,42004,959,8343,4489,2017,6624,661,24,1020,57251,48432,23254,1375,23803,1665,592,2273,3466,176,647
1572,,35202,2,宇部市,76503,62808,42462,1367,18979,3577,1856,5068,2042,68,1084,42590,33720,28132,579,5009,2592,1469,3730,389,4,686,33913,29088,14330,788,13970,985,387,1338,1653,64,398
1573,,35203,2,山口市,92526,76570,50446,1528,24596,3663,1699,6306,2831,39,1418,50922,40943,33806,734,6403,2665,1335,4641,448,3,887,41604,35627,16640,794,18193,998,364,1665,2383,36,531
1574,,35204,2,萩市,24586,17940,11577,207,6156,1194,654,3136,1497,22,143,12982,8935,7203,116,1616,842,517,2372,217,2,97,11604,9005,4374,91,4540,352,137,764,1280,20,46
1575,,35206,2,防府市,55142,46530,31176,1486,13868,1923,1126,3332,1387,50,794,31092,25664,21352,861,3451,1427,872,2358,270,3,498,24050,20866,9824,625,10417,496,254,974,1117,47,296
1576,,35207,2,下松市,25327,21691,15112,453,6126,1127,479,1349,584,3,94,15052,12727,11025,261,1441,819,381,952,99,-,74,10275,8964,4087,192,4685,308,98,397,485,3,20
1577,,35208,2,岩国市,60603,48950,32769,879,15302,2626,1450,4405,1852,41,1279,33644,26216,22002,420,3794,1940,1167,3219,303,5,794,26959,22734,10767,459,11508,686,283,1186,1549,36,485
1578,,35210,2,光市,22336,18724,12616,389,5719,882,457,1332,599,13,329,12534,10306,8770,212,1324,635,336,942,96,-,219,9802,8418,3846,177,4395,247,121,390,503,13,110
1579,,35211,2,長門市,17302,12766,8294,211,4261,683,496,2178,1119,13,47,9214,6346,5209,110,1027,497,391,1764,181,2,33,8088,6420,3085,101,3234,186,105,414,938,11,14
1580,,35212,2,柳井市,14665,11293,7599,204,3490,721,361,1427,625,15,223,8073,5968,5015,115,838,520,276,1053,114,-,142,6592,5325,2584,89,2652,201,85,374,511,15,81
1581,,35213,2,美祢市,13033,9918,6427,258,3233,503,227,1526,737,26,96,7044,5139,4172,120,847,378,168,1198,102,4,55,5989,4779,2255,138,2386,125,59,328,635,22,41
1582,,35215,2,周南市,66303,54092,37052,965,16075,3028,1441,4428,1938,40,1336,37947,30176,25990,456,3730,2225,1129,3276,294,8,839,28356,23916,11062,509,12345,803,312,1152,1644,32,497
1583,,35216,2,山陽小野田市,28134,23851,16112,510,7229,1078,563,1649,670,51,272,15423,12725,10760,250,1715,799,428,1187,127,4,153,12711,11126,5352,260,5514,279,135,462,543,47,119
1584,,35305,3,周防大島町,6937,4286,2635,47,1604,291,189,1414,715,4,38,3739,2091,1598,29,464,222,164,1136,111,-,15,3198,2195,1037,18,1140,69,25,278,604,4,23
1585,,35321,3,和木町,2880,2505,1730,38,737,70,49,141,46,5,64,1705,1461,1283,23,155,54,35,99,11,-,45,1175,1044,447,15,582,16,14,42,35,5,19
1586,,35341,3,上関町,1225,760,465,19,276,65,35,265,97,-,3,700,383,304,11,68,43,32,218,22,-,2,525,377,161,8,208,22,3,47,75,-,1
1587,,35343,3,田布施町,7009,5698,3871,95,1732,296,152,552,222,8,81,3869,3048,2567,68,413,207,124,409,35,1,45,3140,2650,1304,27,1319,89,28,143,187,7,36
1588,,35344,3,平生町,5484,4389,2913,97,1379,222,111,462,226,5,69,3034,2326,1925,62,339,158,91,378,42,-,39,2450,2063,988,35,1040,64,20,84,184,5,30
1589,,35502,3,阿武町,1648,1093,644,13,436,56,31,314,151,-,3,862,526,394,6,126,43,27,238,27,-,1,786,567,250,7,310,13,4,76,124,-,2
1590,,36000,a,徳島県,342906,258425,179267,6589,72569,17261,7958,32293,19402,608,6959,186156,134282,112726,3023,18533,11853,6514,25410,4198,69,3830,156750,124143,66541,3566,54036,5408,1444,6883,15204,539,3129
1591,,36201,2,徳島市,116767,88996,60922,2471,25603,7264,2738,8817,4732,163,4057,62771,45877,38166,1055,6656,4830,2166,6593,1097,21,2187,53996,43119,22756,1416,18947,2434,572,2224,3635,142,1870
1592,,36202,2,鳴門市,26748,20050,13615,623,5812,1246,645,2346,1987,47,427,14382,10339,8507,322,1510,861,530,1908,490,4,250,12366,9711,5108,301,4302,385,115,438,1497,43,177
1593,,36203,2,小松島市,17962,14099,9714,322,4063,812,390,1523,898,23,217,9854,7418,6268,165,985,570,314,1216,199,1,136,8108,6681,3446,157,3078,242,76,307,699,22,81
1594,,36204,2,阿南市,33021,25413,18481,490,6442,1493,710,3180,1804,45,376,18562,13806,12043,238,1525,1064,582,2546,336,4,224,14459,11607,6438,252,4917,429,128,634,1468,41,152
1595,,36205,2,吉野川市,18245,13690,9492,372,3826,872,428,1794,1014,70,377,9776,6968,5748,183,1037,624,338,1416,220,7,203,8469,6722,3744,189,2789,248,90,378,794,63,174
1596,,36206,2,阿波市,17637,11911,8429,302,3180,707,427,2554,1811,54,173,9553,6081,5178,120,783,481,373,2165,355,5,93,8084,5830,3251,182,2397,226,54,389,1456,49,80
1597,,36207,2,美馬市,13039,9804,6953,209,2642,621,302,1369,775,40,128,7097,5056,4302,105,649,437,246,1091,184,6,77,5942,4748,2651,104,1993,184,56,278,591,34,51
1598,,36208,2,三好市,11589,8693,6141,142,2410,555,263,1264,590,29,195,6281,4516,3748,72,696,384,225,938,107,7,104,5308,4177,2393,70,1714,171,38,326,483,22,91
1599,,36301,3,勝浦町,2788,1640,1135,41,464,136,99,525,377,-,11,1475,813,673,26,114,92,83,416,65,-,6,1313,827,462,15,350,44,16,109,312,-,5
1600,,36302,3,上勝町,835,393,257,10,126,23,21,254,144,-,-,456,216,161,8,47,18,17,180,25,-,-,379,177,96,2,79,5,4,74,119,-,-
1601,,36321,3,佐那河内村,1348,699,467,12,220,24,53,312,257,-,3,718,351,286,4,61,16,46,266,38,-,1,630,348,181,8,159,8,7,46,219,-,2
1602,,36341,3,石井町,11575,8848,6156,222,2470,516,239,1130,681,19,142,6165,4474,3783,103,588,370,204,909,132,3,73,5410,4374,2373,119,1882,146,35,221,549,16,69
1603,,36342,3,神山町,2667,1442,952,22,468,93,62,653,412,2,3,1474,745,566,13,166,78,52,535,61,-,3,1193,697,386,9,302,15,10,118,351,2,-
1604,,36368,3,那賀町,3781,2657,1873,40,744,137,89,521,358,5,14,2112,1452,1211,18,223,99,75,415,67,-,4,1669,1205,662,22,521,38,14,106,291,5,10
1605,,36383,3,牟岐町,1844,1261,792,28,441,66,78,288,138,7,6,1013,620,506,10,104,45,68,250,27,-,3,831,641,286,18,337,21,10,38,111,7,3
1606,,36387,3,美波町,2934,1953,1283,29,641,111,83,523,227,9,28,1618,959,781,14,164,80,74,433,54,-,18,1316,994,502,15,477,31,9,90,173,9,10
1607,,36388,3,海陽町,4210,2903,1899,34,970,149,156,635,334,19,14,2242,1403,1118,22,263,113,127,511,76,3,9,1968,1500,781,12,707,36,29,124,258,16,5
1608,,36401,3,松茂町,7286,5874,4135,213,1526,264,142,490,425,7,84,4155,3304,2824,110,370,171,119,400,112,1,48,3131,2570,1311,103,1156,93,23,90,313,6,36
1609,,36402,3,北島町,10388,8635,6103,262,2270,493,179,576,261,10,234,5774,4665,4029,119,517,341,154,436,56,1,121,4614,3970,2074,143,1753,152,25,140,205,9,113
1610,,36403,3,藍住町,16175,13239,9114,407,3718,669,351,1041,653,16,206,8776,6908,5876,169,863,471,291,837,155,-,114,7399,6331,3238,238,2855,198,60,204,498,16,92
1611,,36404,3,板野町,5932,4390,2981,127,1282,245,187,568,445,10,87,3197,2269,1885,55,329,172,162,434,104,-,56,2735,2121,1096,72,953,73,25,134,341,10,31
1612,,36405,3,上板町,5377,3885,2665,106,1114,211,95,649,468,8,61,2924,2008,1678,51,279,155,84,535,107,-,35,2453,1877,987,55,835,56,11,114,361,8,26
1613,,36468,3,つるぎ町,3733,2745,1963,38,744,197,75,485,207,4,20,2029,1420,1169,15,236,133,60,367,41,-,8,1704,1325,794,23,508,64,15,118,166,4,12
1614,,36489,3,東みよし町,7025,5205,3745,67,1393,357,146,796,404,21,96,3752,2614,2220,26,368,248,124,613,90,6,57,3273,2591,1525,41,1025,109,22,183,314,15,39
1615,,37000,a,香川県,452644,358372,245032,9171,104169,24311,8617,34450,17027,1037,8830,250242,190431,161528,3579,25324,17488,6927,26811,3208,129,5248,202402,167941,83504,5592,78845,6823,1690,7639,13819,908,3582
1616,,37201,2,高松市,191429,155199,105577,4086,45536,11301,3467,11820,5166,267,4209,106251,82883,70684,1339,10860,8155,2764,8939,957,28,2525,85178,72316,34893,2747,34676,3146,703,2881,4209,239,1684
1617,,37202,2,丸亀市,50783,41060,27968,1158,11934,2454,905,3388,1583,97,1296,28221,22201,18767,505,2929,1736,689,2540,319,8,728,22562,18859,9201,653,9005,718,216,848,1264,89,568
1618,,37203,2,坂出市,23828,18900,12969,567,5364,1411,442,1809,782,30,454,13135,9937,8309,263,1365,1003,350,1429,125,6,285,10693,8963,4660,304,3999,408,92,380,657,24,169
1619,,37204,2,善通寺市,15239,12312,8704,302,3306,601,294,1219,584,25,204,8747,6943,5949,141,853,435,238,934,78,2,117,6492,5369,2755,161,2453,166,56,285,506,23,87
1620,,37205,2,観音寺市,29406,21638,15187,502,5949,1499,666,2797,1919,86,801,15912,11197,9570,213,1414,1069,548,2262,383,8,445,13494,10441,5617,289,4535,430,118,535,1536,78,356
1621,,37206,2,さぬき市,23235,17925,12003,502,5420,1186,513,2178,1115,67,251,12667,9254,7691,207,1356,845,423,1771,222,7,145,10568,8671,4312,295,4064,341,90,407,893,60,106
1622,,37207,2,東かがわ市,14627,10752,7215,259,3278,756,332,1533,775,284,195,7861,5501,4543,139,819,526,286,1235,154,45,114,6766,5251,2672,120,2459,230,46,298,621,239,81
1623,,37208,2,三豊市,31746,23896,16716,583,6597,1444,633,3320,2037,65,351,17266,12396,10579,250,1567,1054,513,2695,394,10,204,14480,11500,6137,333,5030,390,120,625,1643,55,147
1624,,37322,3,土庄町,6713,4981,3221,51,1709,448,180,690,393,14,7,3604,2502,2023,17,462,314,154,543,87,1,3,3109,2479,1198,34,1247,134,26,147,306,13,4
1625,,37324,3,小豆島町,6653,5009,3448,35,1526,492,154,617,334,22,25,3597,2551,2096,16,439,360,124,473,68,6,15,3056,2458,1352,19,1087,132,30,144,266,16,10
1626,,37341,3,三木町,13088,10513,6988,246,3279,635,225,1035,500,20,160,7080,5405,4452,91,862,455,190,848,92,4,86,6008,5108,2536,155,2417,180,35,187,408,16,74
1627,,37364,3,直島町,1654,1387,968,14,405,85,32,73,39,1,37,1027,856,734,10,112,62,22,53,6,-,28,627,531,234,4,293,23,10,20,33,1,9
1628,,37386,3,宇多津町,8851,7468,5195,220,2053,416,136,434,146,15,236,5003,4093,3589,85,419,307,106,320,27,-,150,3848,3375,1606,135,1634,109,30,114,119,15,86
1629,,37387,3,綾川町,11255,8763,5920,175,2668,473,180,1122,541,15,161,6267,4624,3899,65,660,359,150,944,95,2,93,4988,4139,2021,110,2008,114,30,178,446,13,68
1630,,37403,3,琴平町,4419,3182,2102,85,995,287,130,507,275,1,37,2329,1589,1311,43,235,196,105,365,51,-,23,2090,1593,791,42,760,91,25,142,224,1,14
1631,,37404,3,多度津町,10881,8846,6291,256,2299,461,182,777,307,13,295,6386,5060,4397,128,535,341,142,553,65,1,224,4495,3786,1894,128,1764,120,40,224,242,12,71
1632,,37406,3,まんのう町,8837,6541,4560,130,1851,362,146,1131,531,15,111,4889,3439,2935,67,437,271,123,907,85,1,63,3948,3102,1625,63,1414,91,23,224,446,14,48
1633,,38000,a,愛媛県,642741,485847,324131,9976,151740,31432,14425,54911,30713,1286,24127,351417,252861,213057,3976,35828,22800,11890,43228,6157,134,14347,291324,232986,111074,6000,115912,8632,2535,11683,24556,1152,9780
1634,,38201,2,松山市,234503,182744,118308,4454,59982,11168,4556,15502,6620,201,13712,126069,93438,77216,1542,14680,8127,3608,11683,1279,20,7914,108434,89306,41092,2912,45302,3041,948,3819,5341,181,5798
1635,,38202,2,今治市,72296,53969,36844,838,16287,4599,1808,6279,3525,369,1747,40261,28636,24724,395,3517,3307,1513,5006,662,33,1104,32035,25333,12120,443,12770,1292,295,1273,2863,336,643
1636,,38203,2,宇和島市,36672,24083,15985,290,7808,1819,1317,4586,3770,79,1018,19499,11678,9732,114,1832,1285,1152,3782,992,6,604,17173,12405,6253,176,5976,534,165,804,2778,73,414
1637,,38204,2,八幡浜市,17057,11146,7724,147,3275,844,722,2030,2112,11,192,9236,5675,4922,46,707,625,646,1675,486,-,129,7821,5471,2802,101,2568,219,76,355,1626,11,63
1638,,38205,2,新居浜市,54878,44358,30537,1227,12594,2668,1011,3180,1232,105,2324,31009,24113,20802,535,2776,1927,800,2400,239,10,1520,23869,20245,9735,692,9818,741,211,780,993,95,804
1639,,38206,2,西条市,51081,39837,27231,860,11746,2400,1102,4184,2319,104,1135,28834,21706,18415,443,2848,1748,924,3370,405,9,672,22247,18131,8816,417,8898,652,178,814,1914,95,463
1640,,38207,2,大洲市,20892,15164,10340,196,4628,943,489,2368,1403,24,501,11292,7729,6554,85,1090,693,398,1888,275,-,309,9600,7435,3786,111,3538,250,91,480,1128,24,192
1641,,38210,2,伊予市,18310,13203,8332,312,4559,733,448,2220,1362,21,323,9744,6677,5562,127,988,538,364,1752,223,6,184,8566,6526,2770,185,3571,195,84,468,1139,15,139
1642,,38213,2,四国中央市,42091,32853,23832,527,8494,2405,676,2681,1337,259,1880,23657,17909,15763,208,1938,1699,543,2047,258,39,1162,18434,14944,8069,319,6556,706,133,634,1079,220,718
1643,,38214,2,西予市,18072,12198,8369,142,3687,695,492,2772,1806,19,90,9716,6088,5150,52,886,516,425,2265,364,3,55,8356,6110,3219,90,2801,179,67,507,1442,16,35
1644,,38215,2,東温市,16192,12794,8163,254,4377,603,268,1466,685,13,363,8783,6596,5387,84,1125,461,222,1189,113,1,201,7409,6198,2776,170,3252,142,46,277,572,12,162
1645,,38356,3,上島町,2899,2282,1593,38,651,128,82,252,144,-,11,1780,1407,1205,32,170,101,58,179,28,-,7,1119,875,388,6,481,27,24,73,116,-,4
1646,,38386,3,久万高原町,3959,2433,1590,17,826,137,109,808,452,2,18,2187,1278,1042,4,232,108,86,651,56,1,7,1772,1155,548,13,594,29,23,157,396,1,11
1647,,38401,3,松前町,13948,11304,7317,264,3723,610,271,1006,487,5,265,7672,5950,5012,114,824,457,229,788,88,-,160,6276,5354,2305,150,2899,153,42,218,399,5,105
1648,,38402,3,砥部町,10489,7859,4857,166,2836,430,261,1088,585,17,249,5678,3997,3244,87,666,316,229,878,108,-,150,4811,3862,1613,79,2170,114,32,210,477,17,99
1649,,38422,3,内子町,8371,5422,3663,71,1688,371,207,1247,987,14,123,4518,2801,2355,30,416,279,182,1011,179,2,64,3853,2621,1308,41,1272,92,25,236,808,12,59
1650,,38442,3,伊方町,4753,2816,1957,40,819,173,124,1018,614,-,8,2718,1502,1320,14,168,131,103,859,119,-,4,2035,1314,637,26,651,42,21,159,495,-,4
1651,,38484,3,松野町,1839,1289,794,24,471,78,31,292,122,10,17,987,627,462,14,151,56,27,242,22,1,12,852,662,332,10,320,22,4,50,100,9,5
1652,,38488,3,鬼北町,4886,3399,2276,36,1087,209,97,723,362,13,83,2597,1645,1331,15,299,150,83,598,69,2,50,2289,1754,945,21,788,59,14,125,293,11,33
1653,,38506,3,愛南町,9553,6694,4419,73,2202,419,354,1209,789,20,68,5180,3409,2859,35,515,276,298,965,192,1,39,4373,3285,1560,38,1687,143,56,244,597,19,29
1654,,39000,a,高知県,323408,235683,158555,4132,72996,13828,9887,34726,20804,411,8069,169593,116263,94614,1560,20089,9819,7921,26287,4775,50,4478,153815,119420,63941,2572,52907,4009,1966,8439,16029,361,3591
1655,,39201,2,高知市,142559,110777,75183,2085,33509,7338,3391,10241,4680,175,5957,73464,53902,44446,718,8738,5154,2575,7366,1130,25,3312,69095,56875,30737,1367,24771,2184,816,2875,3550,150,2645
1656,,39202,2,室戸市,5541,3672,2246,34,1392,203,237,861,537,2,29,3021,1844,1439,10,395,134,196,687,141,-,19,2520,1828,807,24,997,69,41,174,396,2,10
1657,,39203,2,安芸市,8638,5171,3361,71,1739,288,407,1340,1220,6,206,4485,2443,1930,31,482,200,339,1076,317,1,109,4153,2728,1431,40,1257,88,68,264,903,5,97
1658,,39204,2,南国市,22077,16743,11153,317,5273,822,573,2176,1439,26,298,11390,8192,6684,117,1391,602,458,1648,317,2,171,10687,8551,4469,200,3882,220,115,528,1122,24,127
1659,,39205,2,土佐市,12323,8382,5760,143,2479,461,453,1506,1437,15,69,6525,4141,3416,51,674,342,389,1256,358,2,37,5798,4241,2344,92,1805,119,64,250,1079,13,32
1660,,39206,2,須崎市,10186,6747,4426,150,2171,390,483,1267,1049,9,241,5615,3474,2739,88,647,285,411,1007,290,2,146,4571,3273,1687,62,1524,105,72,260,759,7,95
1661,,39208,2,宿毛市,9709,6837,4641,107,2089,401,432,1179,790,19,51,5090,3328,2758,35,535,284,351,910,184,4,29,4619,3509,1883,72,1554,117,81,269,606,15,22
1662,,39209,2,土佐清水市,5492,3816,2564,31,1221,185,255,814,412,5,5,2960,1848,1517,13,318,143,221,656,89,1,2,2532,1968,1047,18,903,42,34,158,323,4,3
1663,,39210,2,四万十市,15925,11350,7880,161,3309,575,515,2085,1110,28,262,8430,5699,4722,63,914,404,402,1549,233,2,141,7495,5651,3158,98,2395,171,113,536,877,26,121
1664,,39211,2,香南市,15858,11400,7686,226,3488,551,558,1704,1401,4,240,8472,5847,4790,97,960,394,462,1313,332,-,124,7386,5553,2896,129,2528,157,96,391,1069,4,116
1665,,39212,2,香美市,12417,8717,5448,199,3070,424,535,1582,1030,21,108,6493,4326,3183,81,1062,299,438,1144,221,1,64,5924,4391,2265,118,2008,125,97,438,809,20,44
1666,,39301,3,東洋町,1033,706,406,7,293,24,66,144,85,2,6,609,395,276,4,115,17,56,119,18,1,3,424,311,130,3,178,7,10,25,67,1,3
1667,,39302,3,奈半利町,1398,913,552,7,354,47,56,226,140,-,16,721,427,329,3,95,38,42,176,28,-,10,677,486,223,4,259,9,14,50,112,-,6
1668,,39303,3,田野町,1287,819,562,11,246,61,39,230,128,-,10,702,400,324,5,71,40,31,185,40,-,6,585,419,238,6,175,21,8,45,88,-,4
1669,,39304,3,安田町,1332,701,480,4,217,38,52,275,261,-,5,700,344,277,2,65,28,41,228,55,-,4,632,357,203,2,152,10,11,47,206,-,1
1670,,39305,3,北川村,676,421,289,7,125,18,18,140,78,-,1,379,228,190,4,34,13,15,108,14,-,1,297,193,99,3,91,5,3,32,64,-,-
1671,,39306,3,馬路村,415,333,254,2,77,17,4,39,20,-,2,225,174,153,1,20,11,3,35,2,-,-,190,159,101,1,57,6,1,4,18,-,2
1672,,39307,3,芸西村,1959,1100,701,23,376,50,108,300,390,3,8,1019,528,407,7,114,36,98,253,98,-,6,940,572,294,16,262,14,10,47,292,3,2
1673,,39341,3,本山町,1761,1208,827,18,363,65,34,302,145,-,7,951,629,499,7,123,50,26,217,24,-,5,810,579,328,11,240,15,8,85,121,-,2
1674,,39344,3,大豊町,2047,1088,744,21,323,69,43,644,199,4,-,1076,559,419,12,128,45,34,419,19,-,-,971,529,325,9,195,24,9,225,180,4,-
1675,,39363,3,土佐町,1976,1276,877,22,377,78,43,377,190,-,12,1076,638,522,8,108,58,37,304,32,-,7,900,638,355,14,269,20,6,73,158,-,5
1676,,39364,3,大川村,181,134,97,1,36,11,3,20,13,-,-,110,82,65,1,16,9,3,15,1,-,-,71,52,32,-,20,2,-,5,12,-,-
1677,,39386,3,いの町,10508,8060,5542,152,2366,483,247,1026,520,18,154,5605,4089,3344,64,681,348,194,783,110,3,78,4903,3971,2198,88,1685,135,53,243,410,15,76
1678,,39387,3,仁淀川町,2170,1480,989,13,478,87,65,318,162,5,53,1219,806,650,7,149,65,51,249,29,-,19,951,674,339,6,329,22,14,69,133,5,34
1679,,39401,3,中土佐町,3082,2070,1315,33,722,107,144,427,277,7,50,1630,994,796,16,182,78,119,348,62,-,29,1452,1076,519,17,540,29,25,79,215,7,21
1680,,39402,3,佐川町,6150,4471,2993,79,1399,167,181,779,443,21,88,3220,2198,1775,38,385,122,145,621,86,2,46,2930,2273,1218,41,1014,45,36,158,357,19,42
1681,,39403,3,越知町,2622,1824,1254,24,546,113,107,355,206,11,6,1375,897,734,10,153,75,79,280,42,-,2,1247,927,520,14,393,38,28,75,164,11,4
1682,,39405,3,檮原町,1846,1131,803,4,324,58,39,434,175,8,1,1021,601,496,3,102,46,33,308,30,2,1,825,530,307,1,222,12,6,126,145,6,-
1683,,39410,3,日高村,2310,1665,1077,28,560,62,64,287,132,5,95,1194,789,618,7,164,48,49,220,31,1,56,1116,876,459,21,396,14,15,67,101,4,39
1684,,39411,3,津野町,2751,1906,1276,9,621,101,86,404,250,3,1,1475,956,773,5,178,75,64,326,53,-,1,1276,950,503,4,443,26,22,78,197,3,-
1685,,39412,3,四万十町,9044,5293,3662,54,1577,303,353,1869,1163,5,58,4855,2684,2186,21,477,209,303,1385,236,1,37,4189,2609,1476,33,1100,94,50,484,927,4,21
1686,,39424,3,大月町,2220,1439,945,23,471,69,105,381,216,3,7,1247,754,623,7,124,43,93,312,42,-,3,973,685,322,16,347,26,12,69,174,3,4
1687,,39427,3,三原村,673,472,314,9,149,27,17,108,45,4,-,374,252,201,5,46,21,13,80,8,-,-,299,220,113,4,103,6,4,28,37,4,-
1688,,39428,3,黒潮町,5242,3561,2248,57,1256,135,174,886,461,2,23,2865,1795,1333,19,443,103,150,704,103,-,10,2377,1766,915,38,813,32,24,182,358,2,13
1689,,40000,a,福岡県,2254095,1802888,1156823,61267,584798,100760,50428,146671,70873,2259,80216,1223148,935049,758017,25233,151799,74585,41405,110821,15047,228,46013,1030947,867839,398806,36034,432999,26175,9023,35850,55826,2031,34203
1690,,40100,1,北九州市,415092,342050,222485,11150,108415,20031,9008,22928,9203,310,11562,227352,180010,146842,4965,28203,14709,7128,16811,1730,28,6936,187740,162040,75643,6185,80212,5322,1880,6117,7473,282,4626
1691,,40101,0,北九州市 門司区,42332,35091,22252,1066,11773,2004,890,2345,961,24,1017,22561,17898,14265,462,3171,1516,695,1702,147,2,601,19771,17193,7987,604,8602,488,195,643,814,22,416
1692,,40103,0,北九州市 若松区,35393,29434,19416,835,9183,1739,755,2001,931,21,512,19808,15922,13277,411,2234,1287,600,1475,183,4,337,15585,13512,6139,424,6949,452,155,526,748,17,175
1693,,40105,0,北九州市 戸畑区,26121,21505,13828,746,6931,1199,570,1438,613,15,781,14737,11758,9375,293,2090,866,444,1038,117,-,514,11384,9747,4453,453,4841,333,126,400,496,15,267
1694,,40106,0,北九州市 小倉北区,79672,63490,41204,2202,20084,4234,2041,4550,1797,51,3509,42647,32530,26204,871,5455,3021,1577,3128,333,4,2054,37025,30960,15000,1331,14629,1213,464,1422,1464,47,1455
1695,,40107,0,北九州市 小倉南区,94120,77589,49542,2603,25444,4120,1773,5214,1943,99,3382,51962,41034,33203,1208,6623,3093,1436,3977,391,9,2022,42158,36555,16339,1395,18821,1027,337,1237,1552,90,1360
1696,,40108,0,北九州市 八幡東区,28882,23570,15740,798,7032,1593,688,1686,722,20,603,15853,12434,10224,358,1852,1148,550,1212,138,2,369,13029,11136,5516,440,5180,445,138,474,584,18,234
1697,,40109,0,北九州市 八幡西区,108572,91371,60503,2900,27968,5142,2291,5694,2236,80,1758,59784,48434,40294,1362,6778,3778,1826,4279,421,7,1039,48788,42937,20209,1538,21190,1364,465,1415,1815,73,719
1698,,40130,1,福岡市,667895,529191,336246,20401,172544,33225,13212,37404,13160,508,41195,355795,268096,216211,6311,45574,24539,10626,26830,2427,57,23220,312100,261095,120035,14090,126970,8686,2586,10574,10733,451,17975
1699,,40131,0,福岡市 東区,131691,108163,67256,3789,37118,5534,2025,6074,2051,113,7731,72079,56747,45047,1411,10289,4178,1653,4463,362,12,4664,59612,51416,22209,2378,26829,1356,372,1611,1689,101,3067
1700,,40132,0,福岡市 博多区,102432,82375,53649,3642,25084,4427,1662,4789,1705,87,7387,54265,42072,34120,1129,6823,3313,1234,3465,344,9,3828,48167,40303,19529,2513,18261,1114,428,1324,1361,78,3559
1701,,40133,0,福岡市 中央区,85201,62482,42888,2923,16671,6005,2350,4916,1655,39,7754,41693,28441,23696,601,4144,4171,1771,2969,273,6,4062,43508,34041,19192,2322,12527,1834,579,1947,1382,33,3692
1702,,40134,0,福岡市 南区,111644,87440,55163,3423,28854,6351,2331,6890,2311,97,6224,59220,43649,35286,1055,7308,4690,1928,4968,421,11,3553,52424,43791,19877,2368,21546,1661,403,1922,1890,86,2671
1703,,40135,0,福岡市 西区,87723,70977,44556,2419,24002,3718,1589,5242,2038,61,4098,48273,37371,30191,807,6373,2818,1326,3955,410,4,2389,39450,33606,14365,1612,17629,900,263,1287,1628,57,1709
1704,,40136,0,福岡市 城南区,55606,43982,26453,1596,15933,2730,1166,3517,1182,43,2986,29372,21868,16820,478,4570,2050,955,2577,201,5,1716,26234,22114,9633,1118,11363,680,211,940,981,38,1270
1705,,40137,0,福岡市 早良区,93598,73772,46281,2609,24882,4460,2089,5976,2218,68,5015,50893,37948,31051,830,6067,3319,1759,4433,416,10,3008,42705,35824,15230,1779,18815,1141,330,1543,1802,58,2007
1706,,40202,2,大牟田市,47898,38078,24661,1181,12236,1995,1419,3356,1657,61,1332,25712,19573,15693,584,3296,1450,1150,2409,349,8,773,22186,18505,8968,597,8940,545,269,947,1308,53,559
1707,,40203,2,久留米市,141546,109202,70858,3330,35014,6272,3817,10293,7081,238,4643,75883,56009,45542,1483,8984,4512,3173,7964,1613,26,2586,65663,53193,25316,1847,26030,1760,644,2329,5468,212,2057
1708,,40204,2,直方市,24011,19206,12647,576,5983,1070,625,1588,733,16,773,13180,10082,8242,277,1563,779,520,1185,144,-,470,10831,9124,4405,299,4420,291,105,403,589,16,303
1709,,40205,2,飯塚市,54975,44347,29196,1263,13888,2539,1381,3765,1724,40,1179,29788,22944,18405,638,3901,1811,1140,2834,365,5,689,25187,21403,10791,625,9987,728,241,931,1359,35,490
1710,,40206,2,田川市,19291,15369,9885,481,5003,948,528,1319,577,21,529,10059,7563,5991,279,1293,683,428,942,133,-,310,9232,7806,3894,202,3710,265,100,377,444,21,219
1711,,40207,2,柳川市,31301,22604,15004,544,7056,1382,1016,3049,2644,25,581,16791,11269,9286,267,1716,972,914,2579,695,5,357,14510,11335,5718,277,5340,410,102,470,1949,20,224
1712,,40210,2,八女市,32453,20899,13534,493,6872,1196,1160,4669,3980,86,463,17272,10315,8236,236,1843,873,1022,3918,885,9,250,15181,10584,5298,257,5029,323,138,751,3095,77,213
1713,,40211,2,筑後市,22992,17917,11915,554,5448,794,598,1789,1248,37,609,12352,9189,7528,311,1350,577,504,1432,290,2,358,10640,8728,4387,243,4098,217,94,357,958,35,251
1714,,40212,2,大川市,16359,11428,7443,286,3699,974,562,1674,1346,17,358,8689,5553,4412,156,985,696,489,1422,329,2,198,7670,5875,3031,130,2714,278,73,252,1017,15,160
1715,,40213,2,行橋市,30518,25750,16733,1086,7931,979,605,1692,823,27,642,17178,14203,11535,661,2007,716,480,1237,156,1,385,13340,11547,5198,425,5924,263,125,455,667,26,257
1716,,40214,2,豊前市,11474,9023,5946,268,2809,403,257,1143,449,8,191,6244,4697,3827,159,711,299,210,843,93,2,100,5230,4326,2119,109,2098,104,47,300,356,6,91
1717,,40215,2,中間市,17070,14092,8751,469,4872,674,466,1086,420,15,317,9272,7293,5761,230,1302,504,388,812,89,-,186,7798,6799,2990,239,3570,170,78,274,331,15,131
1718,,40216,2,小郡市,26164,22150,13946,782,7422,835,465,1471,762,34,447,14149,11608,9491,344,1773,653,383,1083,177,4,241,12015,10542,4455,438,5649,182,82,388,585,30,206
1719,,40217,2,筑紫野市,46512,38989,24908,1352,12729,1897,811,2601,972,62,1180,25562,20610,16786,524,3300,1447,642,1954,220,6,683,20950,18379,8122,828,9429,450,169,647,752,56,497
1720,,40218,2,春日市,51235,42499,27199,1393,13907,2293,926,2934,943,50,1590,28638,22831,19028,459,3344,1764,756,2193,173,6,915,22597,19668,8171,934,10563,529,170,741,770,44,675
1721,,40219,2,大野城市,45405,37733,24564,1155,12014,2001,803,2343,828,63,1634,25166,20068,16848,361,2859,1547,654,1756,152,4,985,20239,17665,7716,794,9155,454,149,587,676,59,649
1722,,40220,2,宗像市,43407,36051,22465,1135,12451,1484,797,2645,1105,33,1292,24017,19285,15309,586,3390,1112,655,1948,262,6,749,19390,16766,7156,549,9061,372,142,697,843,27,543
1723,,40221,2,太宰府市,30477,25140,15853,887,8400,1465,537,1797,606,28,904,16897,13332,10892,320,2120,1126,441,1342,116,5,535,13580,11808,4961,567,6280,339,96,455,490,23,369
1724,,40223,2,古賀市,27180,22684,14175,656,7853,1045,514,1546,717,38,636,14904,11949,9669,261,2019,791,435,1194,143,3,389,12276,10735,4506,395,5834,254,79,352,574,35,247
1725,,40224,2,福津市,25409,21000,13323,624,7053,863,520,1663,804,22,537,13802,10992,8896,273,1823,680,433,1239,166,2,290,11607,10008,4427,351,5230,183,87,424,638,20,247
1726,,40225,2,うきは市,14625,10382,6778,310,3294,525,540,1676,1419,18,65,7796,5212,4222,160,830,392,473,1343,337,1,38,6829,5170,2556,150,2464,133,67,333,1082,17,27
1727,,40226,2,宮若市,12461,9763,6175,381,3207,463,276,1079,480,20,380,6843,5156,4059,224,873,331,241,796,101,4,214,5618,4607,2116,157,2334,132,35,283,379,16,166
1728,,40227,2,嘉麻市,15467,12032,7570,331,4131,500,418,1499,750,14,254,8209,6008,4706,181,1121,367,340,1172,177,2,143,7258,6024,2864,150,3010,133,78,327,573,12,111
1729,,40228,2,朝倉市,26038,18277,11509,577,6191,1047,767,2773,2276,63,835,13762,9182,7257,312,1613,728,658,2201,525,11,457,12276,9095,4252,265,4578,319,109,572,1751,52,378
1730,,40229,2,みやま市,18547,12652,8354,377,3921,656,562,2343,1987,25,322,9864,6344,5180,209,955,481,496,1924,447,1,171,8683,6308,3174,168,2966,175,66,419,1540,24,151
1731,,40230,2,糸島市,45717,34836,20608,1079,13149,1697,1302,4230,2647,58,947,24305,17426,13593,427,3406,1291,1100,3286,690,4,508,21412,17410,7015,652,9743,406,202,944,1957,54,439
1732,,40305,3,那珂川町,23349,18381,11543,560,6278,1136,543,1795,632,29,833,13219,9776,8068,213,1495,862,476,1470,137,4,494,10130,8605,3475,347,4783,274,67,325,495,25,339
1733,,40341,3,宇美町,17301,14450,8836,439,5175,825,382,1040,405,34,165,9679,7651,6135,181,1335,646,321,869,100,2,90,7622,6799,2701,258,3840,179,61,171,305,32,75
1734,,40342,3,篠栗町,14044,11953,7484,438,4031,593,232,767,295,12,192,7807,6349,5193,159,997,464,201,612,65,-,116,6237,5604,2291,279,3034,129,31,155,230,12,76
1735,,40343,3,志免町,21018,17296,10976,581,5739,1113,444,1222,449,21,473,11695,9153,7553,241,1359,843,374,943,98,2,282,9323,8143,3423,340,4380,270,70,279,351,19,191
1736,,40344,3,須恵町,12508,10508,6645,312,3551,526,263,822,272,14,103,7119,5676,4613,144,919,418,231,655,71,-,68,5389,4832,2032,168,2632,108,32,167,201,14,35
1737,,40345,3,新宮町,13772,11681,7870,304,3507,577,201,731,277,20,285,7928,6541,5688,95,758,453,165,545,49,-,175,5844,5140,2182,209,2749,124,36,186,228,20,110
1738,,40348,3,久山町,3836,3059,1888,73,1098,211,95,323,107,9,32,2149,1581,1269,21,291,182,78,262,22,-,24,1687,1478,619,52,807,29,17,61,85,9,8
1739,,40349,3,粕屋町,22483,19603,13159,858,5586,834,340,1129,421,17,139,13262,11250,9482,380,1388,653,282,894,92,2,89,9221,8353,3677,478,4198,181,58,235,329,15,50
1740,,40381,3,芦屋町,6530,5426,3625,144,1657,217,142,387,177,3,178,3841,3110,2652,66,392,158,118,299,39,-,117,2689,2316,973,78,1265,59,24,88,138,3,61
1741,,40382,3,水巻町,12026,9938,6396,339,3203,482,263,705,296,18,324,6640,5257,4236,181,840,358,217,557,69,1,181,5386,4681,2160,158,2363,124,46,148,227,17,143
1742,,40383,3,岡垣町,13417,11083,7172,331,3580,483,268,899,377,24,283,7439,5936,4862,166,908,369,222,666,71,4,171,5978,5147,2310,165,2672,114,46,233,306,20,112
1743,,40384,3,遠賀町,8391,6790,4397,255,2138,342,188,583,264,12,212,4617,3589,2877,131,581,255,156,463,39,-,115,3774,3201,1520,124,1557,87,32,120,225,12,97
1744,,40401,3,小竹町,3101,2590,1661,90,839,103,62,234,74,1,37,1769,1430,1133,44,253,76,59,164,14,-,26,1332,1160,528,46,586,27,3,70,60,1,11
1745,,40402,3,鞍手町,7070,5714,3689,194,1831,282,187,565,280,10,32,3949,3060,2423,95,542,215,160,423,71,1,19,3121,2654,1266,99,1289,67,27,142,209,9,13
1746,,40421,3,桂川町,5988,4966,3123,138,1705,195,150,405,182,6,84,3239,2549,1972,81,496,144,130,319,44,-,53,2749,2417,1151,57,1209,51,20,86,138,6,31
1747,,40447,3,筑前町,14419,11413,7159,375,3879,469,345,1189,729,13,261,7836,5861,4736,173,952,356,296,1000,167,-,156,6583,5552,2423,202,2927,113,49,189,562,13,105
1748,,40448,3,東峰村,1129,658,436,11,211,55,32,205,172,1,6,604,317,256,6,55,44,29,173,39,-,2,525,341,180,5,156,11,3,32,133,1,4
1749,,40503,3,大刀洗町,7353,5612,3505,189,1918,206,187,661,521,10,156,3891,2803,2257,87,459,158,168,552,119,1,90,3462,2809,1248,102,1459,48,19,109,402,9,66
1750,,40522,3,大木町,7097,5421,3531,156,1734,264,189,598,474,6,145,3821,2758,2298,91,369,198,169,496,115,-,85,3276,2663,1233,65,1365,66,20,102,359,6,60
1751,,40544,3,広川町,9470,6874,4409,198,2267,331,329,879,788,20,249,5091,3503,2821,99,583,236,290,736,179,4,143,4379,3371,1588,99,1684,95,39,143,609,16,106
1752,,40601,3,香春町,4061,3299,2204,97,998,152,122,328,124,4,32,2225,1696,1362,60,274,116,105,260,27,1,20,1836,1603,842,37,724,36,17,68,97,3,12
1753,,40602,3,添田町,4007,3087,1968,64,1055,124,108,445,214,3,26,2140,1556,1198,34,324,95,87,352,34,1,15,1867,1531,770,30,731,29,21,93,180,2,11
1754,,40604,3,糸田町,3438,2891,1879,81,931,119,100,225,86,3,14,1815,1429,1136,43,250,83,88,180,24,-,11,1623,1462,743,38,681,36,12,45,62,3,3
1755,,40605,3,川崎町,6033,4890,3137,125,1628,226,203,477,205,4,28,3154,2397,1887,60,450,154,172,368,47,-,16,2879,2493,1250,65,1178,72,31,109,158,4,12
1756,,40608,3,大任町,1883,1545,1062,31,452,87,67,132,42,2,8,1033,796,639,16,141,57,56,106,13,1,4,850,749,423,15,311,30,11,26,29,1,4
1757,,40609,3,赤村,1316,962,614,22,326,29,56,183,84,1,1,714,481,383,15,83,26,48,144,15,-,-,602,481,231,7,243,3,8,39,69,1,1
1758,,40610,3,福智町,8594,7050,4572,216,2262,321,240,642,280,9,52,4597,3536,2799,125,612,246,197,518,77,-,23,3997,3514,1773,91,1650,75,43,124,203,9,29
1759,,40621,3,苅田町,15365,13418,8654,860,3904,486,248,631,255,2,325,9208,7947,6290,624,1033,359,190,448,52,-,212,6157,5471,2364,236,2871,127,58,183,203,2,113
1760,,40625,3,みやこ町,8747,7010,4536,252,2222,282,200,808,404,7,36,4856,3720,3005,149,566,209,171,668,68,-,20,3891,3290,1531,103,1656,73,29,140,336,7,16
1761,,40642,3,吉富町,3022,2513,1674,87,752,99,75,196,107,1,31,1599,1305,1072,54,179,69,61,138,12,-,14,1423,1208,602,33,573,30,14,58,95,1,17
1762,,40646,3,上毛町,3504,2789,1801,96,892,107,76,336,178,5,13,1909,1461,1169,65,227,81,59,265,34,-,9,1595,1328,632,31,665,26,17,71,144,5,4
1763,,40647,3,築上町,8304,6674,4487,230,1957,231,199,774,361,1,64,4822,3776,3106,136,534,172,150,627,60,-,37,3482,2898,1381,94,1423,59,49,147,301,1,27
1764,,41000,a,佐賀県,410237,315401,210139,7492,97770,15344,10676,34101,24560,481,9674,219866,161158,133441,3390,24327,11281,8913,27151,5665,40,5658,190371,154243,76698,4102,73443,4063,1763,6950,18895,441,4016
1765,,41201,2,佐賀市,115222,88985,57931,2101,28953,4717,3137,8282,5708,131,4262,61614,45282,36974,844,7464,3476,2612,6382,1376,15,2471,53608,43703,20957,1257,21489,1241,525,1900,4332,116,1791
1766,,41202,2,唐津市,58832,43710,29476,806,13428,2070,1803,5459,4748,80,962,31004,21919,18336,406,3177,1493,1467,4367,1190,3,565,27828,21791,11140,400,10251,577,336,1092,3558,77,397
1767,,41203,2,鳥栖市,34761,29022,18825,1024,9173,1150,570,1767,726,27,1499,19104,15447,12799,429,2219,846,482,1286,132,3,908,15657,13575,6026,595,6954,304,88,481,594,24,591
1768,,41204,2,多久市,9525,7516,4961,231,2324,307,248,873,503,16,62,5077,3817,3081,121,615,226,212,683,104,1,34,4448,3699,1880,110,1709,81,36,190,399,15,28
1769,,41205,2,伊万里市,27920,21822,15335,408,6079,1159,711,2440,1619,19,150,15135,11377,9658,245,1474,844,576,1904,337,1,96,12785,10445,5677,163,4605,315,135,536,1282,18,54
1770,,41206,2,武雄市,24396,18959,12987,459,5513,983,586,2019,1152,42,655,13045,9642,8085,198,1359,705,464,1579,266,3,386,11351,9317,4902,261,4154,278,122,440,886,39,269
1771,,41207,2,鹿島市,15748,11343,7776,202,3365,593,514,1695,1465,29,109,8238,5570,4671,113,786,429,438,1393,339,1,68,7510,5773,3105,89,2579,164,76,302,1126,28,41
1772,,41208,2,小城市,22262,17684,11875,405,5404,780,538,1730,1309,22,199,11945,9079,7619,179,1281,579,460,1419,305,1,102,10317,8605,4256,226,4123,201,78,311,1004,21,97
1773,,41209,2,嬉野市,13924,10437,7121,219,3097,566,401,1415,964,13,128,7224,5016,4201,99,716,408,337,1168,230,-,65,6700,5421,2920,120,2381,158,64,247,734,13,63
1774,,41210,2,神埼市,15837,12267,7980,302,3985,507,370,1413,867,24,389,8667,6376,5217,148,1011,378,323,1163,186,5,236,7170,5891,2763,154,2974,129,47,250,681,19,153
1775,,41327,3,吉野ヶ里町,8067,6756,4550,160,2046,204,121,482,264,11,229,4585,3768,3192,79,497,164,99,365,59,1,129,3482,2988,1358,81,1549,40,22,117,205,10,100
1776,,41341,3,基山町,8440,7001,4351,289,2361,286,152,486,251,5,259,4565,3628,2895,117,616,227,130,371,46,1,162,3875,3373,1456,172,1745,59,22,115,205,4,97
1777,,41345,3,上峰町,4455,3894,2545,89,1260,113,58,251,119,3,17,2434,2062,1714,38,310,90,47,205,22,-,8,2021,1832,831,51,950,23,11,46,97,3,9
1778,,41346,3,みやき町,11592,9117,5777,235,3105,406,314,816,502,9,428,6349,4737,3710,109,918,309,281,656,120,1,245,5243,4380,2067,126,2187,97,33,160,382,8,183
1779,,41387,3,玄海町,3334,2219,1639,43,537,66,108,449,485,1,6,1944,1271,1139,12,120,48,100,388,134,-,3,1390,948,500,31,417,18,8,61,351,1,3
1780,,41401,3,有田町,10097,7650,5415,127,2108,640,288,909,555,26,29,5268,3710,3123,61,526,475,228,710,125,1,19,4829,3940,2292,66,1582,165,60,199,430,25,10
1781,,41423,3,大町町,2948,2345,1480,65,800,103,64,272,134,5,25,1545,1179,917,29,233,76,48,199,30,2,11,1403,1166,563,36,567,27,16,73,104,3,14
1782,,41424,3,江北町,4965,3847,2684,101,1062,159,105,474,358,5,17,2644,1956,1664,39,253,119,90,400,68,-,11,2321,1891,1020,62,809,40,15,74,290,5,6
1783,,41425,3,白石町,13066,8031,5580,179,2272,346,417,1993,2034,8,237,6904,3990,3350,96,544,256,367,1743,415,1,132,6162,4041,2230,83,1728,90,50,250,1619,7,105
1784,,41441,3,太良町,4846,2796,1851,47,898,189,171,876,797,5,12,2575,1332,1096,28,208,133,152,770,181,-,7,2271,1464,755,19,690,56,19,106,616,5,5
1785,,42000,a,長崎県,644154,500240,334147,9250,156843,25033,16586,53886,33310,464,14635,349353,257727,214055,4587,39085,18396,13545,42834,7981,53,8817,294801,242513,120092,4663,117758,6637,3041,11052,25329,411,5818
1786,,42201,2,長崎市,195850,158284,103434,3876,50974,8383,4356,11897,5440,123,7367,104795,80769,65819,1729,13221,6191,3450,8907,1066,18,4394,91055,77515,37615,2147,37753,2192,906,2990,4374,105,2973
1787,,42202,2,佐世保市,116734,93970,63895,1345,28730,5139,2800,7821,3988,50,2966,64304,49777,41959,672,7146,3705,2206,5912,894,5,1805,52430,44193,21936,673,21584,1434,594,1909,3094,45,1161
1788,,42203,2,島原市,21637,15044,10253,156,4635,876,723,2331,2325,19,319,11185,7148,6022,76,1050,626,600,1931,694,1,185,10452,7896,4231,80,3585,250,123,400,1631,18,134
1789,,42204,2,諫早市,66165,53907,36056,1345,16506,2350,1686,4855,2917,44,406,35604,27756,22982,744,4030,1710,1402,3831,651,-,254,30561,26151,13074,601,12476,640,284,1024,2266,44,152
1790,,42205,2,大村市,44093,36084,23927,661,11496,1297,930,2798,1537,15,1432,24114,19122,15916,385,2821,939,728,2087,332,2,904,19979,16962,8011,276,8675,358,202,711,1205,13,528
1791,,42207,2,平戸市,15212,10542,7340,121,3081,479,517,2170,1324,10,170,8380,5338,4501,69,768,364,420,1796,365,1,96,6832,5204,2839,52,2313,115,97,374,959,9,74
1792,,42208,2,松浦市,11413,8574,6034,120,2420,398,293,1178,771,22,177,6324,4501,3821,84,596,320,243,976,175,1,108,5089,4073,2213,36,1824,78,50,202,596,21,69
1793,,42209,2,対馬市,14807,10481,7141,50,3290,550,561,2083,1115,5,12,8812,5817,5034,22,761,412,479,1785,313,-,6,5995,4664,2107,28,2529,138,82,298,802,5,6
1794,,42210,2,壱岐市,13029,8607,6096,84,2427,581,384,2155,1264,11,27,7276,4381,3816,32,533,452,320,1779,327,1,16,5753,4226,2280,52,1894,129,64,376,937,10,11
1795,,42211,2,五島市,16236,11270,7413,71,3786,622,611,2369,1165,3,196,8843,5617,4636,31,950,443,499,1929,235,-,120,7393,5653,2777,40,2836,179,112,440,930,3,76
1796,,42212,2,西海市,13934,10231,6871,116,3244,422,352,1748,1099,5,77,7947,5645,4597,62,986,316,306,1391,240,1,48,5987,4586,2274,54,2258,106,46,357,859,4,29
1797,,42213,2,雲仙市,23096,14629,9648,223,4758,655,773,3339,3379,21,300,12116,6944,5623,133,1188,470,695,2908,914,1,184,10980,7685,4025,90,3570,185,78,431,2465,20,116
1798,,42214,2,南島原市,22666,13571,9000,137,4434,683,876,3503,3896,36,101,11865,6317,5157,74,1086,488,794,3107,1106,4,49,10801,7254,3843,63,3348,195,82,396,2790,32,52
1799,,42307,3,長与町,20192,16629,11355,339,4935,745,431,1253,607,25,502,11225,8901,7680,149,1072,584,352,981,110,-,297,8967,7728,3675,190,3863,161,79,272,497,25,205
1800,,42308,3,時津町,14062,11738,7770,263,3705,476,311,885,415,16,221,7684,6152,5191,122,839,357,258,685,83,5,144,6378,5586,2579,141,2866,119,53,200,332,11,77
1801,,42321,3,東彼杵町,4283,3028,1977,44,1007,140,94,566,436,4,15,2283,1500,1191,27,282,103,76,481,115,-,8,2000,1528,786,17,725,37,18,85,321,4,7
1802,,42322,3,川棚町,6714,5340,3510,101,1729,232,168,544,281,21,128,3533,2677,2180,61,436,168,129,410,75,6,68,3181,2663,1330,40,1293,64,39,134,206,15,60
1803,,42323,3,波佐見町,8065,5965,4198,88,1679,381,233,811,547,31,97,4261,2920,2473,53,394,276,200,668,133,5,59,3804,3045,1725,35,1285,105,33,143,414,26,38
1804,,42383,3,小値賀町,1211,640,401,10,229,23,42,335,171,-,-,694,317,251,6,60,17,32,300,28,-,-,517,323,150,4,169,6,10,35,143,-,-
1805,,42391,3,佐々町,6609,5299,3627,75,1597,270,181,479,281,1,98,3489,2654,2270,38,346,215,145,369,48,-,58,3120,2645,1357,37,1251,55,36,110,233,1,40
1806,,42411,3,新上五島町,8146,6407,4201,25,2181,331,264,766,352,2,24,4619,3474,2936,18,520,240,211,601,77,2,14,3527,2933,1265,7,1661,91,53,165,275,-,10
1807,,43000,a,熊本県,834257,638104,422439,17122,198543,37878,20635,73716,50653,920,12351,443727,322099,265111,7878,49110,26848,17237,58490,12036,85,6932,390530,316005,157328,9244,149433,11030,3398,15226,38617,835,5419
1808,,43100,1,熊本市,340861,270451,176841,7782,85828,18078,7778,22232,12347,311,9664,180154,136435,111869,3089,21477,12676,6353,16344,2954,34,5358,160707,134016,64972,4693,64351,5402,1425,5888,9393,277,4306
1809,,43101,0,熊本市 中央区,82598,65417,43055,1818,20544,5458,2152,4699,2064,78,2730,42651,32440,26049,631,5760,3687,1627,2982,384,16,1515,39947,32977,17006,1187,14784,1771,525,1717,1680,62,1215
1810,,43102,0,熊本市 東区,88673,72990,48142,2072,22776,4466,1721,5175,2113,71,2137,47502,37418,31186,865,5367,3196,1420,3806,430,5,1227,41171,35572,16956,1207,17409,1270,301,1369,1683,66,910
1811,,43103,0,熊本市 西区,42993,32382,20427,953,11002,2266,1092,3404,2488,35,1326,22472,15939,12601,351,2987,1608,928,2609,685,2,701,20521,16443,7826,602,8015,658,164,795,1803,33,625
1812,,43104,0,熊本市 南区,59985,46788,30975,1209,14604,2811,1412,4308,2815,58,1793,31702,23413,19633,471,3309,2006,1227,3353,715,5,983,28283,23375,11342,738,11295,805,185,955,2100,53,810
1813,,43105,0,熊本市 北区,66612,52874,34242,1730,16902,3077,1401,4646,2867,69,1678,35827,27225,22400,771,4054,2179,1151,3594,740,6,932,30785,25649,11842,959,12848,898,250,1052,2127,63,746
1814,,43202,2,八代市,59562,44096,29319,909,13868,2603,1778,5321,5058,37,669,31094,21805,18115,511,3179,1840,1510,4248,1307,6,378,28468,22291,11204,398,10689,763,268,1073,3751,31,291
1815,,43203,2,人吉市,15875,12164,8446,124,3594,885,426,1475,838,26,61,8197,5982,5066,64,852,603,331,1082,159,3,37,7678,6182,3380,60,2742,282,95,393,679,23,24
1816,,43204,2,荒尾市,22476,18702,12248,562,5892,787,490,1479,812,31,175,12070,9720,7831,315,1574,554,399,1107,181,3,106,10406,8982,4417,247,4318,233,91,372,631,28,69
1817,,43205,2,水俣市,11196,8972,5909,173,2890,433,259,1022,473,7,30,5966,4563,3721,103,739,317,201,757,109,1,18,5230,4409,2188,70,2151,116,58,265,364,6,12
1818,,43206,2,玉名市,31192,22707,15443,608,6656,1189,1133,2942,2985,27,209,16741,11522,9600,311,1611,846,1021,2447,774,2,129,14451,11185,5843,297,5045,343,112,495,2211,25,80
1819,,43208,2,山鹿市,25569,18217,11930,570,5717,985,653,3218,2352,72,72,13397,8965,7169,325,1471,687,532,2675,489,5,44,12172,9252,4761,245,4246,298,121,543,1863,67,28
1820,,43210,2,菊池市,23813,16974,11030,680,5264,921,574,2783,2332,39,190,12702,8511,6739,350,1422,660,478,2347,597,2,107,11111,8463,4291,330,3842,261,96,436,1735,37,83
1821,,43211,2,宇土市,17344,13848,9316,296,4236,639,418,1416,987,8,28,9326,7086,5994,139,953,474,351,1164,237,-,14,8018,6762,3322,157,3283,165,67,252,750,8,14
1822,,43212,2,上天草市,12147,8653,5709,121,2823,706,323,1473,908,17,67,6506,4262,3560,67,635,490,258,1190,266,-,40,5641,4391,2149,54,2188,216,65,283,642,17,27
1823,,43213,2,宇城市,28798,21141,13960,483,6698,1157,811,2929,2647,19,94,15211,10575,8665,236,1674,809,704,2401,667,-,55,13587,10566,5295,247,5024,348,107,528,1980,19,39
1824,,43214,2,阿蘇市,13516,9679,6631,249,2799,626,382,1654,1133,12,30,7100,4633,3794,115,724,453,331,1421,248,-,14,6416,5046,2837,134,2075,173,51,233,885,12,16
1825,,43215,2,天草市,37456,26945,18626,212,8107,1666,1170,4751,2832,56,36,19828,13015,10926,89,2000,1181,1014,3914,681,3,20,17628,13930,7700,123,6107,485,156,837,2151,53,16
1826,,43216,2,合志市,26416,22206,14594,833,6779,997,520,1571,930,24,168,14358,11685,9694,404,1587,735,421,1191,225,2,99,12058,10521,4900,429,5192,262,99,380,705,22,69
1827,,43348,3,美里町,4820,3464,2369,73,1022,159,117,723,349,3,5,2609,1700,1380,27,293,122,96,608,79,2,2,2211,1764,989,46,729,37,21,115,270,1,3
1828,,43364,3,玉東町,2679,1856,1187,53,616,76,68,360,314,4,1,1420,928,744,27,157,54,55,300,82,-,1,1259,928,443,26,459,22,13,60,232,4,-
1829,,43367,3,南関町,4678,3392,2269,83,1040,163,96,646,371,4,6,2579,1750,1449,44,257,119,78,550,81,-,1,2099,1642,820,39,783,44,18,96,290,4,5
1830,,43368,3,長洲町,7253,6026,4149,193,1684,244,164,484,267,17,51,4179,3396,2854,118,424,181,139,368,56,3,36,3074,2630,1295,75,1260,63,25,116,211,14,15
1831,,43369,3,和水町,4870,3348,2238,76,1034,163,133,730,471,6,19,2609,1624,1327,46,251,115,114,647,101,1,7,2261,1724,911,30,783,48,19,83,370,5,12
1832,,43403,3,大津町,16265,13533,8983,619,3931,545,247,1051,674,36,179,9146,7420,6223,367,830,389,210,868,155,1,103,7119,6113,2760,252,3101,156,37,183,519,35,76
1833,,43404,3,菊陽町,19246,16053,10868,667,4518,707,330,1097,679,13,367,10777,8737,7461,356,920,515,279,850,165,-,231,8469,7316,3407,311,3598,192,51,247,514,13,136
1834,,43423,3,南小国町,2310,1443,977,34,432,128,65,384,285,2,3,1235,711,584,16,111,81,55,326,59,-,3,1075,732,393,18,321,47,10,58,226,2,-
1835,,43424,3,小国町,3928,2541,1603,31,907,208,124,568,464,2,21,2063,1222,947,11,264,152,99,477,97,1,15,1865,1319,656,20,643,56,25,91,367,1,6
1836,,43425,3,産山村,822,418,291,3,124,32,27,203,142,-,-,470,220,188,2,30,20,26,176,28,-,-,352,198,103,1,94,12,1,27,114,-,-
1837,,43428,3,高森町,3157,2017,1278,51,688,156,88,472,405,9,10,1690,985,769,24,192,119,75,411,95,-,5,1467,1032,509,27,496,37,13,61,310,9,5
1838,,43432,3,西原村,3679,2555,1623,95,837,164,90,524,340,5,1,1984,1308,1080,51,177,113,77,423,62,-,1,1695,1247,543,44,660,51,13,101,278,5,-
1839,,43433,3,南阿蘇村,5399,3531,2216,98,1217,184,132,883,662,4,3,2897,1772,1360,50,362,132,110,747,133,1,2,2502,1759,856,48,855,52,22,136,529,3,1
1840,,43441,3,御船町,8436,6401,4101,177,2123,365,191,907,535,4,33,4476,3152,2582,77,493,275,153,779,97,-,20,3960,3249,1519,100,1630,90,38,128,438,4,13
1841,,43442,3,嘉島町,4421,3545,2469,73,1003,201,95,380,192,2,6,2437,1824,1556,32,236,146,87,324,53,-,3,1984,1721,913,41,767,55,8,56,139,2,3
1842,,43443,3,益城町,15749,12471,8125,359,3987,625,345,1363,859,20,66,8575,6438,5303,158,977,469,296,1139,193,1,39,7174,6033,2822,201,3010,156,49,224,666,19,27
1843,,43444,3,甲佐町,5219,3610,2367,87,1156,197,142,785,461,1,23,2784,1771,1450,39,282,148,125,640,92,-,8,2435,1839,917,48,874,49,17,145,369,1,15
1844,,43447,3,山都町,8166,4473,2953,90,1430,259,237,1668,1521,5,3,4398,2215,1765,28,422,193,212,1445,332,-,1,3768,2258,1188,62,1008,66,25,223,1189,5,2
1845,,43468,3,氷川町,5858,3611,2393,102,1116,185,212,803,1016,10,21,3104,1788,1467,36,285,132,183,675,310,3,13,2754,1823,926,66,831,53,29,128,706,7,8
1846,,43482,3,芦北町,7879,5814,3923,89,1802,302,197,933,628,3,2,4164,2862,2320,57,485,223,169,794,115,-,1,3715,2952,1603,32,1317,79,28,139,513,3,1
1847,,43484,3,津奈木町,2163,1591,997,18,576,57,69,282,162,2,-,1157,790,626,12,152,42,57,240,28,-,-,1006,801,371,6,424,15,12,42,134,2,-
1848,,43501,3,錦町,5533,4110,2889,85,1136,163,132,617,493,11,7,2872,2017,1715,48,254,115,117,504,113,3,3,2661,2093,1174,37,882,48,15,113,380,8,4
1849,,43505,3,多良木町,4907,3251,2241,70,940,228,125,733,558,10,2,2619,1620,1343,23,254,162,105,607,123,1,1,2288,1631,898,47,686,66,20,126,435,9,1
1850,,43506,3,湯前町,2000,1292,893,17,382,77,57,306,245,23,-,1036,634,516,4,114,54,46,247,50,5,-,964,658,377,13,268,23,11,59,195,18,-
1851,,43507,3,水上村,1057,689,504,12,173,25,21,191,131,-,-,566,359,310,5,44,18,17,144,28,-,-,491,330,194,7,129,7,4,47,103,-,-
1852,,43510,3,相良村,2263,1533,1083,16,434,76,55,347,246,2,4,1220,779,645,12,122,58,45,288,48,-,2,1043,754,438,4,312,18,10,59,198,2,2
1853,,43511,3,五木村,499,397,286,18,93,21,7,43,30,-,1,303,243,201,7,35,13,6,33,7,-,1,196,154,85,11,58,8,1,10,23,-,-
1854,,43512,3,山江村,1729,1292,849,38,405,27,31,244,129,1,5,888,619,509,18,92,21,26,196,22,-,4,841,673,340,20,313,6,5,48,107,1,1
1855,,43513,3,球磨村,1690,1318,920,10,388,34,26,195,109,2,6,915,681,563,4,114,26,20,169,17,-,2,775,637,357,6,274,8,6,26,92,2,4
1856,,43514,3,あさぎり町,7797,5254,3631,145,1478,285,213,1027,985,27,6,3960,2512,2074,53,385,201,182,806,255,2,2,3837,2742,1557,92,1093,84,31,221,730,25,4
1857,,43531,3,苓北町,3564,2520,1762,38,720,150,84,501,296,6,7,1945,1263,1057,8,198,115,74,421,66,-,6,1619,1257,705,30,522,35,10,80,230,6,1
1858,,44000,a,大分県,546167,421907,285422,9058,127427,25214,11957,43382,22664,468,20575,299519,220132,186415,4205,29512,18721,9673,34079,4232,42,12640,246648,201775,99007,4853,97915,6493,2284,9303,18432,426,7935
1859,,44201,2,大分市,225602,183322,124936,3946,54440,10744,3951,11648,4301,132,11504,125747,97767,84095,1556,12116,8064,3167,8675,818,13,7243,99855,85555,40841,2390,42324,2680,784,2973,3483,119,4261
1860,,44202,2,別府市,53212,41037,26570,877,13590,2693,1341,3272,1470,71,3328,27376,19937,16070,393,3474,1940,1028,2336,299,10,1826,25836,21100,10500,484,10116,753,313,936,1171,61,1502
1861,,44203,2,中津市,40534,31292,21183,1036,9073,1699,898,3000,1552,38,2055,22802,16906,14213,647,2046,1258,723,2339,253,1,1322,17732,14386,6970,389,7027,441,175,661,1299,37,733
1862,,44204,2,日田市,32880,24411,16626,343,7442,1660,1018,3167,2189,55,380,17581,12381,10500,165,1716,1195,862,2434,487,7,215,15299,12030,6126,178,5726,465,156,733,1702,48,165
1863,,44205,2,佐伯市,32003,24303,16589,351,7363,1677,911,2990,1588,18,516,17310,12341,10623,152,1566,1223,743,2327,349,1,326,14693,11962,5966,199,5797,454,168,663,1239,17,190
1864,,44206,2,臼杵市,17584,13617,9207,213,4197,837,468,1679,925,5,53,9646,7103,5994,103,1006,633,387,1338,153,-,32,7938,6514,3213,110,3191,204,81,341,772,5,21
1865,,44207,2,津久見市,7746,6043,4146,80,1817,380,170,780,289,2,82,4440,3330,2886,40,404,286,135,590,48,-,51,3306,2713,1260,40,1413,94,35,190,241,2,31
1866,,44208,2,竹田市,11424,6719,4515,52,2152,496,298,2234,1596,9,72,6097,3278,2665,18,595,370,265,1874,267,1,42,5327,3441,1850,34,1557,126,33,360,1329,8,30
1867,,44209,2,豊後高田市,10510,7576,5049,274,2253,448,327,1142,797,7,213,5721,3897,3235,156,506,317,271,921,183,-,132,4789,3679,1814,118,1747,131,56,221,614,7,81
1868,,44210,2,杵築市,13970,9846,6513,276,3057,481,316,1713,1042,14,558,7868,5206,4293,147,766,352,271,1454,202,3,380,6102,4640,2220,129,2291,129,45,259,840,11,178
1869,,44211,2,宇佐市,26214,19930,13452,550,5928,1147,645,2643,1375,29,445,14251,10250,8542,292,1416,857,508,2170,204,1,261,11963,9680,4910,258,4512,290,137,473,1171,28,184
1870,,44212,2,豊後大野市,17214,11737,8031,215,3491,634,358,2611,1576,8,290,9257,5895,4911,85,899,483,290,2198,223,2,166,7957,5842,3120,130,2592,151,68,413,1353,6,124
1871,,44213,2,由布市,16339,12420,8447,193,3780,707,311,1504,830,7,560,8880,6406,5423,91,892,520,244,1226,175,1,308,7459,6014,3024,102,2888,187,67,278,655,6,252
1872,,44214,2,国東市,13449,9383,6420,251,2712,511,287,1976,1069,32,191,7419,4828,4004,149,675,382,241,1685,159,1,123,6030,4555,2416,102,2037,129,46,291,910,31,68
1873,,44322,3,姫島村,883,589,325,4,260,13,42,147,90,1,1,469,284,221,4,59,11,30,123,20,-,1,414,305,104,-,201,2,12,24,70,1,-
1874,,44341,3,日出町,13514,10868,7383,262,3223,500,245,1107,565,18,211,7351,5644,4754,147,743,385,203,882,101,1,135,6163,5224,2629,115,2480,115,42,225,464,17,76
1875,,44461,3,九重町,4962,3069,2079,39,951,252,152,773,695,3,18,2745,1584,1336,19,229,188,133,671,159,-,10,2217,1485,743,20,722,64,19,102,536,3,8
1876,,44462,3,玖珠町,8127,5745,3951,96,1698,335,219,996,715,19,98,4559,3095,2650,41,404,257,172,836,132,-,67,3568,2650,1301,55,1294,78,47,160,583,19,31
1877,,45000,a,宮崎県,519210,395046,262254,9091,123701,21974,14753,47347,31548,566,7976,275313,198485,165458,3772,29255,15820,12353,37453,6561,57,4584,243897,196561,96796,5319,94446,6154,2400,9894,24987,509,3392
1878,,45201,2,宮崎市,187229,148104,96087,4104,47913,8649,4727,12980,7638,213,4918,98503,73957,60946,1610,11401,6262,3962,9960,1541,30,2791,88726,74147,35141,2494,36512,2387,765,3020,6097,183,2127
1879,,45202,2,都城市,77032,59894,40314,1210,18370,3152,2120,6715,4175,83,893,40927,30191,25628,517,4046,2240,1778,5403,795,6,514,36105,29703,14686,693,14324,912,342,1312,3380,77,379
1880,,45203,2,延岡市,55997,44328,30420,1074,12834,2565,1524,4612,2152,25,791,30048,22673,19263,425,2985,1801,1198,3468,429,4,475,25949,21655,11157,649,9849,764,326,1144,1723,21,316
1881,,45204,2,日南市,23958,18759,12758,336,5665,1024,757,1912,1328,16,162,12896,9688,8086,125,1477,756,625,1449,289,1,88,11062,9071,4672,211,4188,268,132,463,1039,15,74
1882,,45205,2,小林市,22741,15484,10450,225,4809,898,634,3160,2205,50,310,11775,7437,6253,99,1085,636,547,2567,407,5,176,10966,8047,4197,126,3724,262,87,593,1798,45,134
1883,,45206,2,日向市,29446,23181,15567,530,7084,1373,886,2368,1303,25,310,15696,11746,9811,262,1673,984,709,1751,301,2,203,13750,11435,5756,268,5411,389,177,617,1002,23,107
1884,,45207,2,串間市,8789,5745,3867,51,1827,308,337,1218,1162,11,8,4623,2827,2339,20,468,214,288,1031,255,1,7,4166,2918,1528,31,1359,94,49,187,907,10,1
1885,,45208,2,西都市,14928,9557,6225,178,3154,471,553,2016,2124,40,167,7850,4709,3818,86,805,361,489,1695,494,7,95,7078,4848,2407,92,2349,110,64,321,1630,33,72
1886,,45209,2,えびの市,9291,6126,4165,130,1831,395,252,1447,989,24,58,4983,3084,2552,74,458,277,226,1192,172,1,31,4308,3042,1613,56,1373,118,26,255,817,23,27
1887,,45341,3,三股町,11927,9704,6463,171,3070,445,256,974,478,23,47,6274,4847,4132,57,658,325,217,769,93,-,23,5653,4857,2331,114,2412,120,39,205,385,23,24
1888,,45361,3,高原町,4653,3109,2111,51,947,145,109,793,485,4,8,2498,1540,1273,29,238,103,91,660,98,-,6,2155,1569,838,22,709,42,18,133,387,4,2
1889,,45382,3,国富町,9836,6715,4189,192,2334,398,283,1284,1049,5,102,5088,3211,2602,102,507,278,247,1100,197,-,55,4748,3504,1587,90,1827,120,36,184,852,5,47
1890,,45383,3,綾町,3687,2491,1501,49,941,141,116,560,376,1,2,1939,1231,954,27,250,106,98,433,70,-,1,1748,1260,547,22,691,35,18,127,306,1,1
1891,,45401,3,高鍋町,9849,7579,4933,176,2470,370,313,859,603,7,118,5157,3813,3074,85,654,261,231,641,137,-,74,4692,3766,1859,91,1816,109,82,218,466,7,44
1892,,45402,3,新富町,9095,6680,4522,117,2041,275,306,946,873,5,10,5113,3632,3086,56,490,207,267,785,215,-,7,3982,3048,1436,61,1551,68,39,161,658,5,3
1893,,45403,3,西米良村,550,371,251,3,117,17,21,97,44,-,-,290,180,155,1,24,12,18,72,8,-,-,260,191,96,2,93,5,3,25,36,-,-
1894,,45404,3,木城町,2557,1827,1190,27,610,83,85,328,231,3,-,1350,898,728,8,162,57,72,269,54,-,-,1207,929,462,19,448,26,13,59,177,3,-
1895,,45405,3,川南町,8271,5516,3653,135,1728,251,341,1123,1020,3,17,4396,2688,2237,58,393,192,307,932,267,-,10,3875,2828,1416,77,1335,59,34,191,753,3,7
1896,,45406,3,都農町,5074,3329,2187,80,1062,139,286,617,685,3,15,2682,1636,1327,27,282,107,255,501,174,-,9,2392,1693,860,53,780,32,31,116,511,3,6
1897,,45421,3,門川町,8602,6822,4588,160,2074,375,268,687,419,8,23,4515,3363,2849,65,449,269,228,544,101,-,10,4087,3459,1739,95,1625,106,40,143,318,8,13
1898,,45429,3,諸塚村,970,615,454,11,150,33,19,184,115,-,4,548,339,310,4,25,23,15,151,17,-,3,422,276,144,7,125,10,4,33,98,-,1
1899,,45430,3,椎葉村,1441,870,684,6,180,56,40,283,190,-,2,897,530,471,2,57,39,38,247,42,-,1,544,340,213,4,123,17,2,36,148,-,1
1900,,45431,3,美郷町,2614,1617,1067,33,517,56,269,362,304,-,6,1492,853,681,18,154,44,246,292,57,-,-,1122,764,386,15,363,12,23,70,247,-,6
1901,,45441,3,高千穂町,6531,4187,2921,23,1243,234,161,1015,920,11,3,3513,2144,1831,8,305,177,122,870,197,-,3,3018,2043,1090,15,938,57,39,145,723,11,-
1902,,45442,3,日之影町,2160,1252,865,14,373,73,45,422,362,4,2,1172,664,541,5,118,53,36,337,80,-,2,988,588,324,9,255,20,9,85,282,4,-
1903,,45443,3,五ヶ瀬町,1982,1184,822,5,357,48,45,385,318,2,-,1088,604,511,2,91,36,43,334,71,-,-,894,580,311,3,266,12,2,51,247,2,-
1904,,46000,a,鹿児島県,753855,584531,380052,9397,195082,33515,17729,71323,36824,840,9093,403712,296662,244597,4044,48021,24085,14605,56427,6631,69,5233,350143,287869,135455,5353,147061,9430,3124,14896,30193,771,3860
1905,,46201,2,鹿児島市,269760,221872,142981,4460,74431,14051,5378,16114,6062,294,5989,141929,110881,91279,1526,18076,10163,4435,11982,1055,33,3380,127831,110991,51702,2934,56355,3888,943,4132,5007,261,2609
1906,,46203,2,鹿屋市,46522,35790,24395,523,10872,1936,1198,4145,2565,76,812,25222,18518,15706,258,2554,1377,1005,3372,452,3,495,21300,17272,8689,265,8318,559,193,773,2113,73,317
1907,,46204,2,枕崎市,10263,7864,5015,84,2765,415,320,976,668,7,13,5236,3797,3135,34,628,293,259,741,137,1,8,5027,4067,1880,50,2137,122,61,235,531,6,5
1908,,46206,2,阿久根市,9892,7321,4827,69,2425,417,287,1171,668,17,11,5262,3663,3006,32,625,295,231,944,121,2,6,4630,3658,1821,37,1800,122,56,227,547,15,5
1909,,46208,2,出水市,25270,19077,12661,256,6160,1079,726,2659,1623,55,51,13371,9555,7880,128,1547,764,593,2112,310,9,28,11899,9522,4781,128,4613,315,133,547,1313,46,23
1910,,46210,2,指宿市,20282,13641,8721,96,4824,838,705,2900,2081,12,105,10342,6400,5186,46,1168,585,608,2331,353,1,64,9940,7241,3535,50,3656,253,97,569,1728,11,41
1911,,46213,2,西之表市,8318,5278,3420,43,1815,306,274,1557,885,1,17,4451,2649,2151,21,477,218,228,1212,136,-,8,3867,2629,1269,22,1338,88,46,345,749,1,9
1912,,46214,2,垂水市,7040,5037,3280,53,1704,390,159,931,510,10,3,3774,2533,2138,20,375,246,131,771,90,-,3,3266,2504,1142,33,1329,144,28,160,420,10,-
1913,,46215,2,薩摩川内市,44892,36492,24602,431,11459,1830,962,3577,1673,21,337,24980,19610,16734,202,2674,1314,763,2782,304,2,205,19912,16882,7868,229,8785,516,199,795,1369,19,132
1914,,46216,2,日置市,21683,17585,11249,279,6057,907,478,1823,828,27,35,11616,8950,7271,131,1548,665,394,1425,162,1,19,10067,8635,3978,148,4509,242,84,398,666,26,16
1915,,46217,2,曽於市,17269,11926,8006,203,3717,559,453,2653,1583,17,78,9278,5993,5025,92,876,390,403,2161,286,1,44,7991,5933,2981,111,2841,169,50,492,1297,16,34
1916,,46218,2,霧島市,55705,45913,30080,890,14943,1934,1071,4022,1877,62,826,30093,23844,19981,535,3328,1382,898,3122,363,3,481,25612,22069,10099,355,11615,552,173,900,1514,59,345
1917,,46219,2,いちき串木野市,13289,10671,6751,137,3783,657,262,1156,494,12,37,7136,5444,4404,87,953,473,209,898,92,-,20,6153,5227,2347,50,2830,184,53,258,402,12,17
1918,,46220,2,南さつま市,15044,11759,7718,134,3907,572,326,1519,822,8,38,8128,6011,4894,65,1052,420,279,1251,143,-,24,6916,5748,2824,69,2855,152,47,268,679,8,14
1919,,46221,2,志布志市,15268,10772,7206,131,3435,630,421,1919,1466,7,53,8131,5418,4537,55,826,477,357,1579,262,-,38,7137,5354,2669,76,2609,153,64,340,1204,7,15
1920,,46222,2,奄美市,19548,15316,9660,143,5513,1036,638,1750,635,64,109,10479,7821,6256,57,1508,741,461,1242,137,4,73,9069,7495,3404,86,4005,295,177,508,498,60,36
1921,,46223,2,南九州市,17419,11607,7507,126,3974,763,543,2515,1947,12,32,9291,5743,4614,70,1059,550,479,2101,398,2,18,8128,5864,2893,56,2915,213,64,414,1549,10,14
1922,,46224,2,伊佐市,12391,9126,6168,166,2792,497,268,1584,850,32,34,6644,4632,3827,97,708,345,218,1299,129,2,19,5747,4494,2341,69,2084,152,50,285,721,30,15
1923,,46225,2,姶良市,33105,27948,17909,483,9556,1196,530,2305,829,26,271,17673,14333,11864,232,2237,859,425,1764,136,2,154,15432,13615,6045,251,7319,337,105,541,693,24,117
1924,,46303,3,三島村,195,133,87,1,45,2,1,49,10,-,-,129,87,67,-,20,2,1,38,1,-,-,66,46,20,1,25,-,-,11,9,-,-
1925,,46304,3,十島村,385,224,133,-,91,3,3,115,40,-,-,258,155,108,-,47,3,1,96,3,-,-,127,69,25,-,44,-,2,19,37,-,-
1926,,46392,3,さつま町,11150,7877,5376,157,2344,448,263,1621,907,10,24,6001,3948,3328,103,517,314,203,1362,154,1,19,5149,3929,2048,54,1827,134,60,259,753,9,5
1927,,46404,3,長島町,5746,3196,2086,31,1079,259,118,1223,921,7,22,3189,1607,1287,12,308,185,110,1078,198,-,11,2557,1589,799,19,771,74,8,145,723,7,11
1928,,46452,3,湧水町,4417,3210,1996,56,1158,169,111,602,311,8,6,2379,1624,1301,31,292,124,97,491,41,1,1,2038,1586,695,25,866,45,14,111,270,7,5
1929,,46468,3,大崎町,6572,4528,3045,43,1440,268,191,1001,568,6,10,3518,2254,1873,21,360,193,155,816,93,-,7,3054,2274,1172,22,1080,75,36,185,475,6,3
1930,,46482,3,東串良町,3249,1976,1333,14,629,119,150,545,455,1,3,1721,955,812,7,136,88,127,466,84,-,1,1528,1021,521,7,493,31,23,79,371,1,2
1931,,46490,3,錦江町,3533,2020,1355,16,649,113,131,733,520,1,15,1966,1009,840,8,161,83,115,647,107,-,5,1567,1011,515,8,488,30,16,86,413,1,10
1932,,46491,3,南大隅町,3443,2073,1339,21,713,118,96,781,368,5,2,1965,1065,865,13,187,90,86,663,59,-,2,1478,1008,474,8,526,28,10,118,309,5,-
1933,,46492,3,肝付町,6878,4985,3310,84,1591,284,166,876,517,6,44,3841,2633,2156,41,436,212,143,710,117,-,26,3037,2352,1154,43,1155,72,23,166,400,6,18
1934,,46501,3,中種子町,4466,2554,1609,29,916,157,133,982,638,-,2,2415,1352,1106,11,235,110,108,795,48,-,2,2051,1202,503,18,681,47,25,187,590,-,-
1935,,46502,3,南種子町,3297,1996,1229,39,728,126,111,631,424,1,8,1877,1147,903,13,231,84,87,511,43,-,5,1420,849,326,26,497,42,24,120,381,1,3
1936,,46505,3,屋久島町,6485,4458,2696,48,1714,343,272,930,472,1,9,3588,2288,1774,24,490,240,221,741,94,-,4,2897,2170,922,24,1224,103,51,189,378,1,5
1937,,46523,3,大和村,576,487,288,5,194,15,5,43,22,-,4,353,295,209,4,82,10,3,33,8,-,4,223,192,79,1,112,5,2,10,14,-,-
1938,,46524,3,宇検村,744,582,336,3,243,31,16,83,29,-,3,410,305,227,-,78,25,12,61,5,-,2,334,277,109,3,165,6,4,22,24,-,1
1939,,46525,3,瀬戸内町,3773,2817,1747,35,1035,158,124,449,168,7,50,2116,1537,1184,19,334,114,90,305,40,-,30,1657,1280,563,16,701,44,34,144,128,7,20
1940,,46527,3,龍郷町,2517,1982,1220,15,747,98,74,273,80,10,-,1346,998,770,9,219,65,63,204,16,-,-,1171,984,450,6,528,33,11,69,64,10,-
1941,,46529,3,喜界町,3505,2353,1350,11,992,105,105,628,306,7,1,2021,1294,1006,3,285,74,80,533,40,-,-,1484,1059,344,8,707,31,25,95,266,7,1
1942,,46530,3,徳之島町,4986,3429,2154,24,1251,199,164,894,289,2,9,2864,1779,1409,8,362,140,119,751,68,1,6,2122,1650,745,16,889,59,45,143,221,1,3
1943,,46531,3,天城町,2754,1625,899,18,708,93,85,653,277,1,20,1641,862,639,9,214,68,71,561,64,-,15,1113,763,260,9,494,25,14,92,213,1,5
1944,,46532,3,伊仙町,2716,1581,963,7,611,70,69,776,214,-,6,1662,815,610,6,199,57,52,693,42,-,3,1054,766,353,1,412,13,17,83,172,-,3
1945,,46533,3,和泊町,3643,2050,1244,9,797,148,142,808,494,-,1,2047,1037,810,4,223,110,125,677,97,-,1,1596,1013,434,5,574,38,17,131,397,-,-
1946,,46534,3,知名町,3040,1855,1192,13,650,111,109,628,337,-,-,1777,1012,823,5,184,84,82,536,63,-,-,1263,843,369,8,466,27,27,92,274,-,-
1947,,46535,3,与論町,2825,1545,909,11,625,65,91,723,391,7,3,1592,809,602,5,202,53,78,570,80,-,2,1233,736,307,6,423,12,13,153,311,7,1
1948,,47000,a,沖縄県,589634,452051,277117,14323,160611,17743,17146,46011,16774,481,39428,324924,235418,179158,5975,50285,13866,13521,34606,4621,55,22837,264710,216633,97959,8348,110326,3877,3625,11405,12153,426,16591
1949,,47201,2,那覇市,127621,99609,61002,3852,34755,4915,3180,7018,2324,113,10462,69411,51912,39563,1483,10866,3803,2409,4697,546,15,6029,58210,47697,21439,2369,23889,1112,771,2321,1778,98,4433
1950,,47205,2,宜野湾市,37853,29887,18492,1047,10348,1253,987,2061,613,25,3027,20493,15312,11742,439,3131,989,778,1473,153,4,1784,17360,14575,6750,608,7217,264,209,588,460,21,1243
1951,,47207,2,石垣市,22711,16123,9784,331,6008,802,866,2656,1223,48,993,12674,8479,6379,144,1956,605,661,2036,307,1,585,10037,7644,3405,187,4052,197,205,620,916,47,408
1952,,47208,2,浦添市,46104,36116,22497,1353,12266,1604,1142,2442,736,29,4035,24843,18424,14312,520,3592,1278,895,1719,202,2,2323,21261,17692,8185,833,8674,326,247,723,534,27,1712
1953,,47209,2,名護市,25651,19309,11466,619,7224,623,768,2192,812,17,1930,13829,9808,7178,261,2369,482,585,1634,232,2,1086,11822,9501,4288,358,4855,141,183,558,580,15,844
1954,,47210,2,糸満市,26320,21105,12949,568,7588,630,781,2434,841,17,512,14811,11214,8629,226,2359,494,643,1919,233,-,308,11509,9891,4320,342,5229,136,138,515,608,17,204
1955,,47211,2,沖縄市,49997,37965,23236,1135,13594,1314,1387,2989,971,39,5332,27198,19620,14975,520,4125,1018,1115,2071,270,4,3100,22799,18345,8261,615,9469,296,272,918,701,35,2232
1956,,47212,2,豊見城市,25085,19487,12489,566,6432,792,642,1524,614,24,2002,13670,10038,7987,217,1834,618,509,1167,178,4,1156,11415,9449,4502,349,4598,174,133,357,436,20,846
1957,,47213,2,うるま市,45519,34735,20909,1123,12703,970,1379,3042,1105,27,4261,25632,18624,13908,549,4167,753,1121,2278,365,5,2486,19887,16111,7001,574,8536,217,258,764,740,22,1775
1958,,47214,2,宮古島市,23297,14921,9539,227,5155,693,836,4119,1571,16,1141,13127,7570,5999,87,1484,528,660,3337,365,1,666,10170,7351,3540,140,3671,165,176,782,1206,15,475
1959,,47215,2,南城市,18617,14561,9061,417,5083,486,626,1897,717,7,323,10478,7625,5853,189,1583,394,522,1523,217,-,197,8139,6936,3208,228,3500,92,104,374,500,7,126
1960,,47301,3,国頭村,2266,1692,957,31,704,46,69,332,122,-,5,1295,894,623,10,261,35,51,276,34,-,5,971,798,334,21,443,11,18,56,88,-,-
1961,,47302,3,大宜味村,1384,904,484,18,402,33,34,307,92,12,2,825,493,311,7,175,26,28,254,22,-,2,559,411,173,11,227,7,6,53,70,12,-
1962,,47303,3,東村,937,545,270,14,261,18,38,238,92,-,6,564,296,166,9,121,15,30,200,17,-,6,373,249,104,5,140,3,8,38,75,-,-
1963,,47306,3,今帰仁村,4303,2729,1530,72,1127,82,194,762,416,-,120,2475,1383,942,26,415,65,161,636,160,-,70,1828,1346,588,46,712,17,33,126,256,-,50
1964,,47308,3,本部町,6241,4610,2527,90,1993,187,254,793,332,3,62,3512,2436,1698,39,699,147,187,599,103,-,40,2729,2174,829,51,1294,40,67,194,229,3,22
1965,,47311,3,恩納村,5242,3887,2407,114,1366,106,193,674,342,2,38,3115,2134,1641,57,436,85,158,562,150,-,26,2127,1753,766,57,930,21,35,112,192,2,12
1966,,47313,3,宜野座村,2641,1948,1109,51,788,50,95,410,126,-,12,1431,965,698,21,246,41,76,315,28,-,6,1210,983,411,30,542,9,19,95,98,-,6
1967,,47314,3,金武町,4608,3710,2210,128,1372,84,125,455,186,3,45,2573,1964,1453,66,445,63,101,359,57,-,29,2035,1746,757,62,927,21,24,96,129,3,16
1968,,47315,3,伊江村,2287,1185,680,14,491,44,176,510,363,-,9,1341,649,472,4,173,30,149,396,111,-,6,946,536,208,10,318,14,27,114,252,-,3
1969,,47324,3,読谷村,16034,12564,7551,384,4629,378,458,1087,365,24,1158,8790,6539,4913,193,1433,300,359,796,116,5,675,7244,6025,2638,191,3196,78,99,291,249,19,483
1970,,47325,3,嘉手納町,5403,4019,2355,137,1527,175,163,413,106,2,525,2966,2102,1571,68,463,136,112,284,29,1,302,2437,1917,784,69,1064,39,51,129,77,1,223
1971,,47326,3,北谷町,10676,8113,4918,272,2923,413,316,678,222,12,922,5675,4063,3129,113,821,308,253,476,57,1,517,5001,4050,1789,159,2102,105,63,202,165,11,405
1972,,47327,3,北中城村,6249,4922,3061,134,1727,196,222,404,166,3,336,3472,2589,2000,61,528,157,186,304,39,-,197,2777,2333,1061,73,1199,39,36,100,127,3,139
1973,,47328,3,中城村,8801,7331,4588,187,2556,253,219,572,206,6,214,4852,3841,2927,74,840,199,176,460,56,-,120,3949,3490,1661,113,1716,54,43,112,150,6,94
1974,,47329,3,西原町,14556,12078,7195,394,4489,385,396,890,282,8,517,8051,6333,4682,152,1499,315,333,690,69,2,309,6505,5745,2513,242,2990,70,63,200,213,6,208
1975,,47348,3,与那原町,7974,6636,4200,200,2236,215,229,464,174,4,252,4278,3400,2657,76,667,177,179,332,49,3,138,3696,3236,1543,124,1569,38,50,132,125,1,114
1976,,47350,3,南風原町,16390,13294,8622,401,4271,436,444,1041,403,23,749,8861,6795,5399,152,1244,346,357,808,127,2,426,7529,6499,3223,249,3027,90,87,233,276,21,323
1977,,47353,3,渡嘉敷村,442,335,191,2,142,13,29,38,27,-,-,279,205,127,1,77,11,24,31,8,-,-,163,130,64,1,65,2,5,7,19,-,-
1978,,47354,3,座間味村,528,305,164,4,137,19,51,91,62,-,-,309,169,102,1,66,16,40,72,12,-,-,219,136,62,3,71,3,11,19,50,-,-
1979,,47355,3,粟国村,363,286,160,5,121,2,10,45,15,-,5,259,206,127,3,76,2,8,37,2,-,4,104,80,33,2,45,-,2,8,13,-,1
1980,,47356,3,渡名喜村,273,232,130,-,102,4,5,32,-,-,-,205,168,109,-,59,4,4,29,-,-,-,68,64,21,-,43,-,1,3,-,-,-
1981,,47357,3,南大東村,853,598,337,10,251,27,30,147,50,-,1,606,418,272,10,136,23,18,130,16,-,1,247,180,65,-,115,4,12,17,34,-,-
1982,,47358,3,北大東村,420,333,179,-,154,3,17,59,8,-,-,304,239,146,-,93,3,11,49,2,-,-,116,94,33,-,61,-,6,10,6,-,-
1983,,47359,3,伊平屋村,623,458,236,11,211,19,24,97,23,-,2,380,252,170,6,76,17,19,90,1,-,1,243,206,66,5,135,2,5,7,22,-,1
1984,,47360,3,伊是名村,739,525,289,8,228,15,26,136,36,-,1,471,311,197,4,110,13,19,119,9,-,-,268,214,92,4,118,2,7,17,27,-,1
1985,,47361,3,久米島町,3918,2430,1455,44,931,89,157,962,260,1,19,2435,1312,969,29,314,69,121,831,87,-,15,1483,1118,486,15,617,20,36,131,173,1,4
1986,,47362,3,八重瀬町,12432,9912,6224,275,3413,268,370,1214,407,7,254,6829,5045,3948,116,981,223,304,1012,110,1,134,5603,4867,2276,159,2432,45,66,202,297,6,120
1987,,47375,3,多良間村,621,296,193,2,101,17,17,202,83,-,6,392,164,132,2,30,14,14,175,21,-,4,229,132,61,-,71,3,3,27,62,-,2
1988,,47381,3,竹富町,2338,1362,721,73,568,49,141,397,236,3,150,1290,693,457,32,204,37,112,311,53,-,84,1048,669,264,41,364,12,29,86,183,3,66
1989,,47382,3,与那国町,1317,994,750,10,234,35,50,187,45,6,-,923,734,595,8,131,27,33,119,8,2,-,394,260,155,2,103,8,17,68,37,4,-